PlayerId,ShotId,Shot.Type,hand,is_make,feat_1,orig_1,rec_1,delta_1,feat_2,orig_2,rec_2,delta_2,feat_3,orig_3,rec_3,delta_3,feat_4,orig_4,rec_4,delta_4,feat_5,orig_5,rec_5,delta_5
Player 98,11731,Off the Dribble,Left,3,BallVeloRelease,4.239,5.086,0.848,ankleTotalROMAvg,-7.755,-9.305,-1.551,TorsoVeloPostHitch,0.148,0.648,0.5,BallVeloPostHitch__zwithin,-3.077,-2.462,0.615,BallVeloRelease__zwithin,-2.962,-2.37,0.592
Player 98,11732,Catch and Shoot,Left,3,BallVeloRelease,4.317,5.181,0.863,ankleTotalROMAvg,-11.154,-13.385,-2.231,TorsoVeloPostHitch,0.335,0.835,0.5,BallVeloRelease__zwithin,-2.836,-2.269,0.567,maxTorsoExtensionPreHitch,3.061,-4.185,-7.245
Player 98,11733,Off the Dribble,Left,3,BallVeloRelease,4.836,5.803,0.967,BallVeloRelease__zwithin,-2.01,-1.51,0.5,HipAlignmentPostHitch__zwithin,1.33,1.064,-0.266,HipAlignmentRelease__zwithin,1.188,0.95,-0.238,KneeTotalROMAvg,26.636,31.963,5.327
Player 98,11734,Catch and Shoot,Left,4,BallVeloRelease,5.115,6.138,1.023,BallVeloRelease__zwithin,-1.566,-1.066,0.5,maxTorsoFlexionPreHitch__zwithin,-1.685,-0.106,1.58,TorsoVeloRelease__zwithin,-2.501,-2.001,0.5,ElbowFlexionAtT0NonDominant,48.981,60.981,12.0
Player 98,11735,Catch and Shoot,Left,4,maxShoulderExtensionDominantHitch,5.274,17.274,12.0,Max.Ball.Released..Away.from.body.,0.851,0.681,-0.17,timeToMaxAnkleDorsiflexionDomDiffHitch,0.525,0.42,-0.105,Max.Ball.Released..Away.from.body.__zwithin,1.788,1.43,-0.358,ElbowFlexionAtT0NonDominant,9.795,21.795,12.0
Player 98,11736,Catch and Shoot,Left,3,BallVeloRelease,4.526,5.431,0.905,Max.Ball.Released..Away.from.body.,0.941,0.753,-0.188,maxShoulderExtensionDominantHitch,4.265,16.265,12.0,maxAnklePlantarflexionDomDiffHitch,27.46,21.968,-5.492,BallVeloRelease__zwithin,-2.504,-2.003,0.501
Player 98,11737,Catch and Shoot,Left,4,BallVeloRelease,5.162,6.195,1.032,ElbowFlexionAtT0Dominant,16.072,28.072,12.0,maxShoulderExtensionDominantHitch,0.227,12.227,12.0,Max.Ball.Released..Away.from.body.,0.98,0.784,-0.196,BallVeloRelease__zwithin,-1.49,-0.99,0.5
Player 98,11738,Off the Dribble,Left,4,BallVeloRelease,4.666,5.599,0.933,FeetAlignmentRelease,-160.324,-128.259,32.065,BallVeloRelease__zwithin,-2.281,-1.781,0.5,timeToMaxShoulderExtensionDomDiffPreHitch,-0.117,0.0,0.117,TorsoVeloRelease__zwithin,-1.852,-1.352,0.5
Player 98,11739,Catch and Shoot,Left,4,BallVeloRelease,5.012,6.014,1.002,maxShoulderExtensionDominantHitch,-5.901,6.099,12.0,Max.Ball.Released..Away.from.body.,0.963,0.77,-0.193,maxAnklePlantarflexionDomDiffHitch,30.803,24.642,-6.161,FeetAlignmentRelease,-106.616,-85.293,21.323
Player 98,11740,Catch and Shoot,Left,4,BallVeloRelease,4.999,5.998,1.0,ElbowFlexionAtT0Dominant,11.566,23.566,12.0,maxShoulderFlexionNonDominantPreHitch,14.806,26.806,12.0,maxShoulderExtensionDominantHitch,-7.193,4.807,12.0,Max.Ball.Released..Away.from.body.,0.916,0.733,-0.183
Player 98,11741,Off the Dribble,Left,4,BallVeloRelease,5.073,6.057,0.984,ElbowFlexionAtT0Dominant,19.797,31.798,12.0,Max.Ball.Released..Away.from.body.,0.912,0.729,-0.182,maxShoulderExtensionDominantHitch,7.161,19.161,12.0,BallVeloRelease__zwithin,-1.633,-1.133,0.5
Player 98,11762,Off the Dribble,Left,4,HipAlignmentRelease__zwithin,1.286,1.029,-0.257,HipAlignmentPreHitch__zwithin,1.278,1.022,-0.256,HipAlignmentPostHitch__zwithin,1.357,1.085,-0.271,ShoulderAlignmentPostHitch__zwithin,1.216,0.973,-0.243,timeToMaxShoulderExtensionNonDominantPreHitch__zwithin,-0.956,-0.419,0.537
Player 98,11763,Off the Dribble,Left,4,HipAlignmentRelease__zwithin,1.305,1.044,-0.261,HipAlignmentPreHitch__zwithin,1.334,1.067,-0.267,HipAlignmentPostHitch__zwithin,1.37,1.096,-0.274,maxKneeExtensionAvgPostHitch,-24.039,-23.193,0.846,KneeTotalROMAvg,41.439,49.727,8.288
Player 98,11764,Off the Dribble,Left,4,BallVeloRelease,4.204,5.044,0.841,HipAlignmentRelease__zwithin,1.257,1.005,-0.251,HipAlignmentPreHitch__zwithin,1.313,1.05,-0.263,TorsoVeloRelease,1.725,1.285,-0.44,HipAlignmentPostHitch__zwithin,1.316,1.053,-0.263
Player 98,11765,Off the Dribble,Left,4,HipAlignmentRelease__zwithin,1.336,1.069,-0.267,HipAlignmentPreHitch__zwithin,1.315,1.052,-0.263,HipAlignmentPostHitch__zwithin,1.366,1.093,-0.273,maxKneeExtensionAvgPostHitch,-21.5,-23.193,-1.693,ShoulderAlignmentPostHitch__zwithin,1.302,1.042,-0.26
Player 98,11766,Off the Dribble,Left,4,HipAlignmentRelease__zwithin,1.149,0.919,-0.23,HipAlignmentPreHitch__zwithin,1.255,1.004,-0.251,HipAlignmentPostHitch__zwithin,1.438,1.15,-0.288,ShoulderAlignmentPostHitch__zwithin,1.268,1.014,-0.254,maxKneeExtensionAvgPostHitch,-24.114,-23.193,0.921
Player 98,11767,Off the Dribble,Left,4,HipAlignmentRelease__zwithin,1.29,1.032,-0.258,HipAlignmentPreHitch__zwithin,1.363,1.09,-0.273,HipAlignmentPostHitch__zwithin,1.404,1.123,-0.281,maxKneeExtensionAvgPostHitch,-23.518,-23.193,0.325,ShoulderAlignmentPostHitch__zwithin,1.246,0.997,-0.249
Player 98,11768,Off the Dribble,Left,4,HipAlignmentRelease__zwithin,1.283,1.027,-0.257,HipAlignmentPostHitch__zwithin,1.43,1.144,-0.286,HipAlignmentPreHitch__zwithin,1.371,1.097,-0.274,ShoulderAlignmentPostHitch__zwithin,1.255,1.004,-0.251,timeToMaxShoulderExtensionNonDominantPreHitch__zwithin,-0.956,-0.419,0.537
Player 98,11769,Off the Dribble,Left,4,HipAlignmentRelease__zwithin,1.221,0.976,-0.244,HipAlignmentPostHitch__zwithin,1.409,1.127,-0.282,HipAlignmentPreHitch__zwithin,1.351,1.081,-0.27,BallVeloRelease,5.875,6.057,0.182,KneeTotalROMAvg,39.698,47.638,7.94
Player 98,11770,Off the Dribble,Left,4,HipAlignmentRelease__zwithin,1.291,1.033,-0.258,HipAlignmentPostHitch__zwithin,1.426,1.141,-0.285,HipAlignmentPreHitch__zwithin,1.343,1.074,-0.269,maxKneeExtensionAvgPostHitch,-23.848,-23.193,0.654,timeToMaxShoulderExtensionNonDominantPreHitch__zwithin,-0.915,-0.419,0.496
Player 98,11771,Off the Dribble,Left,4,HipAlignmentRelease__zwithin,1.291,1.032,-0.258,HipAlignmentPreHitch__zwithin,1.241,0.993,-0.248,HipAlignmentPostHitch__zwithin,1.429,1.143,-0.286,ShoulderAlignmentPostHitch__zwithin,1.299,1.039,-0.26,timeToMaxElbowExtensionNonDominantPostHitch,0.408,0.658,0.25
Player 98,11772,Off the Dribble,Left,4,HipAlignmentRelease__zwithin,1.188,0.951,-0.238,HipAlignmentPreHitch__zwithin,1.278,1.023,-0.256,HipAlignmentPostHitch__zwithin,1.367,1.094,-0.273,ShoulderAlignmentPostHitch__zwithin,1.324,1.06,-0.265,maxKneeExtensionAvgPostHitch,-25.951,-23.193,2.758
Player 98,11773,Off the Dribble,Left,4,HipAlignmentRelease__zwithin,1.307,1.046,-0.261,HipAlignmentPreHitch__zwithin,1.248,0.998,-0.25,HipAlignmentPostHitch__zwithin,1.355,1.084,-0.271,ShoulderAlignmentPostHitch__zwithin,1.34,1.072,-0.268,timeToMaxShoulderExtensionNonDominantPreHitch__zwithin,-0.993,-0.419,0.574
Player 98,11774,Catch and Shoot,Left,4,BallVeloRelease,5.391,6.32,0.929,HipAlignmentRelease__zwithin,1.241,0.993,-0.248,HipAlignmentPreHitch__zwithin,1.326,1.061,-0.265,HipAlignmentPostHitch__zwithin,1.406,1.125,-0.281,KneeTotalROMAvg,39.703,47.644,7.941
Player 98,11775,Off the Dribble,Left,4,HipAlignmentRelease__zwithin,1.224,0.979,-0.245,HipAlignmentPreHitch__zwithin,1.262,1.01,-0.252,HipAlignmentPostHitch__zwithin,1.36,1.088,-0.272,ShoulderAlignmentPostHitch__zwithin,1.229,0.984,-0.246,maxKneeExtensionAvgPostHitch,-21.169,-23.193,-2.024
Player 98,11776,Off the Dribble,Left,4,HipAlignmentRelease__zwithin,1.255,1.004,-0.251,HipAlignmentPostHitch__zwithin,1.404,1.123,-0.281,HipAlignmentPreHitch__zwithin,1.313,1.05,-0.263,timeToMaxKneeExtensionNonDominantPostHitch,0.383,0.642,0.259,ShoulderAlignmentPostHitch__zwithin,1.312,1.05,-0.262
Player 98,11777,Off the Dribble,Left,4,HipAlignmentRelease__zwithin,1.329,1.063,-0.266,HipAlignmentPreHitch__zwithin,1.315,1.052,-0.263,HipAlignmentPostHitch__zwithin,1.363,1.091,-0.273,maxKneeExtensionAvgPostHitch,-23.432,-23.193,0.239,ShoulderAlignmentPostHitch__zwithin,1.297,1.037,-0.259
Player 98,11778,Off the Dribble,Left,4,HipAlignmentRelease__zwithin,1.271,1.016,-0.254,HipAlignmentPostHitch__zwithin,1.425,1.14,-0.285,HipAlignmentPreHitch__zwithin,1.378,1.103,-0.276,ShoulderAlignmentPostHitch__zwithin,1.194,0.955,-0.239,maxKneeExtensionAvgPostHitch,-22.93,-23.193,-0.264
Player 98,11779,Off the Dribble,Left,4,HipAlignmentRelease__zwithin,1.288,1.03,-0.258,HipAlignmentPreHitch__zwithin,1.296,1.036,-0.259,HipAlignmentPostHitch__zwithin,1.357,1.086,-0.271,FeetAlignmentRelease,-129.094,-103.275,25.819,timeToMaxElbowExtensionNonDominantPostHitch,0.408,0.658,0.25
Player 98,11780,Off the Dribble,Left,4,HipAlignmentRelease__zwithin,1.284,1.027,-0.257,HipAlignmentPostHitch__zwithin,1.419,1.135,-0.284,HipAlignmentPreHitch__zwithin,1.353,1.083,-0.271,maxKneeExtensionAvgPostHitch,-24.176,-23.193,0.983,ShoulderAlignmentPostHitch__zwithin,1.325,1.06,-0.265
Player 98,11781,Catch and Shoot,Left,4,HipAlignmentRelease__zwithin,1.373,1.098,-0.275,HipAlignmentPostHitch__zwithin,1.386,1.109,-0.277,KneeTotalROMAvg,41.609,49.931,8.322,HipAlignmentPreHitch__zwithin,1.366,1.093,-0.273,maxKneeExtensionAvgPostHitch,-23.939,-24.939,-1.0
Player 98,11782,Off the Dribble,Left,3,BallVeloRelease,4.977,5.972,0.995,BallVeloRelease__zwithin,-1.786,-1.286,0.5,maxAnklePlantarflexionNonDominantPostHitch,-8.655,-10.386,-1.731,KneeTotalROMAvg,40.797,48.957,8.16,maxKneeExtensionAvgPostHitch,-22.032,-23.193,-1.161
Player 98,11784,Off the Dribble,Left,3,BallVeloRelease,5.157,6.057,0.899,BallVeloRelease__zwithin,-1.497,-0.997,0.5,KneeTotalROMAvg,35.941,43.129,7.188,maxAnklePlantarflexionNonDominantPostHitch,-3.684,-4.421,-0.737,maxKneeExtensionAvgPostHitch,-24.8,-23.193,1.607
Player 98,11785,Off the Dribble,Left,4,BallVeloRelease,5.16,6.057,0.897,BallVeloRelease__zwithin,-1.493,-0.993,0.5,KneeTotalROMAvg,35.497,42.596,7.099,maxAnklePlantarflexionNonDominantPostHitch,0.379,0.303,-0.076,maxAnklePlantarflexionAvgPostHitch,-1.063,-1.276,-0.213
Player 98,11787,Off the Dribble,Left,3,BallVeloRelease,5.069,6.057,0.988,BallVeloRelease__zwithin,-1.638,-1.138,0.5,maxAnklePlantarflexionNonDominantPostHitch,-3.266,-3.919,-0.653,KneeTotalROMAvg,39.816,47.78,7.963,ankleTotalROMAvg,-37.267,-44.721,-7.453
Player 98,11788,Off the Dribble,Left,3,BallVeloRelease,5.078,6.057,0.979,BallVeloRelease__zwithin,-1.624,-1.124,0.5,maxAnklePlantarflexionNonDominantPostHitch,-3.2,-3.84,-0.64,KneeTotalROMAvg,38.899,46.679,7.78,TorsoVeloRelease__zwithin,-1.848,-1.348,0.5
Player 98,11790,Off the Dribble,Left,3,BallVeloRelease,4.978,5.974,0.996,BallVeloRelease__zwithin,-1.783,-1.283,0.5,maxAnklePlantarflexionNonDominantPostHitch,-2.798,-3.358,-0.56,KneeTotalROMAvg,38.664,46.397,7.733,ankleTotalROMAvg,-36.34,-43.608,-7.268
Player 98,11791,Off the Dribble,Left,3,BallVeloRelease,5.274,6.057,0.783,BallVeloRelease__zwithin,-1.311,-0.811,0.5,KneeTotalROMAvg,35.232,42.278,7.046,maxAnklePlantarflexionNonDominantPostHitch,-4.526,-5.431,-0.905,maxElbowExtensionDominantPostHitch,8.414,13.883,5.469
Player 98,11812,Catch and Shoot,Left,4,HipAlignmentRelease__zwithin,1.326,1.061,-0.265,HipAlignmentPreHitch__zwithin,1.289,1.032,-0.258,BallVeloRelease,5.811,6.32,0.509,HipAlignmentPostHitch__zwithin,1.376,1.101,-0.275,ShoulderAlignmentPostHitch__zwithin,1.247,0.998,-0.249
Player 98,11813,Off the Dribble,Left,4,HipAlignmentRelease__zwithin,1.334,1.067,-0.267,HipAlignmentPreHitch__zwithin,1.295,1.036,-0.259,HipAlignmentPostHitch__zwithin,1.343,1.075,-0.269,maxKneeExtensionAvgPostHitch,-26.721,-23.193,3.528,ShoulderAlignmentPostHitch__zwithin,1.281,1.025,-0.256
Player 98,11814,Off the Dribble,Left,4,HipAlignmentRelease__zwithin,1.303,1.042,-0.261,HipAlignmentPreHitch__zwithin,1.316,1.052,-0.263,HipAlignmentPostHitch__zwithin,1.351,1.081,-0.27,ShoulderAlignmentPostHitch__zwithin,1.262,1.01,-0.252,maxKneeExtensionAvgPostHitch,-26.048,-23.193,2.855
Player 98,11815,Off the Dribble,Left,4,HipAlignmentRelease__zwithin,1.228,0.982,-0.246,HipAlignmentPreHitch__zwithin,1.3,1.04,-0.26,ShoulderAlignmentPostHitch__zwithin,1.267,1.013,-0.253,HipAlignmentPostHitch__zwithin,1.361,1.089,-0.272,timeToMaxShoulderExtensionNonDominantPreHitch__zwithin,-0.956,-0.419,0.537
Player 98,11816,Off the Dribble,Left,4,HipAlignmentRelease__zwithin,1.292,1.034,-0.258,HipAlignmentPreHitch__zwithin,1.277,1.022,-0.255,HipAlignmentPostHitch__zwithin,1.403,1.122,-0.281,ShoulderAlignmentPostHitch__zwithin,1.208,0.967,-0.242,maxKneeExtensionAvgPostHitch,-24.99,-23.193,1.797
Player 98,11817,Catch and Shoot,Left,4,HipAlignmentRelease__zwithin,1.205,0.964,-0.241,HipAlignmentPreHitch__zwithin,1.302,1.041,-0.26,maxKneeExtensionAvgPostHitch,-26.37,-24.939,1.43,HipAlignmentPostHitch__zwithin,1.344,1.075,-0.269,ShoulderAlignmentPostHitch__zwithin,1.301,1.041,-0.26
Player 98,11818,Off the Dribble,Left,4,HipAlignmentRelease__zwithin,1.316,1.053,-0.263,HipAlignmentPostHitch__zwithin,1.394,1.115,-0.279,HipAlignmentPreHitch__zwithin,1.284,1.027,-0.257,maxKneeExtensionAvgPostHitch,-28.737,-23.193,5.544,KneeTotalROMAvg,38.904,46.685,7.781
Player 98,11819,Off the Dribble,Left,4,HipAlignmentRelease__zwithin,1.306,1.044,-0.261,HipAlignmentPreHitch__zwithin,1.274,1.019,-0.255,HipAlignmentPostHitch__zwithin,1.37,1.096,-0.274,ShoulderAlignmentPostHitch__zwithin,1.224,0.979,-0.245,maxKneeExtensionAvgPostHitch,-25.212,-23.193,2.019
Player 98,11820,Off the Dribble,Left,4,HipAlignmentRelease__zwithin,1.336,1.069,-0.267,HipAlignmentPreHitch__zwithin,1.195,0.956,-0.239,HipAlignmentPostHitch__zwithin,1.393,1.115,-0.279,timeToMaxShoulderExtensionNonDominantPreHitch__zwithin,-0.952,-0.419,0.532,maxKneeExtensionAvgPostHitch,-25.677,-23.193,2.484
Player 98,11821,Off the Dribble,Left,4,HipAlignmentRelease__zwithin,1.38,1.104,-0.276,HipAlignmentPreHitch__zwithin,1.154,0.923,-0.231,HipAlignmentPostHitch__zwithin,1.387,1.11,-0.277,ShoulderAlignmentPostHitch__zwithin,1.373,1.099,-0.275,maxKneeExtensionAvgPostHitch,-23.75,-23.193,0.557
Player 98,11822,Off the Dribble,Left,4,HipAlignmentRelease__zwithin,1.33,1.064,-0.266,HipAlignmentPostHitch__zwithin,1.368,1.094,-0.274,HipAlignmentPreHitch__zwithin,1.286,1.029,-0.257,ShoulderAlignmentPostHitch__zwithin,1.3,1.04,-0.26,maxKneeExtensionAvgPostHitch,-25.128,-23.193,1.935
Player 98,11823,Off the Dribble,Left,4,HipAlignmentRelease__zwithin,1.363,1.09,-0.273,HipAlignmentPostHitch__zwithin,1.413,1.13,-0.283,HipAlignmentPreHitch__zwithin,1.302,1.042,-0.26,ShoulderAlignmentPostHitch__zwithin,1.354,1.083,-0.271,maxKneeExtensionAvgPostHitch,-25.713,-23.193,2.52
Player 98,11824,Off the Dribble,Left,4,HipAlignmentRelease__zwithin,1.37,1.096,-0.274,HipAlignmentPreHitch__zwithin,1.246,0.996,-0.249,HipAlignmentPostHitch__zwithin,1.39,1.112,-0.278,ShoulderAlignmentPostHitch__zwithin,1.254,1.003,-0.251,timeToMaxShoulderExtensionNonDominantPreHitch__zwithin,-0.915,-0.419,0.496
Player 98,11825,Off the Dribble,Left,4,HipAlignmentRelease__zwithin,1.336,1.069,-0.267,HipAlignmentPreHitch__zwithin,1.214,0.971,-0.243,HipAlignmentPostHitch__zwithin,1.465,1.172,-0.293,ShoulderAlignmentPostHitch__zwithin,1.345,1.076,-0.269,timeToMaxShoulderExtensionNonDominantPreHitch__zwithin,-0.915,-0.419,0.496
Player 98,11826,Off the Dribble,Left,4,BallVeloRelease,4.937,5.924,0.987,HipAlignmentRelease__zwithin,1.298,1.038,-0.26,HipAlignmentPreHitch__zwithin,1.284,1.027,-0.257,HipAlignmentPostHitch__zwithin,1.357,1.086,-0.271,KneeTotalROMAvg,38.412,46.094,7.682
Player 98,11827,Catch and Shoot,Left,4,HipAlignmentRelease__zwithin,1.329,1.063,-0.266,HipAlignmentPreHitch__zwithin,1.316,1.052,-0.263,ShoulderAlignmentPostHitch__zwithin,1.368,1.095,-0.274,maxKneeExtensionAvgPostHitch,-24.894,-24.939,-0.046,HipAlignmentPostHitch__zwithin,1.368,1.094,-0.274
Player 98,11828,Off the Dribble,Left,4,HipAlignmentRelease__zwithin,1.311,1.048,-0.262,HipAlignmentPreHitch__zwithin,1.265,1.012,-0.253,HipAlignmentPostHitch__zwithin,1.437,1.15,-0.287,ShoulderAlignmentPostHitch__zwithin,1.342,1.074,-0.268,maxKneeExtensionAvgPostHitch,-23.751,-23.193,0.558
Player 98,11829,Off the Dribble,Left,4,HipAlignmentRelease__zwithin,1.364,1.091,-0.273,HipAlignmentPostHitch__zwithin,1.462,1.17,-0.292,HipAlignmentPreHitch__zwithin,1.287,1.03,-0.257,maxKneeExtensionAvgPostHitch,-27.635,-23.193,4.442,ShoulderAlignmentPostHitch__zwithin,1.311,1.049,-0.262
Player 98,11830,Off the Dribble,Left,4,HipAlignmentRelease__zwithin,1.283,1.026,-0.257,HipAlignmentPostHitch__zwithin,1.493,1.194,-0.299,HipAlignmentPreHitch__zwithin,1.297,1.038,-0.259,maxKneeExtensionAvgPostHitch,-24.438,-23.193,1.245,maxHipFlexionNonDominantPostHitch__zwithin,-2.698,-0.359,2.339
Player 98,11832,Off the Dribble,Left,3,BallVeloRelease,4.882,5.859,0.976,BallVeloRelease__zwithin,-1.936,-1.436,0.5,maxAnklePlantarflexionNonDominantPostHitch,-0.67,-0.804,-0.134,ankleTotalROMAvg,-30.028,-36.033,-6.006,KneeTotalROMAvg,36.696,44.035,7.339
Player 98,11833,Off the Dribble,Left,3,BallVeloRelease,5.0,6.0,1.0,BallVeloRelease__zwithin,-1.749,-1.249,0.5,maxAnklePlantarflexionNonDominantPostHitch,-0.492,-0.59,-0.098,KneeTotalROMAvg,37.912,45.495,7.582,ankleTotalROMAvg,-32.198,-38.638,-6.44
Player 98,11834,Off the Dribble,Left,3,BallVeloRelease,5.083,6.057,0.973,BallVeloRelease__zwithin,-1.615,-1.115,0.5,maxAnklePlantarflexionNonDominantPostHitch,0.551,0.441,-0.11,KneeTotalROMAvg,37.503,45.004,7.501,ankleTotalROMAvg,-31.077,-37.292,-6.215
Player 98,11835,Off the Dribble,Left,3,BallVeloRelease,4.967,5.96,0.993,BallVeloRelease__zwithin,-1.801,-1.301,0.5,maxAnklePlantarflexionNonDominantPostHitch,0.423,0.338,-0.085,KneeTotalROMAvg,37.819,45.383,7.564,maxKneeExtensionAvgPostHitch,-24.759,-23.193,1.566
Player 98,11840,Off the Dribble,Left,3,BallVeloRelease,5.014,6.017,1.003,BallVeloRelease__zwithin,-1.726,-1.226,0.5,maxAnklePlantarflexionNonDominantPostHitch,-2.281,-2.737,-0.456,KneeTotalROMAvg,40.736,48.884,8.147,ankleTotalROMAvg,-34.314,-41.177,-6.863
Player 98,11861,Off the Dribble,Left,3,BallVeloRelease,5.252,6.057,0.805,BallVeloRelease__zwithin,-1.347,-0.847,0.5,maxAnklePlantarflexionNonDominantPostHitch,-0.167,-0.2,-0.033,KneeTotalROMAvg,37.12,44.544,7.424,maxAnklePlantarflexionAvgPostHitch,-0.551,-0.662,-0.11
Player 98,11862,Off the Dribble,Left,3,BallVeloRelease,4.75,5.7,0.95,BallVeloRelease__zwithin,-2.147,-1.647,0.5,maxAnklePlantarflexionNonDominantPostHitch,1.995,1.596,-0.399,KneeTotalROMAvg,36.729,44.074,7.346,ankleTotalROMAvg,-30.903,-37.084,-6.181
Player 98,11863,Off the Dribble,Left,3,BallVeloRelease,4.904,5.884,0.981,BallVeloRelease__zwithin,-1.902,-1.402,0.5,maxAnklePlantarflexionNonDominantPostHitch,1.847,1.477,-0.369,KneeTotalROMAvg,37.531,45.037,7.506,ankleTotalROMAvg,-30.947,-37.137,-6.189
Player 98,11865,Off the Dribble,Left,3,BallVeloRelease,4.948,5.938,0.99,BallVeloRelease__zwithin,-1.831,-1.331,0.5,maxAnklePlantarflexionNonDominantPostHitch,0.496,0.397,-0.099,KneeTotalROMAvg,36.121,43.345,7.224,TorsoVeloPostHitch,0.678,1.178,0.5
Player 98,11866,Off the Dribble,Left,3,BallVeloRelease,5.058,6.057,0.999,maxAnklePlantarflexionNonDominantPostHitch,-0.024,-0.028,-0.005,BallVeloRelease__zwithin,-1.656,-1.156,0.5,KneeTotalROMAvg,36.985,44.382,7.397,ankleTotalROMAvg,-32.915,-39.498,-6.583
Player 98,11868,Off the Dribble,Left,3,BallVeloRelease,4.979,5.975,0.996,TorsoVeloPostHitch,0.524,1.024,0.5,BallVeloRelease__zwithin,-1.781,-1.281,0.5,maxAnklePlantarflexionNonDominantPostHitch,4.421,3.536,-0.884,ankleTotalROMAvg,-31.991,-38.389,-6.398
Player 98,11891,Off the Dribble,Left,3,BallVeloRelease,5.058,6.057,0.998,BallVeloRelease__zwithin,-1.655,-1.155,0.5,maxAnklePlantarflexionNonDominantPostHitch,-5.283,-6.339,-1.057,KneeTotalROMAvg,38.839,46.607,7.768,TorsoVeloRelease__zwithin,-1.643,-1.143,0.5
Player 98,11892,Off the Dribble,Left,4,BallVeloRelease,5.242,6.057,0.815,maxAnklePlantarflexionNonDominantPostHitch,-0.936,-1.123,-0.187,KneeTotalROMAvg,36.641,43.969,7.328,BallVeloRelease__zwithin,-1.363,-0.863,0.5,ankleTotalROMAvg,-33.154,-39.785,-6.631
Player 98,11893,Off the Dribble,Left,3,BallVeloRelease,5.117,6.057,0.94,BallVeloRelease__zwithin,-1.562,-1.062,0.5,maxAnklePlantarflexionNonDominantPostHitch,0.969,0.775,-0.194,KneeTotalROMAvg,35.154,42.184,7.031,ankleTotalROMAvg,-30.771,-36.925,-6.154
Player 98,11894,Off the Dribble,Left,3,BallVeloRelease,5.023,6.027,1.005,BallVeloRelease__zwithin,-1.712,-1.212,0.5,maxAnklePlantarflexionNonDominantPostHitch,-0.829,-0.995,-0.166,KneeTotalROMAvg,35.188,42.225,7.038,maxKneeExtensionAvgPostHitch,-24.363,-23.193,1.17
Player 98,11896,Off the Dribble,Left,3,BallVeloRelease,4.483,5.379,0.897,TorsoVeloPostHitch,0.556,1.056,0.5,BallVeloRelease__zwithin,-2.573,-2.058,0.515,maxAnklePlantarflexionNonDominantPostHitch,3.199,2.559,-0.64,ankleTotalROMAvg,-30.889,-37.067,-6.178
Player 98,11897,Off the Dribble,Left,3,BallVeloRelease,4.986,5.983,0.997,BallVeloRelease__zwithin,-1.771,-1.271,0.5,maxAnklePlantarflexionNonDominantPostHitch,1.165,0.932,-0.233,KneeTotalROMAvg,37.536,45.043,7.507,TorsoVeloPostHitch,0.596,1.096,0.5
Player 98,11898,Off the Dribble,Left,3,BallVeloRelease,4.968,5.961,0.994,BallVeloRelease__zwithin,-1.8,-1.3,0.5,ankleTotalROMAvg,-28.261,-33.913,-5.652,maxAnklePlantarflexionNonDominantPostHitch,3.512,2.81,-0.702,maxKneeExtensionAvgPostHitch,-28.489,-23.193,5.296
Player 98,11899,Off the Dribble,Left,3,BallVeloRelease,4.979,5.974,0.996,BallVeloRelease__zwithin,-1.782,-1.282,0.5,maxAnklePlantarflexionNonDominantPostHitch,-0.115,-0.138,-0.023,KneeTotalROMAvg,36.492,43.791,7.298,maxAnklePlantarflexionAvgPostHitch,-0.809,-0.971,-0.162
Player 98,11900,Off the Dribble,Left,3,BallVeloRelease,4.805,5.766,0.961,BallVeloRelease__zwithin,-2.059,-1.559,0.5,maxAnklePlantarflexionNonDominantPostHitch,0.902,0.721,-0.18,ankleTotalROMAvg,-29.674,-35.608,-5.935,KneeTotalROMAvg,35.558,42.669,7.112
Player 98,11901,Off the Dribble,Left,3,BallVeloRelease,4.171,5.005,0.834,maxShoulderExtensionDomDiffPreHitch,33.55,21.55,-12.0,BallVeloRelease__zwithin,-3.07,-2.456,0.614,TorsoVeloRelease__zwithin,-2.549,-2.039,0.51,maxAnkleDorsiflexionAvgHitch,8.932,10.718,1.786
Player 98,11902,Off the Dribble,Left,3,BallVeloRelease,3.873,4.648,0.775,BallVeloRelease__zwithin,-3.545,-2.836,0.709,TorsoVeloRelease__zwithin,-3.004,-2.403,0.601,Max.Ball.Released..Away.from.body.,1.189,0.951,-0.238,maxHipFlexionDominantPostHitch,62.072,50.072,-12.0
Player 98,11903,Off the Dribble,Left,3,BallVeloRelease,4.639,5.567,0.928,ElbowFlexionAtT0Dominant,66.71,78.71,12.0,BallVeloRelease__zwithin,-2.324,-1.824,0.5,HipAlignmentPreHitch__zwithin,0.955,0.764,-0.191,Max.Ball.Released..Away.from.body.,1.205,0.964,-0.241
Player 98,11904,Off the Dribble,Left,3,BallVeloRelease,4.238,5.085,0.848,BallVeloRelease__zwithin,-2.964,-2.371,0.593,maxAnkleDorsiflexionAvgHitch,14.211,17.053,2.842,maxKneeFlexionDominantPreHitch,-49.692,-61.692,-12.0,maxShoulderExtensionDomDiffHitch__zwithin,1.156,0.085,-1.071
Player 98,11905,Off the Dribble,Left,3,BallVeloRelease,4.18,5.016,0.836,BallVeloRelease__zwithin,-3.055,-2.444,0.611,maxKneeFlexionDominantPreHitch,-48.347,-60.348,-12.0,TorsoVeloRelease__zwithin,-1.424,-0.924,0.5,maxShoulderExtensionDomDiffHitch__zwithin,1.23,0.085,-1.145
Player 98,11908,Off the Dribble,Left,3,BallVeloRelease,4.612,5.534,0.922,BallVeloRelease__zwithin,-2.368,-1.868,0.5,TorsoTotalROMAvg__zwithin,2.843,2.275,-0.569,maxAnkleDorsiflexionAvgHitch,13.317,15.981,2.663,Max.Ball.Released..Away.from.body.,1.2,0.96,-0.24
Player 98,11909,Off the Dribble,Left,4,BallVeloRelease,5.063,6.057,0.994,ElbowFlexionAtT0Dominant,40.673,52.673,12.0,BallVeloRelease__zwithin,-1.649,-1.149,0.5,maxHipFlexionDominantPostHitch,70.072,58.072,-12.0,Max.Ball.Released..Away.from.body.,1.872,1.498,-0.374
Player 98,11910,Off the Dribble,Left,4,BallVeloRelease,5.127,6.057,0.93,maxAnkleDorsiflexionAvgHitch,8.669,10.403,1.734,maxKneeFlexionNonDominantPostHitch,-113.01,-101.01,12.0,BallVeloRelease__zwithin,-1.546,-1.046,0.5,maxKneeExtensionNonDominantHitch,-102.124,-90.124,12.0
Player 98,11931,Off the Dribble,Left,4,ElbowFlexionAtT0Dominant,56.109,68.109,12.0,TorsoVeloRelease,1.932,1.432,-0.5,TorsoVeloPostHitch,0.535,1.035,0.5,BallVeloRelease,5.817,6.057,0.239,maxShoulderFlexionAvgPostHitch,127.756,139.226,11.47
Player 98,11932,Off the Dribble,Left,3,BallVeloRelease,3.636,4.363,0.727,TorsoVeloPostHitch,0.186,0.686,0.5,ankleTotalROMAvg,-1.952,-2.342,-0.39,ElbowFlexionAtT0Dominant,12.477,24.477,12.0,BallVeloRelease__zwithin,-3.923,-3.138,0.785
Player 98,11933,Off the Dribble,Left,4,BallVeloRelease,5.792,6.057,0.265,ShoulderAlignmentRelease__zwithin,-1.445,-1.156,0.289,BallVeloRelease__zwithin,-0.486,-0.064,0.422,maxKneeExtensionNonDominantPostHitch,-24.934,-23.194,1.74,timeToMaxShoulderExtensionNonDominantPreHitch__zwithin,-0.993,-0.419,0.574
Player 98,11935,Off the Dribble,Left,4,BallVeloRelease,5.893,6.057,0.164,BallVeloRelease__zwithin,-0.324,-0.064,0.261,maxKneeExtensionNonDominantPostHitch,-28.524,-23.194,5.33,maxKneeExtensionDominantPostHitch,-27.189,-23.7,3.489,timeToMaxShoulderExtensionNonDominantPreHitch__zwithin,-0.956,-0.419,0.537
Player 98,11941,Off the Dribble,Left,4,BallVeloRelease__zwithin,-0.199,-0.064,0.135,BallVeloRelease,5.972,6.057,0.085,maxKneeExtensionNonDominantPostHitch,-23.148,-23.194,-0.046,timeToMaxShoulderExtensionDominantPreHitch__zwithin,-0.996,-0.391,0.605,timeToMaxHipFlexionDomDiffPostHitch__zwithin,0.011,0.011,-0.0
Player 98,11945,Off the Dribble,Left,4,HipAlignmentPreHitch__zwithin,1.185,0.948,-0.237,HipAlignmentRelease__zwithin,1.377,1.102,-0.275,HipAlignmentPostHitch__zwithin,1.34,1.072,-0.268,maxKneeExtensionAvgPostHitch,-20.343,-23.193,-2.851,maxKneeExtensionDominantPostHitch,-23.158,-23.7,-0.541
Player 98,11946,Off the Dribble,Left,4,HipAlignmentRelease__zwithin,1.389,1.111,-0.278,HipAlignmentPreHitch__zwithin,1.28,1.024,-0.256,HipAlignmentPostHitch__zwithin,1.299,1.039,-0.26,maxShoulderExtensionNonDominantHitch,30.971,42.972,12.0,maxKneeExtensionAvgPostHitch,-21.001,-23.193,-2.192
Player 98,11952,Off the Dribble,Left,4,HipAlignmentRelease__zwithin,1.342,1.074,-0.268,HipAlignmentPreHitch__zwithin,1.322,1.058,-0.264,TorsoTotalROMAvg__zwithin,2.242,1.794,-0.448,HipAlignmentPostHitch__zwithin,1.344,1.075,-0.269,maxKneeExtensionAvgPostHitch,-20.259,-23.193,-2.934
Player 98,11953,Off the Dribble,Left,4,TorsoTotalROMAvg__zwithin,2.911,2.329,-0.582,HipAlignmentPreHitch__zwithin,1.321,1.056,-0.264,HipAlignmentRelease__zwithin,1.305,1.044,-0.261,maxKneeExtensionAvgPostHitch,-21.608,-23.193,-1.585,HipAlignmentPostHitch__zwithin,1.312,1.05,-0.262
Player 98,11954,Catch and Shoot,Left,4,TorsoTotalROMAvg__zwithin,2.431,1.945,-0.486,HipAlignmentRelease__zwithin,1.267,1.014,-0.253,HipAlignmentPreHitch__zwithin,1.331,1.065,-0.266,HipAlignmentPostHitch__zwithin,1.29,1.032,-0.258,TorsoFlexionAtT0__zwithin,-2.588,-0.185,2.403
Player 98,11961,Off the Dribble,Left,4,BallVeloRelease,5.929,6.057,0.128,BallVeloRelease__zwithin,-0.267,-0.064,0.204,maxKneeExtensionDominantPostHitch,-27.413,-23.7,3.713,maxKneeExtensionNonDominantPostHitch,-26.037,-23.194,2.843,timeToMaxElbowExtensionDominantPostHitch,0.459,0.683,0.224
Player 98,11962,Off the Dribble,Left,4,BallVeloRelease__zwithin,0.221,-0.064,-0.284,maxShoulderFlexionDomDiffPostHitch__zwithin,0.686,-0.016,-0.702,maxKneeExtensionNonDominantPostHitch,-30.939,-23.194,7.745,timeToMaxShoulderExtensionNonDominantPreHitch__zwithin,-0.952,-0.419,0.532,maxKneeExtensionAvgPostHitch,-28.206,-23.193,5.013
Player 98,11964,Off the Dribble,Left,4,BallVeloRelease,5.912,6.057,0.145,BallVeloRelease__zwithin,-0.295,-0.064,0.232,timeToMaxElbowExtensionDominantPostHitch,0.433,0.683,0.25,ShoulderAlignmentRelease__zwithin,-1.436,-1.149,0.287,maxKneeExtensionNonDominantPostHitch,-28.338,-23.194,5.144
Player 98,11966,Catch and Shoot,Left,4,BallVeloRelease__zwithin,0.054,0.356,0.302,maxKneeExtensionNonDominantPostHitch,-25.738,-23.737,2.002,maxKneeExtensionAvgPostHitch,-25.021,-24.939,0.082,timeToMaxHipFlexionDomDiffPostHitch__zwithin,0.011,0.011,-0.001,timeToMaxElbowExtensionDominantPostHitch,0.458,0.742,0.284
Player 98,11969,Off the Dribble,Left,4,TorsoTotalROMAvg__zwithin,4.596,3.677,-0.919,HipAlignmentRelease__zwithin,1.38,1.104,-0.276,TorsoFlexionAtT0__zwithin,-2.795,0.016,2.81,HipAlignmentPostHitch__zwithin,1.242,0.993,-0.248,maxKneeExtensionDominantPostHitch,-24.82,-23.7,1.12
Player 98,11970,Off the Dribble,Left,4,HipAlignmentPreHitch__zwithin,1.265,1.012,-0.253,HipAlignmentRelease__zwithin,1.246,0.997,-0.249,HipAlignmentPostHitch__zwithin,1.286,1.029,-0.257,timeToMaxShoulderFlexionDominantPostHitch,0.425,0.683,0.258,maxKneeExtensionDominantPostHitch,-24.262,-23.7,0.562
Player 98,11971,Off the Dribble,Left,4,BallVeloRelease,5.899,6.057,0.158,HipAlignmentRelease__zwithin,1.367,1.094,-0.273,HipAlignmentPreHitch__zwithin,1.298,1.039,-0.26,HipAlignmentPostHitch__zwithin,1.345,1.076,-0.269,maxKneeExtensionDomDiffHitch,-8.373,-0.482,7.89
Player 98,11972,Off the Dribble,Left,4,BallVeloRelease,5.595,6.057,0.462,HipAlignmentPreHitch__zwithin,1.301,1.041,-0.26,HipAlignmentRelease__zwithin,1.261,1.009,-0.252,maxKneeExtensionAvgPostHitch,-21.485,-23.193,-1.709,BallVeloRelease__zwithin,-0.799,-0.299,0.5
Player 98,11973,Off the Dribble,Left,4,BallVeloRelease,5.688,6.057,0.369,HipAlignmentPreHitch__zwithin,1.289,1.031,-0.258,HipAlignmentRelease__zwithin,1.261,1.009,-0.252,maxKneeExtensionAvgPostHitch,-23.576,-23.193,0.383,maxShoulderExtensionDomDiffHitch__zwithin,0.639,0.085,-0.554
Player 98,11974,Off the Dribble,Left,4,HipAlignmentRelease__zwithin,1.371,1.097,-0.274,HipAlignmentPreHitch__zwithin,1.299,1.039,-0.26,maxKneeExtensionDominantPostHitch,-27.523,-23.7,3.824,maxKneeExtensionAvgPostHitch,-22.389,-23.193,-0.804,HipAlignmentPostHitch__zwithin,1.368,1.094,-0.274
Player 98,11975,Off the Dribble,Left,4,BallVeloRelease,5.782,6.057,0.275,HipAlignmentPreHitch__zwithin,1.241,0.993,-0.248,HipAlignmentRelease__zwithin,1.143,0.914,-0.229,TorsoVeloRelease,1.551,1.285,-0.266,maxKneeExtensionAvgPostHitch,-22.271,-23.193,-0.922
Player 98,11976,Off the Dribble,Left,4,BallVeloRelease__zwithin,0.065,-0.064,-0.128,maxKneeExtensionNonDominantPostHitch,-26.625,-23.194,3.43,ShoulderAlignmentRelease__zwithin,-1.433,-1.146,0.287,timeToMaxShoulderExtensionNonDominantPreHitch__zwithin,-0.993,-0.419,0.574,maxKneeExtensionAvgPostHitch,-24.954,-23.193,1.761
Player 98,11977,Off the Dribble,Left,4,BallVeloRelease,5.841,6.057,0.216,BallVeloRelease__zwithin,-0.408,-0.064,0.344,maxKneeExtensionNonDominantPostHitch,-25.369,-23.194,2.175,maxKneeExtensionAvgPostHitch,-25.73,-23.193,2.537,timeToMaxElbowExtensionDominantPostHitch,0.491,0.683,0.192
Player 98,11979,Catch and Shoot,Left,4,BallVeloRelease__zwithin,0.015,0.356,0.341,maxKneeExtensionNonDominantPostHitch,-24.381,-23.737,0.644,timeToMaxElbowExtensionDomDiffPostHitch,0.033,0.008,-0.025,timeToMaxElbowExtensionDominantPostHitch,0.458,0.742,0.284,maxKneeExtensionAvgPostHitch,-24.243,-24.939,-0.696
Player 98,11985,Off the Dribble,Left,3,BallVeloRelease,5.056,6.057,1.001,ankleTotalROMAvg,-24.511,-29.413,-4.902,TorsoVeloPostHitch,0.475,0.975,0.5,BallVeloRelease__zwithin,-1.659,-1.159,0.5,KneeTotalROMAvg,27.753,33.303,5.551
Player 98,11987,Off the Dribble,Left,3,BallVeloRelease,4.814,5.777,0.963,BallVeloRelease__zwithin,-2.045,-1.545,0.5,KneeTotalROMAvg,35.735,42.882,7.147,maxAnklePlantarflexionNonDominantPostHitch,-5.977,-7.173,-1.195,TorsoVeloRelease__zwithin,-2.105,-1.605,0.5
Player 98,11988,Off the Dribble,Left,3,BallVeloRelease,5.182,6.057,0.874,BallVeloRelease__zwithin,-1.458,-0.958,0.5,KneeTotalROMAvg,33.666,40.4,6.733,ankleTotalROMAvg,-31.079,-37.295,-6.216,maxAnklePlantarflexionNonDominantPostHitch,-1.885,-2.262,-0.377
Player 98,11989,Off the Dribble,Left,3,BallVeloRelease,4.754,5.705,0.951,ankleTotalROMAvg,-17.482,-20.979,-3.496,TorsoVeloPostHitch,0.506,1.006,0.5,ElbowFlexionAtT0Dominant,-62.934,-50.934,12.0,BallVeloRelease__zwithin,-2.141,-1.641,0.5
Player 98,11990,Off the Dribble,Left,3,BallVeloRelease,4.962,5.954,0.992,BallVeloRelease__zwithin,-1.809,-1.309,0.5,KneeTotalROMAvg,32.464,38.957,6.493,ankleTotalROMAvg,-31.372,-37.646,-6.274,TorsoVeloPostHitch,0.635,1.136,0.5
Player 98,11994,Off the Dribble,Left,3,BallVeloRelease,4.787,5.745,0.957,BallVeloRelease__zwithin,-2.087,-1.587,0.5,KneeTotalROMAvg,29.728,35.673,5.946,maxAnklePlantarflexionNonDominantPostHitch,-5.652,-6.783,-1.13,maxKneeFlexionDominantPreHitch,-48.504,-60.504,-12.0
Player 98,11996,Off the Dribble,Left,3,BallVeloRelease,5.098,6.057,0.958,ankleTotalROMAvg,-13.037,-15.645,-2.607,ElbowFlexionAtT0Dominant,-88.605,-76.604,12.0,TorsoVeloPostHitch,0.362,0.862,0.5,BallVeloRelease__zwithin,-1.591,-1.091,0.5
Player 98,11997,Off the Dribble,Left,4,BallVeloRelease,5.786,6.057,0.271,HipAlignmentRelease__zwithin,1.348,1.078,-0.27,HipAlignmentPreHitch__zwithin,1.213,0.97,-0.243,HipAlignmentPostHitch__zwithin,1.312,1.049,-0.262,maxKneeExtensionAvgPostHitch,-21.11,-23.193,-2.083
Player 98,11998,Catch and Shoot,Left,4,BallVeloRelease,5.756,6.32,0.564,HipAlignmentPreHitch__zwithin,1.251,1.001,-0.25,HipAlignmentRelease__zwithin,1.297,1.038,-0.259,KneeTotalROMAvg,42.041,50.329,8.288,BallVeloRelease__zwithin,-0.544,-0.044,0.5
Player 98,11999,Off the Dribble,Left,4,BallVeloRelease,5.596,6.057,0.461,HipAlignmentPreHitch__zwithin,1.145,0.916,-0.229,HipAlignmentRelease__zwithin,1.041,0.833,-0.208,HipAlignmentPostHitch__zwithin,1.089,0.871,-0.218,maxKneeExtensionDominantPostHitch,-28.708,-23.7,5.008
Player 98,12005,Off the Dribble,Left,4,BallVeloRelease,5.822,6.057,0.234,HipAlignmentPreHitch__zwithin,1.132,0.905,-0.226,TorsoVeloRelease,1.817,1.318,-0.5,HipAlignmentRelease__zwithin,1.08,0.864,-0.216,maxKneeExtensionDominantHitch,-69.308,-57.308,12.0
Player 98,12006,Off the Dribble,Left,4,BallVeloRelease,5.576,6.057,0.481,BallVeloRelease__zwithin,-0.831,-0.331,0.5,maxKneeExtensionNonDominantPostHitch,-25.367,-23.194,2.173,maxKneeExtensionAvgPostHitch,-25.419,-23.193,2.226,maxElbowExtensionDominantPostHitch,8.69,13.883,5.194
Player 98,12007,Off the Dribble,Left,4,BallVeloRelease,5.826,6.057,0.231,BallVeloRelease__zwithin,-0.432,-0.064,0.369,maxKneeExtensionNonDominantPostHitch,-28.473,-23.194,5.279,maxKneeExtensionAvgPostHitch,-25.782,-23.193,2.589,timeToMaxShoulderExtensionNonDominantPreHitch__zwithin,-0.92,-0.419,0.5
Player 98,12011,Off the Dribble,Left,4,maxElbowExtensionDominantPostHitch,7.994,13.883,5.889,maxKneeExtensionAvgPostHitch,-27.569,-23.193,4.376,BallVeloRelease__zwithin,0.264,-0.064,-0.328,timeToMaxShoulderExtensionNonDominantPreHitch__zwithin,-0.956,-0.419,0.537,maxKneeExtensionNonDominantPostHitch,-27.109,-23.194,3.915
Player 98,12014,Off the Dribble,Left,4,BallVeloRelease,5.826,6.057,0.231,HipAlignmentPreHitch__zwithin,1.203,0.963,-0.241,HipAlignmentRelease__zwithin,1.141,0.913,-0.228,maxKneeExtensionAvgPostHitch,-21.158,-23.193,-2.035,HipAlignmentPostHitch__zwithin,1.294,1.035,-0.259
Player 98,12022,Off the Dribble,Left,4,BallVeloRelease,5.624,6.057,0.433,BallVeloRelease__zwithin,-0.754,-0.254,0.5,HipAlignmentPostHitch__zwithin,0.912,0.73,-0.182,TorsoVeloRelease,1.655,1.285,-0.37,maxKneeExtensionAvgPostHitch,-24.368,-23.193,1.175
Player 98,12026,Off the Dribble,Left,3,BallVeloRelease,4.737,5.684,0.947,ankleTotalROMAvg,-14.21,-17.053,-2.842,TorsoVeloPostHitch,0.363,0.863,0.5,BallVeloRelease__zwithin,-2.168,-1.668,0.5,TorsoVeloRelease__zwithin,-3.601,-2.881,0.72
Player 98,12027,Off the Dribble,Left,3,BallVeloRelease,4.316,5.18,0.863,maxTorsoFlexionHitch,10.69,-1.31,-12.0,maxTorsoExtensionHitch,15.954,3.954,-12.0,ankleTotalROMAvg,-10.723,-12.868,-2.145,maxTorsoExtensionPreHitch,10.606,-1.394,-12.0
Player 98,12030,Off the Dribble,Left,4,BallVeloRelease,5.695,6.057,0.362,KneeTotalROMAvg,33.304,39.965,6.661,BallVeloRelease__zwithin,-0.641,-0.141,0.5,maxKneeFlexionDominantPreHitch,-49.324,-61.324,-12.0,TorsoVeloRelease__zwithin,-1.538,-1.038,0.5
Player 98,12032,Off the Dribble,Left,4,KneeTotalROMAvg,32.754,39.305,6.551,BallVeloRelease,5.879,6.057,0.178,BallVeloRelease__zwithin,-0.347,-0.064,0.284,maxKneeFlexionDominantPreHitch,-49.896,-61.896,-12.0,timeToMaxShoulderExtensionNonDominantPreHitch__zwithin,-0.993,-0.419,0.574
Player 98,12033,Off the Dribble,Left,4,BallVeloRelease__zwithin,-0.12,-0.064,0.057,timeToMaxShoulderExtensionNonDominantPreHitch__zwithin,-0.993,-0.419,0.574,TorsoVeloRelease__zwithin,-1.346,-0.846,0.5,KneeTotalROMAvg,42.357,50.828,8.471,maxShoulderExtensionDominantHitch,42.845,44.306,1.461
Player 98,12054,Off the Dribble,Left,4,BallVeloRelease,4.347,5.216,0.869,ElbowFlexionAtT0Dominant,43.248,55.248,12.0,BallVeloRelease__zwithin,-2.79,-2.232,0.558,HipAlignmentRelease__zwithin,1.45,1.16,-0.29,HipAlignmentPostHitch__zwithin,1.379,1.103,-0.276
Player 98,12065,Off the Dribble,Left,3,ankleTotalROMAvg,-22.214,-26.656,-4.443,BallVeloRelease,5.439,6.057,0.618,BallVeloRelease__zwithin,-1.048,-0.548,0.5,KneeTotalROMAvg,25.905,31.086,5.181,maxAnklePlantarflexionNonDominantPostHitch,6.861,5.489,-1.372
Player 98,12067,Catch and Shoot,Left,3,BallVeloRelease,3.996,4.795,0.799,ankleTotalROMAvg,-5.108,-6.129,-1.022,TorsoVeloPostHitch,-0.064,0.436,0.5,BallVeloRelease__zwithin,-3.349,-2.679,0.67,timeToMaxAnkleDorsiflexionDomDiffHitch,0.175,0.14,-0.035
Player 98,12068,Catch and Shoot,Left,3,BallVeloRelease,4.216,5.06,0.843,ankleTotalROMAvg,-2.984,-3.581,-0.597,TorsoVeloPostHitch,0.037,0.537,0.5,BallVeloRelease__zwithin,-2.997,-2.398,0.599,ElbowFlexionAtT0Dominant,67.924,79.924,12.0
Player 98,12069,Catch and Shoot,Left,3,BallVeloRelease,3.936,4.723,0.787,ankleTotalROMAvg,-4.572,-5.487,-0.914,TorsoVeloPostHitch,-0.012,0.488,0.5,BallVeloRelease__zwithin,-3.445,-2.756,0.689,BallVeloPostHitch__zwithin,-3.821,-3.057,0.764
Player 98,12070,Catch and Shoot,Left,3,BallVeloRelease,4.508,5.41,0.902,TorsoVeloPostHitch__zwithin,-3.549,-2.839,0.71,TorsoVeloPostHitch,-0.201,0.299,0.5,ankleTotalROMAvg,-4.929,-5.915,-0.986,BallVeloRelease__zwithin,-2.532,-2.026,0.506
Player 98,12071,Catch and Shoot,Left,3,BallVeloRelease,4.215,5.058,0.843,ankleTotalROMAvg,-3.072,-3.687,-0.614,TorsoVeloPostHitch,-0.046,0.454,0.5,BallVeloRelease__zwithin,-3.0,-2.4,0.6,BallVeloPostHitch__zwithin,-3.736,-2.989,0.747
Player 98,12072,Off the Dribble,Left,4,BallVeloRelease__zwithin,-0.187,-0.064,0.124,maxElbowExtensionDominantPostHitch,8.363,13.883,5.52,maxKneeExtensionNonDominantPostHitch,-24.691,-23.194,1.497,BallVeloRelease,5.979,6.057,0.078,timeToMaxTorsoFlexionPostHitch,0.258,0.558,0.3
Player 98,12086,Off the Dribble,Left,4,BallVeloRelease,5.941,6.057,0.116,HipAlignmentPreHitch__zwithin,1.324,1.059,-0.265,HipAlignmentRelease__zwithin,1.369,1.095,-0.274,HipAlignmentPostHitch__zwithin,1.325,1.06,-0.265,maxKneeExtensionAvgPostHitch,-22.711,-23.193,-0.482
Player 98,12089,Catch and Shoot,Left,4,maxElbowExtensionDominantPostHitch,6.884,11.167,4.283,BallVeloRelease__zwithin,0.134,0.356,0.222,timeToMaxShoulderExtensionNonDominantPreHitch__zwithin,-0.878,0.384,1.262,maxShoulderFlexionDomDiffHitch,-2.459,0.216,2.675,maxElbowExtensionNonDominantPostHitch,18.976,16.143,-2.833
Player 98,12090,Off the Dribble,Left,4,BallVeloRelease__zwithin,0.167,-0.064,-0.231,timeToMaxShoulderFlexionDominantPostHitch,0.417,0.683,0.266,maxKneeExtensionNonDominantPostHitch,-22.872,-23.194,-0.322,timeToMaxShoulderExtensionNonDominantPreHitch__zwithin,-0.993,-0.419,0.574,maxElbowExtensionNonDominantPostHitch,17.916,21.712,3.796
Player 98,12091,Catch and Shoot,Left,4,HipAlignmentRelease__zwithin,1.333,1.066,-0.267,HipAlignmentPreHitch__zwithin,1.266,1.013,-0.253,HipAlignmentPostHitch__zwithin,1.297,1.038,-0.259,maxKneeExtensionAvgPostHitch,-23.396,-24.939,-1.543,maxElbowExtensionNonDominantPostHitch,11.862,16.143,4.281
Player 98,12092,Off the Dribble,Left,4,HipAlignmentPreHitch__zwithin,1.309,1.047,-0.262,HipAlignmentRelease__zwithin,1.376,1.101,-0.275,BallVeloRelease,5.917,6.057,0.14,HipAlignmentPostHitch__zwithin,1.334,1.067,-0.267,timeToMaxShoulderExtensionDominantPreHitch__zwithin,-0.996,-0.391,0.605
Player 98,12093,Catch and Shoot,Left,4,HipAlignmentPreHitch__zwithin,1.205,0.964,-0.241,HipAlignmentRelease__zwithin,1.482,1.186,-0.296,HipAlignmentPostHitch__zwithin,1.286,1.029,-0.257,maxKneeExtensionDominantPostHitch,-26.169,-25.884,0.285,maxKneeExtensionAvgPostHitch,-23.842,-24.939,-1.098
Player 98,12095,Off the Dribble,Left,4,HipAlignmentRelease__zwithin,1.422,1.137,-0.284,HipAlignmentPostHitch__zwithin,1.249,0.999,-0.25,maxKneeExtensionDomDiffHitch,-18.425,-6.425,12.0,maxKneeExtensionAvgPostHitch,-20.86,-23.193,-2.333,HipAlignmentPreHitch__zwithin,1.407,1.126,-0.281
Player 98,12096,Catch and Shoot,Left,4,HipAlignmentRelease__zwithin,1.396,1.117,-0.279,HipAlignmentPreHitch__zwithin,1.308,1.047,-0.262,HipAlignmentPostHitch__zwithin,1.226,0.981,-0.245,maxKneeExtensionDomDiffHitch,-16.599,-4.599,12.0,maxKneeExtensionAvgPostHitch,-20.174,-24.939,-4.766
Player 98,12101,Off the Dribble,Left,4,BallVeloRelease,5.18,6.057,0.877,BallVeloRelease__zwithin,-1.462,-0.962,0.5,maxElbowExtensionDominantPostHitch,8.693,13.883,5.19,maxElbowExtensionAvgPostHitch,10.82,19.266,8.445,maxKneeExtensionNonDominantPostHitch,-29.84,-23.194,6.645
Player 98,12106,Off the Dribble,Left,4,BallVeloRelease,5.071,6.057,0.986,BallVeloRelease__zwithin,-1.635,-1.135,0.5,maxElbowExtensionAvgPostHitch,10.953,19.266,8.312,maxElbowExtensionNonDominantPostHitch,9.566,21.566,12.0,timeToMaxShoulderFlexionDominantPostHitch,0.5,0.683,0.183
Player 98,12107,Off the Dribble,Left,3,BallVeloRelease,4.872,5.846,0.974,maxElbowExtensionDominantPostHitch,6.57,13.883,7.313,BallVeloRelease__zwithin,-1.953,-1.453,0.5,maxElbowExtensionAvgPostHitch,7.225,19.225,12.0,timeToMaxShoulderFlexionDominantPostHitch,0.491,0.683,0.192
Player 98,12123,Off the Dribble,Left,4,BallVeloRelease__zwithin,-0.158,-0.064,0.094,BallVeloRelease,5.998,6.057,0.059,timeToMaxElbowExtensionNonDominantPostHitch,0.408,0.658,0.25,maxElbowExtensionNonDominantPostHitch,18.188,21.712,3.524,timeToMaxTorsoFlexionPostHitch,0.258,0.558,0.3
Player 98,12125,Off the Dribble,Left,4,BallVeloRelease__zwithin,-0.185,-0.064,0.121,BallVeloRelease,5.981,6.057,0.076,maxKneeExtensionAvgPostHitch,-23.538,-23.193,0.345,timeToMaxShoulderExtensionNonDominantPreHitch__zwithin,-0.956,-0.419,0.537,maxKneeExtensionNonDominantPostHitch,-25.634,-23.194,2.44
Player 98,12132,Catch and Shoot,Left,4,BallVeloRelease__zwithin,0.174,0.356,0.182,maxKneeExtensionAvgPostHitch,-28.383,-24.939,3.443,maxKneeExtensionDominantPostHitch,-29.604,-25.884,3.72,maxKneeExtensionNonDominantPostHitch,-27.161,-23.737,3.425,timeToMaxShoulderExtensionNonDominantPreHitch__zwithin,-0.993,0.384,1.377
Player 98,12135,Catch and Shoot,Left,4,HipAlignmentPreHitch__zwithin,1.331,1.065,-0.266,HipAlignmentRelease__zwithin,1.55,1.24,-0.31,HipAlignmentPostHitch__zwithin,1.391,1.113,-0.278,KneeTotalROMAvg,45.485,50.329,4.845,ShoulderAlignmentPostHitch__zwithin,1.351,1.081,-0.27
Player 98,12137,Off the Dribble,Left,3,BallVeloRelease,4.049,4.859,0.81,ankleTotalROMAvg,-5.457,-6.548,-1.091,TorsoVeloPostHitch,0.245,0.745,0.5,BallVeloRelease__zwithin,-3.264,-2.612,0.653,BallVeloPostHitch__zwithin,-3.739,-2.991,0.748
Player 98,12138,Catch and Shoot,Left,3,BallVeloRelease,4.332,5.198,0.866,ankleTotalROMAvg,-6.802,-8.163,-1.36,TorsoVeloPostHitch,0.155,0.656,0.5,BallVeloRelease__zwithin,-2.814,-2.251,0.563,BallVeloPostHitch__zwithin,-3.937,-3.149,0.787
Player 98,12139,Catch and Shoot,Left,3,BallVeloRelease,4.737,5.684,0.947,ankleTotalROMAvg,-6.272,-7.527,-1.254,TorsoVeloPostHitch,0.285,0.785,0.5,BallVeloRelease__zwithin,-2.168,-1.668,0.5,BallVeloPostHitch__zwithin,-3.982,-3.186,0.796
Player 98,12140,Off the Dribble,Left,3,BallVeloRelease,4.362,5.234,0.872,ankleTotalROMAvg,-5.923,-7.107,-1.185,TorsoVeloPostHitch,0.306,0.806,0.5,BallVeloRelease__zwithin,-2.766,-2.213,0.553,BallVeloPostHitch__zwithin,-3.792,-3.034,0.758
Player 98,12141,Off the Dribble,Left,3,BallVeloRelease,3.848,4.617,0.769,TorsoVeloPostHitch,0.092,0.592,0.5,ankleTotalROMAvg,-1.87,-2.244,-0.374,BallVeloRelease__zwithin,-3.586,-2.868,0.717,BallVeloPostHitch__zwithin,-3.654,-2.924,0.731
Player 98,12142,Catch and Shoot,Left,4,maxElbowExtensionAvgPostHitch,12.354,13.767,1.413,maxElbowExtensionDominantPostHitch,9.959,11.167,1.208,maxElbowExtensionNonDominantPostHitch,14.75,16.143,1.393,BallVeloRelease__zwithin,-0.592,-0.092,0.5,timeToMaxShoulderExtensionDomDiffHitch__zwithin,0.012,-0.002,-0.014
Player 98,12143,Catch and Shoot,Left,3,BallVeloRelease,5.228,6.273,1.045,maxElbowExtensionDominantPostHitch,5.269,11.167,5.898,maxElbowExtensionAvgPostHitch,7.576,13.767,6.191,BallVeloRelease__zwithin,-1.386,-0.886,0.5,maxElbowExtensionNonDominantPostHitch,9.883,16.143,6.26
Player 98,12144,Catch and Shoot,Left,4,BallVeloRelease,5.196,6.235,1.039,BallVeloRelease__zwithin,-1.436,-0.936,0.5,maxElbowExtensionDominantPostHitch,4.155,11.167,7.012,TorsoVeloRelease__zwithin,-1.265,-0.765,0.5,maxElbowExtensionAvgPostHitch,5.402,13.767,8.365
Player 98,12145,Catch and Shoot,Left,4,TorsoVeloPostHitch,0.15,0.65,0.5,BallVeloRelease,5.397,6.32,0.923,maxElbowExtensionDominantPostHitch,8.364,11.167,2.802,maxElbowExtensionAvgPostHitch,6.901,13.767,6.866,BallVeloRelease__zwithin,-1.116,-0.616,0.5
Player 98,12146,Catch and Shoot,Left,4,BallVeloRelease,5.495,6.32,0.825,maxElbowExtensionDominantPostHitch,4.785,11.167,6.381,BallVeloRelease__zwithin,-0.959,-0.459,0.5,TorsoVeloRelease__zwithin,-1.569,-1.069,0.5,maxElbowExtensionAvgPostHitch,3.453,13.767,10.314
Player 98,12147,Off the Dribble,Left,3,BallVeloRelease,5.091,6.057,0.966,BallVeloRelease__zwithin,-1.604,-1.104,0.5,KneeTotalROMAvg,26.739,32.087,5.348,maxElbowExtensionDominantPostHitch,8.228,13.883,5.655,maxAnklePlantarflexionNonDominantPostHitch,-13.521,-16.226,-2.704
Player 98,12148,Catch and Shoot,Left,4,maxElbowExtensionAvgPostHitch,10.632,13.767,3.135,BallVeloRelease__zwithin,-0.838,-0.338,0.5,maxElbowExtensionDominantPostHitch,10.373,11.167,0.794,maxElbowExtensionNonDominantPostHitch,10.89,16.143,5.253,maxKneeExtensionDomDiffHitch,-10.587,-3.187,7.4
Player 98,12149,Catch and Shoot,Left,3,BallVeloRelease,4.933,5.92,0.987,maxElbowExtensionDominantPostHitch,6.671,11.167,4.495,BallVeloRelease__zwithin,-1.855,-1.355,0.5,maxElbowExtensionAvgPostHitch,5.559,13.767,8.208,BallVeloStart__zwithin,-0.958,-0.458,0.5
Player 98,12150,Catch and Shoot,Left,4,BallVeloRelease,5.555,6.32,0.765,maxElbowExtensionDominantPostHitch,4.096,11.167,7.071,maxKneeExtensionDomDiffHitch,-16.092,-4.092,12.0,HipAlignmentPreHitch__zwithin,1.1,0.88,-0.22,maxElbowExtensionAvgPostHitch,7.723,13.767,6.043
Player 98,12151,Catch and Shoot,Left,4,BallVeloRelease,5.35,6.32,0.97,maxElbowExtensionDominantPostHitch,3.929,11.167,7.238,KneeTotalROMAvg,36.528,43.834,7.306,HipAlignmentPreHitch__zwithin,1.226,0.981,-0.245,HipAlignmentRelease__zwithin,1.122,0.897,-0.224
Player 98,12152,Off the Dribble,Left,3,maxKneeExtensionDomDiffHitch,-17.452,-5.452,12.0,maxElbowExtensionDominantPostHitch,3.714,13.883,10.169,HipAlignmentPreHitch__zwithin,1.121,0.897,-0.224,maxElbowExtensionAvgPostHitch,5.243,17.243,12.0,HipAlignmentRelease__zwithin,0.993,0.794,-0.199
Player 98,12153,Catch and Shoot,Left,4,maxElbowExtensionDominantPostHitch,6.733,11.167,4.433,BallVeloRelease,5.54,6.32,0.78,HipAlignmentPreHitch__zwithin,1.074,0.859,-0.215,BallVeloRelease__zwithin,-0.888,-0.388,0.5,maxElbowExtensionNonDominantPostHitch,9.682,16.143,6.461
Player 98,12154,Catch and Shoot,Left,4,BallVeloRelease,5.037,6.044,1.007,maxElbowExtensionDominantPostHitch,6.715,11.167,4.451,maxElbowExtensionAvgPostHitch,8.426,13.767,5.341,timeToMaxShoulderExtensionNonDominantPreHitch,0.317,0.3,-0.017,HipAlignmentPreHitch__zwithin,0.96,0.768,-0.192
Player 98,12155,Catch and Shoot,Left,4,maxKneeExtensionDomDiffHitch,-14.725,-3.187,11.539,maxElbowExtensionDominantPostHitch,6.222,11.167,4.945,HipAlignmentRelease__zwithin,1.155,0.924,-0.231,KneeTotalROMAvg,38.829,46.595,7.766,HipAlignmentPreHitch__zwithin,1.069,0.855,-0.214
Player 98,12156,Catch and Shoot,Left,4,maxElbowExtensionDominantPostHitch,-0.555,11.167,11.722,maxHipFlexionDominantPostHitch,40.782,28.782,-12.0,maxElbowExtensionNonDominantPostHitch,7.796,16.143,8.347,maxElbowExtensionAvgPostHitch,3.62,13.767,10.146,BallVeloRelease__zwithin,-0.579,-0.079,0.5
Player 98,12157,Catch and Shoot,Left,3,BallVeloRelease,5.056,6.068,1.011,BallVeloRelease__zwithin,-1.659,-1.159,0.5,maxElbowExtensionAvgPostHitch,9.96,13.767,3.806,maxElbowExtensionNonDominantPostHitch,7.404,16.143,8.739,maxAnklePlantarflexionAvgPreHitch,21.597,23.957,2.36
Player 98,12158,Catch and Shoot,Left,3,BallVeloRelease,5.152,6.182,1.03,BallVeloRelease__zwithin,-1.506,-1.006,0.5,maxElbowExtensionDominantPostHitch,6.343,11.167,4.823,maxElbowExtensionAvgPostHitch,7.975,13.767,5.792,maxAnklePlantarflexionNonDominantPostHitch,-13.146,-15.775,-2.629
Player 98,12159,Catch and Shoot,Left,4,BallVeloRelease,5.141,6.169,1.028,TorsoVeloRelease,1.719,1.427,-0.292,BallVeloRelease__zwithin,-1.524,-1.024,0.5,maxElbowExtensionNonDominantPostHitch,5.677,16.143,10.466,maxAnklePlantarflexionNonDominantPostHitch,-12.539,-15.046,-2.508
Player 98,12160,Catch and Shoot,Left,3,BallVeloRelease,4.816,5.779,0.963,maxElbowExtensionDominantPostHitch,7.345,11.167,3.822,maxKneeFlexionNonDominantPostHitch,-78.764,-66.764,12.0,BallVeloRelease__zwithin,-2.042,-1.542,0.5,maxKneeExtensionNonDominantHitch,-78.662,-66.662,12.0
Player 98,12161,Catch and Shoot,Left,4,BallVeloRelease,5.213,6.255,1.043,BallVeloRelease__zwithin,-1.409,-0.909,0.5,maxElbowExtensionAvgPostHitch,11.053,13.767,2.714,maxElbowExtensionDominantPostHitch,10.516,11.167,0.651,maxKneeExtensionNonDominantHitch,-74.54,-62.54,12.0
Player 98,12162,Catch and Shoot,Left,4,BallVeloRelease,5.36,6.32,0.96,BallVeloRelease__zwithin,-1.174,-0.674,0.5,maxElbowExtensionAvgPostHitch,7.681,13.767,6.086,maxElbowExtensionDominantPostHitch,10.588,11.167,0.579,maxAnklePlantarflexionDomDiffPostHitch,-9.217,-7.374,1.843
Player 98,12164,Catch and Shoot,Left,4,TorsoVeloRelease,1.923,1.427,-0.497,BallVeloRelease__zwithin,0.222,0.356,0.134,maxElbowExtensionNonDominantPostHitch,11.145,16.143,4.998,timeToMaxShoulderExtensionNonDominantPreHitch,0.35,0.3,-0.05,maxElbowExtensionAvgPostHitch,9.849,13.767,3.917
Player 98,12165,Catch and Shoot,Left,4,maxElbowExtensionDominantPostHitch,-0.003,11.167,11.169,timeToMaxShoulderExtensionNonDominantPreHitch,0.3,0.3,0.0,maxKneeExtensionDominantPostHitch,-28.239,-25.884,2.355,maxElbowExtensionNonDominantPostHitch,1.851,13.852,12.0,maxKneeExtensionAvgPostHitch,-28.217,-24.939,3.278
Player 98,12166,Catch and Shoot,Left,4,maxElbowExtensionDominantPostHitch,6.1,11.167,5.066,BallVeloRelease__zwithin,0.024,0.356,0.332,maxKneeExtensionNonDominantPostHitch,-24.656,-23.737,0.919,maxElbowExtensionNonDominantPostHitch,9.657,16.143,6.486,maxShoulderFlexionDomDiffHitch,6.125,0.216,-5.909
Player 98,12169,Catch and Shoot,Left,4,maxElbowExtensionDominantPostHitch,3.34,11.167,7.827,maxElbowExtensionNonDominantPostHitch,2.449,14.448,12.0,BallVeloRelease__zwithin,0.177,0.356,0.179,maxElbowExtensionAvgPostHitch,2.894,13.767,10.873,maxKneeExtensionAvgPostHitch,-24.531,-24.939,-0.408
Player 98,12171,Catch and Shoot,Left,4,maxElbowExtensionDominantPostHitch,4.079,11.167,7.088,maxElbowExtensionNonDominantPostHitch,9.617,16.143,6.526,maxElbowExtensionAvgPostHitch,6.848,13.767,6.919,BallVeloRelease__zwithin,-0.07,0.356,0.426,maxKneeExtensionDominantPostHitch,-38.797,-26.797,12.0
Player 98,12181,Off the Dribble,Left,4,HipAlignmentPreHitch__zwithin,1.239,0.991,-0.248,HipAlignmentRelease__zwithin,1.112,0.889,-0.222,timeToMaxShoulderExtensionNonDominantPreHitch,0.291,0.125,-0.166,HipAlignmentPostHitch__zwithin,1.124,0.899,-0.225,KneeTotalROMAvg,43.282,50.88,7.598
Player 98,12182,Off the Dribble,Left,4,HipAlignmentPreHitch__zwithin,1.217,0.974,-0.243,HipAlignmentRelease__zwithin,1.177,0.942,-0.235,TorsoVeloRelease,2.061,1.561,-0.5,timeToMaxShoulderExtensionNonDominantPreHitch,0.35,0.125,-0.225,maxElbowExtensionNonDominantPostHitch,10.828,21.712,10.884
Player 98,12183,Catch and Shoot,Left,4,BallVeloRelease,5.816,6.32,0.505,HipAlignmentPreHitch__zwithin,1.084,0.867,-0.217,TorsoVeloRelease,1.759,1.427,-0.332,maxElbowExtensionDominantPostHitch,7.303,11.167,3.864,HipAlignmentRelease__zwithin,1.136,0.909,-0.227
Player 98,12184,Catch and Shoot,Left,4,BallVeloRelease,5.905,6.32,0.415,HipAlignmentPreHitch__zwithin,1.184,0.948,-0.237,maxKneeExtensionDominantHitch,-68.324,-62.568,5.756,HipAlignmentRelease__zwithin,1.193,0.955,-0.239,ShoulderAlignmentPostHitch__zwithin,1.156,0.925,-0.231
Player 98,12185,Catch and Shoot,Left,4,HipAlignmentPreHitch__zwithin,1.064,0.851,-0.213,HipAlignmentRelease__zwithin,1.149,0.919,-0.23,maxElbowExtensionNonDominantPostHitch,7.429,16.143,8.714,HipAlignmentPostHitch__zwithin,1.182,0.946,-0.236,timeToMaxShoulderExtensionNonDominantPreHitch,0.259,0.3,0.041
Player 98,12186,Catch and Shoot,Left,4,HipAlignmentPreHitch__zwithin,1.153,0.923,-0.231,HipAlignmentRelease__zwithin,1.099,0.879,-0.22,timeToMaxShoulderExtensionNonDominantPreHitch,0.35,0.3,-0.05,HipAlignmentPostHitch__zwithin,1.183,0.946,-0.237,maxShoulderFlexionDomDiffHitch,8.906,0.216,-8.69
Player 98,12187,Off the Dribble,Left,4,maxKneeExtensionDomDiffHitch,-17.724,-5.724,12.0,HipAlignmentPreHitch__zwithin,1.164,0.931,-0.233,maxElbowExtensionDominantPostHitch,2.989,13.883,10.894,maxKneeExtensionDominantHitch,-70.598,-58.598,12.0,timeToMaxShoulderExtensionNonDominantPreHitch,0.308,0.125,-0.183
Player 98,12188,Catch and Shoot,Left,4,BallVeloRelease,5.219,6.263,1.044,TorsoVeloRelease,1.868,1.427,-0.441,HipAlignmentPreHitch__zwithin,1.103,0.883,-0.221,maxKneeExtensionDomDiffHitch,-18.259,-6.259,12.0,HipAlignmentRelease__zwithin,1.233,0.987,-0.247
Player 98,12189,Off the Dribble,Left,4,HipAlignmentPreHitch__zwithin,1.139,0.911,-0.228,TorsoVeloRelease,2.05,1.55,-0.5,maxElbowExtensionDominantPostHitch,8.486,13.883,5.397,maxElbowExtensionNonDominantPostHitch,5.947,17.947,12.0,HipAlignmentRelease__zwithin,1.29,1.032,-0.258
Player 98,12190,Off the Dribble,Left,4,BallVeloRelease,5.744,6.057,0.313,TorsoVeloRelease,2.511,2.009,-0.502,HipAlignmentPreHitch__zwithin,1.211,0.969,-0.242,TorsoVeloRelease__zwithin,2.991,2.393,-0.598,maxKneeExtensionDomDiffHitch,-12.501,-0.501,12.0
Player 98,12191,Catch and Shoot,Left,4,timeToMaxShoulderExtensionNonDominantPreHitch,0.466,0.3,-0.166,maxKneeExtensionDominantPostHitch,-28.564,-25.884,2.68,maxKneeExtensionNonDominantPostHitch,-30.172,-23.737,6.435,maxKneeExtensionAvgPostHitch,-29.368,-24.939,4.429,maxElbowExtensionNonDominantPostHitch,18.455,16.143,-2.313
Player 98,12194,Catch and Shoot,Left,4,maxElbowExtensionDominantPostHitch,4.548,11.167,6.618,timeToMaxShoulderExtensionNonDominantPreHitch,0.483,0.3,-0.183,maxKneeExtensionDominantPostHitch,-32.261,-25.884,6.377,maxKneeExtensionAvgPostHitch,-31.821,-24.939,6.881,maxElbowExtensionAvgPostHitch,8.216,13.767,5.551
Player 98,12195,Catch and Shoot,Left,4,BallVeloRelease,5.213,6.256,1.043,HipAlignmentPreHitch__zwithin,1.074,0.859,-0.215,BallVeloRelease__zwithin,-1.408,-0.908,0.5,HipAlignmentRelease__zwithin,1.127,0.901,-0.225,maxElbowExtensionNonDominantPostHitch,10.992,16.143,5.151
Player 98,12198,Catch and Shoot,Left,4,maxElbowExtensionDominantPostHitch,6.37,11.167,4.797,timeToMaxShoulderExtensionNonDominantPreHitch,0.509,0.3,-0.209,maxKneeExtensionDominantPostHitch,-31.755,-25.884,5.871,maxElbowExtensionAvgPostHitch,9.718,13.767,4.049,maxElbowExtensionNonDominantPostHitch,13.066,16.143,3.076
Player 98,12199,Catch and Shoot,Left,4,maxElbowExtensionDominantPostHitch,6.425,11.167,4.741,timeToMaxShoulderExtensionNonDominantPreHitch,0.45,0.3,-0.15,maxKneeExtensionDominantPostHitch,-29.172,-25.884,3.288,maxKneeExtensionAvgPostHitch,-26.573,-24.939,1.633,maxShoulderFlexionDomDiffHitch,5.062,0.216,-4.845
Player 98,12200,Catch and Shoot,Left,4,timeToMaxShoulderExtensionNonDominantPreHitch,0.375,0.3,-0.075,maxKneeExtensionDominantPostHitch,-33.13,-25.884,7.245,maxElbowExtensionNonDominantPostHitch,14.658,16.143,1.485,maxKneeExtensionAvgPostHitch,-30.102,-24.939,5.163,maxElbowExtensionAvgPostHitch,13.724,13.767,0.042
Player 98,12202,Catch and Shoot,Left,4,HipAlignmentPreHitch__zwithin,1.096,0.876,-0.219,HipAlignmentRelease__zwithin,1.03,0.824,-0.206,maxKneeExtensionDominantPostHitch,-27.421,-25.884,1.537,timeToMaxShoulderExtensionNonDominantPreHitch,0.25,0.3,0.05,HipAlignmentPostHitch__zwithin,1.248,0.998,-0.25
Player 98,12206,Catch and Shoot,Left,4,maxElbowExtensionDominantPostHitch,7.012,11.167,4.155,BallVeloRelease__zwithin,0.147,0.356,0.209,maxElbowExtensionNonDominantPostHitch,15.86,16.143,0.283,maxKneeExtensionAvgPostHitch,-32.846,-24.939,7.906,maxElbowExtensionAvgPostHitch,11.436,13.767,2.331
Player 98,12208,Off the Dribble,Left,4,maxAnklePlantarflexionDomDiffHitch,12.686,10.149,-2.537,maxElbowExtensionNonDominantPostHitch,11.066,21.712,10.646,BallVeloRelease__zwithin,-0.036,-0.064,-0.027,maxKneeExtensionNonDominantPostHitch,-23.486,-23.194,0.292,timeToMaxShoulderExtensionNonDominantPreHitch,0.341,0.125,-0.216
Player 98,12209,Off the Dribble,Left,4,timeToMaxShoulderExtensionNonDominantPreHitch,0.666,0.125,-0.541,maxElbowExtensionDominantPostHitch,7.096,13.883,6.787,BallVeloRelease__zwithin,0.192,-0.064,-0.255,maxKneeExtensionNonDominantPostHitch,-26.549,-23.194,3.355,maxKneeExtensionAvgPostHitch,-21.676,-23.193,-1.517
Player 98,12212,Catch and Shoot,Left,4,maxElbowExtensionDominantPostHitch,5.039,11.167,6.128,maxKneeExtensionDominantPostHitch,-30.66,-25.884,4.775,maxElbowExtensionNonDominantPostHitch,1.826,13.826,12.0,maxElbowExtensionAvgPostHitch,3.432,13.767,10.334,timeToMaxShoulderExtensionNonDominantPreHitch,0.45,0.3,-0.15
Player 98,12213,Catch and Shoot,Left,4,BallVeloRelease__zwithin,0.168,0.356,0.188,maxElbowExtensionDominantPostHitch,7.691,11.167,3.476,maxElbowExtensionAvgPostHitch,8.776,13.767,4.991,maxKneeExtensionAvgPostHitch,-28.056,-24.939,3.117,maxKneeExtensionDominantPostHitch,-29.398,-25.884,3.514
Player 98,12216,Off the Dribble,Left,4,BallVeloRelease,5.929,6.057,0.128,maxElbowExtensionDominantPostHitch,8.056,13.883,5.828,BallVeloRelease__zwithin,-0.268,-0.064,0.205,maxKneeExtensionNonDominantPostHitch,-27.995,-23.194,4.801,maxElbowExtensionAvgPostHitch,11.915,19.266,7.351
Player 98,12221,Catch and Shoot,Left,4,BallVeloRelease,5.77,6.32,0.55,KneeTotalROMAvg,41.493,49.791,8.299,maxElbowExtensionDominantPostHitch,0.006,11.167,11.16,maxElbowExtensionNonDominantPostHitch,1.547,13.547,12.0,BallVeloRelease__zwithin,-0.521,-0.021,0.5
Player 98,12222,Off the Dribble,Left,4,BallVeloRelease,3.779,4.535,0.756,TorsoVeloPostHitch,0.543,1.043,0.5,timeToMaxShoulderFlexionDominantPostHitch,0.5,0.683,0.183,TorsoVeloRelease,1.845,1.346,-0.5,BallVeloRelease__zwithin,-3.695,-2.956,0.739
Player 98,12223,Off the Dribble,Left,4,maxElbowExtensionDominantPostHitch,7.992,13.883,5.891,BallVeloRelease__zwithin,0.034,-0.064,-0.097,maxKneeExtensionNonDominantPostHitch,-25.399,-23.194,2.205,maxKneeExtensionAvgPostHitch,-21.63,-23.193,-1.563,maxElbowExtensionNonDominantPostHitch,17.927,21.712,3.786
Player 98,12224,Off the Dribble,Left,4,BallVeloRelease,5.684,6.057,0.372,ShoulderTotalROMNonDominant__zwithin,-2.609,-2.087,0.522,BallVeloRelease__zwithin,-0.657,-0.157,0.5,KneeTotalROMAvg,45.103,50.88,5.777,maxKneeExtensionNonDominantPostHitch,-24.894,-23.194,1.7
Player 98,12225,Off the Dribble,Left,4,BallVeloRelease,5.536,6.057,0.521,TorsoVeloRelease,1.709,1.285,-0.424,BallVeloRelease__zwithin,-0.894,-0.394,0.5,KneeTotalROMAvg,42.395,50.874,8.479,ShoulderTotalROMDominant,94.397,113.276,18.879
Player 98,12227,Off the Dribble,Left,4,BallVeloRelease,5.827,6.057,0.23,TorsoVeloRelease,1.704,1.285,-0.419,BallVeloRelease__zwithin,-0.43,-0.064,0.367,timeToMaxShoulderExtensionNonDominantPreHitch,0.258,0.125,-0.133,maxKneeExtensionAvgPostHitch,-20.723,-23.193,-2.47
Player 98,12228,Catch and Shoot,Left,4,BallVeloRelease,5.747,6.32,0.573,BallVeloRelease__zwithin,-0.557,-0.057,0.5,maxKneeExtensionAvgPostHitch,-20.465,-24.939,-4.475,ShoulderAlignmentRelease__zwithin,-1.46,-1.168,0.292,timeToMaxHipFlexionDomDiffPostHitch__zwithin,0.011,0.011,-0.0
Player 98,12229,Off the Dribble,Left,4,BallVeloRelease,5.695,6.057,0.362,BallVeloRelease__zwithin,-0.641,-0.141,0.5,maxElbowExtensionNonDominantPostHitch,15.722,21.712,5.991,maxKneeExtensionAvgPostHitch,-21.935,-23.193,-1.258,ShoulderTotalROMDominant,101.993,122.391,20.399
Player 98,12231,Off the Dribble,Left,4,BallVeloRelease__zwithin,0.015,-0.064,-0.079,maxElbowExtensionNonDominantPostHitch,8.547,20.547,12.0,maxKneeExtensionNonDominantPostHitch,-25.198,-23.194,2.003,KneeTotalROMAvg,42.823,50.88,8.057,maxElbowExtensionDominantPostHitch,8.731,13.883,5.152
Player 98,12233,Off the Dribble,Left,4,maxElbowExtensionDominantPostHitch,0.208,12.208,12.0,BallVeloRelease,5.989,6.057,0.068,BallVeloRelease__zwithin,-0.172,-0.064,0.108,maxElbowExtensionNonDominantPostHitch,22.333,21.712,-0.621,maxElbowExtensionAvgPostHitch,11.271,19.266,7.995
Player 98,12235,Off the Dribble,Left,4,maxElbowExtensionDominantPostHitch,0.191,12.191,12.0,BallVeloRelease__zwithin,-0.016,-0.064,-0.048,maxElbowExtensionNonDominantPostHitch,15.592,21.712,6.12,timeToMaxShoulderExtensionNonDominantPreHitch,0.267,0.125,-0.142,maxKneeExtensionNonDominantPostHitch,-26.231,-23.194,3.037
Player 98,12236,Off the Dribble,Left,4,maxAnkleDorsiflexionDomDiffPostHitch,16.261,13.008,-3.252,BallVeloRelease__zwithin,0.071,-0.064,-0.135,timeToMaxShoulderExtensionNonDominantPreHitch,0.316,0.125,-0.191,maxElbowExtensionNonDominantPostHitch,13.893,21.712,7.819,maxElbowExtensionAvgPostHitch,12.212,19.266,7.053
Player 98,12237,Off the Dribble,Left,4,BallVeloRelease,5.882,6.057,0.175,maxElbowExtensionDominantPostHitch,4.449,13.883,9.434,BallVeloRelease__zwithin,-0.343,-0.064,0.279,maxElbowExtensionNonDominantPostHitch,12.815,21.712,8.898,maxElbowExtensionAvgPostHitch,8.632,19.266,10.633
Player 98,12240,Off the Dribble,Left,4,BallVeloRelease__zwithin,-0.222,-0.064,0.158,BallVeloRelease,5.958,6.057,0.099,maxKneeExtensionNonDominantPostHitch,-26.581,-23.194,3.387,ShoulderAlignmentRelease__zwithin,-1.532,-1.226,0.306,maxKneeExtensionAvgPostHitch,-23.375,-23.193,0.182
Player 98,12258,Catch and Shoot,Left,4,TorsoTotalROMAvg__zwithin,2.59,2.072,-0.518,BallVeloRelease__zwithin,0.202,0.356,0.154,maxElbowExtensionDominantPostHitch,6.047,11.167,5.12,maxElbowExtensionNonDominantPostHitch,5.768,16.143,10.375,maxElbowExtensionAvgPostHitch,5.907,13.767,7.859
Player 98,12259,Catch and Shoot,Left,4,TorsoTotalROMAvg__zwithin,2.783,2.227,-0.557,BallVeloRelease__zwithin,0.074,0.356,0.282,maxElbowExtensionDominantPostHitch,3.137,11.167,8.029,maxElbowExtensionNonDominantPostHitch,12.857,16.143,3.286,maxElbowExtensionAvgPostHitch,7.997,13.767,5.769
Player 98,12264,Catch and Shoot,Left,4,BallVeloRelease,5.437,6.32,0.883,maxKneeExtensionDomDiffHitch,-18.652,-6.652,12.0,BallVeloRelease__zwithin,-1.052,-0.552,0.5,HipAlignmentPreHitch__zwithin,1.026,0.821,-0.205,maxAnklePlantarflexionDomDiffHitch,12.178,9.743,-2.436
Player 98,12265,Catch and Shoot,Left,4,BallVeloRelease,5.796,6.32,0.524,maxKneeExtensionDomDiffHitch,-21.261,-9.261,12.0,HipAlignmentPreHitch__zwithin,1.243,0.994,-0.249,KneeTotalROMAvg,44.845,50.329,5.485,BallVeloRelease__zwithin,-0.479,0.021,0.5
Player 98,12266,Catch and Shoot,Left,4,maxKneeExtensionDomDiffHitch,-17.196,-5.196,12.0,HipAlignmentPreHitch__zwithin,1.001,0.8,-0.2,maxAnkleDorsiflexionDomDiffPostHitch,13.745,10.996,-2.749,BallVeloRelease,5.914,6.32,0.406,maxAnklePlantarflexionDomDiffHitch,19.813,15.851,-3.963
Player 98,12267,Catch and Shoot,Left,3,maxKneeExtensionDomDiffHitch,-20.99,-8.99,12.0,maxAnkleDorsiflexionDomDiffPostHitch,13.062,10.45,-2.612,maxAnklePlantarflexionDomDiffHitch,17.392,13.914,-3.478,maxElbowFlexionAvgPreHitch,117.525,105.525,-12.0,BallVeloRelease,6.013,6.32,0.307
Player 98,12268,Catch and Shoot,Left,3,BallVeloRelease,4.945,5.934,0.989,maxAnkleDorsiflexionDomDiffPostHitch,14.451,11.561,-2.89,maxKneeExtensionDomDiffHitch,-16.651,-4.651,12.0,maxAnklePlantarflexionDomDiffHitch,19.394,15.516,-3.879,BallVeloRelease__zwithin,-1.837,-1.337,0.5
Player 98,12269,Catch and Shoot,Left,4,BallVeloRelease,3.251,3.901,0.65,ankleTotalROMAvg,-14.488,-17.385,-2.898,maxKneeExtensionDomDiffHitch,-18.574,-6.574,12.0,BallVeloRelease__zwithin,-4.536,-3.629,0.907,ShoulderTotalROMNonDominant__zwithin,-3.064,-2.451,0.613
Player 98,12270,Catch and Shoot,Left,4,BallVeloRelease,5.91,6.32,0.41,HipAlignmentPreHitch__zwithin,1.115,0.892,-0.223,maxKneeExtensionDomDiffHitch,-16.881,-4.881,12.0,maxElbowExtensionDominantPostHitch,1.904,11.167,9.262,TorsoVeloRelease,1.633,1.427,-0.206
Player 98,12271,Catch and Shoot,Left,4,HipAlignmentPreHitch__zwithin,1.177,0.942,-0.235,maxKneeExtensionDomDiffHitch,-18.854,-6.854,12.0,timeToMaxShoulderExtensionNonDominantPreHitch,0.275,0.3,0.025,maxKneeExtensionDominantPostHitch,-24.351,-25.884,-1.533,maxShoulderExtensionDominantPostHitch,61.095,73.095,12.0
Player 98,12272,Catch and Shoot,Left,4,HipAlignmentPreHitch__zwithin,1.296,1.037,-0.259,maxKneeExtensionDomDiffHitch,-17.818,-5.818,12.0,HipAlignmentRelease__zwithin,1.098,0.879,-0.22,HipAlignmentPostHitch__zwithin,1.182,0.946,-0.236,timeToMaxShoulderExtensionNonDominantPreHitch,0.292,0.3,0.008
Player 98,12273,Catch and Shoot,Left,4,HipAlignmentPreHitch__zwithin,1.138,0.91,-0.228,HipAlignmentRelease__zwithin,0.999,0.799,-0.2,timeToMaxShoulderExtensionNonDominantPreHitch,0.309,0.3,-0.009,maxElbowExtensionDominantPostHitch,7.718,11.167,3.448,maxKneeExtensionDomDiffHitch,-12.93,-3.187,9.744
Player 98,12274,Catch and Shoot,Left,4,maxKneeExtensionDomDiffHitch,-17.645,-5.645,12.0,HipAlignmentPreHitch__zwithin,1.3,1.04,-0.26,HipAlignmentRelease__zwithin,1.214,0.972,-0.243,maxElbowExtensionNonDominantPostHitch,6.978,16.143,9.165,TorsoVeloRelease,1.909,1.427,-0.483
Player 98,12275,Off the Dribble,Left,4,maxKneeExtensionDomDiffHitch,-17.548,-5.548,12.0,HipAlignmentRelease__zwithin,1.028,0.822,-0.206,HipAlignmentPreHitch__zwithin,0.953,0.763,-0.191,maxElbowExtensionAvgPostHitch,6.633,18.633,12.0,HipAlignmentPostHitch__zwithin,1.132,0.905,-0.226
Player 98,12277,Catch and Shoot,Left,4,HipAlignmentPreHitch__zwithin,1.055,0.844,-0.211,ShoulderAlignmentPostHitch__zwithin,1.01,0.808,-0.202,maxKneeExtensionDominantHitch,-69.803,-62.568,7.236,maxElbowExtensionNonDominantPostHitch,10.458,16.143,5.685,timeToMaxShoulderExtensionNonDominantPreHitch,0.267,0.3,0.033
Player 98,12278,Off the Dribble,Left,4,HipAlignmentPreHitch__zwithin,1.113,0.89,-0.223,ShoulderAlignmentPostHitch__zwithin,1.159,0.927,-0.232,maxKneeExtensionDominantHitch,-73.035,-61.035,12.0,timeToMaxShoulderExtensionNonDominantPreHitch,0.359,0.125,-0.234,HipAlignmentRelease__zwithin,1.195,0.956,-0.239
Player 98,12279,Catch and Shoot,Left,4,HipAlignmentPreHitch__zwithin,1.227,0.982,-0.245,HipAlignmentRelease__zwithin,1.082,0.865,-0.216,timeToMaxShoulderExtensionNonDominantPreHitch,0.267,0.3,0.033,maxElbowExtensionDominantPostHitch,6.337,11.167,4.83,HipAlignmentPostHitch__zwithin,1.28,1.024,-0.256
Player 98,12280,Catch and Shoot,Left,4,maxKneeExtensionDomDiffHitch,-16.173,-4.173,12.0,HipAlignmentPreHitch__zwithin,1.197,0.957,-0.239,timeToMaxShoulderExtensionNonDominantPreHitch,0.275,0.3,0.025,HipAlignmentRelease__zwithin,0.983,0.786,-0.197,maxKneeExtensionDominantPostHitch,-27.514,-25.884,1.629
Player 98,12281,Catch and Shoot,Left,4,HipAlignmentPreHitch__zwithin,1.148,0.919,-0.23,maxElbowExtensionDominantPostHitch,5.849,11.167,5.318,timeToMaxShoulderExtensionNonDominantPreHitch,0.275,0.3,0.025,BallVeloRelease,6.007,6.32,0.313,maxElbowExtensionNonDominantPostHitch,10.233,16.143,5.91
Player 98,12282,Off the Dribble,Left,4,HipAlignmentPreHitch__zwithin,1.197,0.958,-0.239,BallVeloRelease,5.954,6.057,0.103,maxElbowExtensionNonDominantPostHitch,4.313,16.313,12.0,HipAlignmentRelease__zwithin,1.272,1.017,-0.254,timeToMaxShoulderExtensionNonDominantPreHitch,0.325,0.125,-0.2
Player 98,12283,Off the Dribble,Left,4,ElbowFlexionAtT0NonDominant,111.379,99.379,-12.0,HipAlignmentPreHitch__zwithin,1.269,1.015,-0.254,maxAnklePlantarflexionNonDominantPostHitch,-30.952,-28.533,2.419,HipAlignmentPostHitch__zwithin,1.143,0.914,-0.229,HipAlignmentRelease__zwithin,1.134,0.907,-0.227
Player 98,12284,Catch and Shoot,Left,4,HipAlignmentRelease__zwithin,1.393,1.115,-0.279,HipAlignmentPreHitch__zwithin,1.425,1.14,-0.285,HipAlignmentPostHitch__zwithin,1.255,1.004,-0.251,timeToMaxShoulderExtensionNonDominantPreHitch,0.275,0.3,0.025,timeToMaxElbowExtensionDomDiffPostHitch,0.033,0.008,-0.025
Player 98,12293,Catch and Shoot,Left,4,timeToMaxShoulderExtensionNonDominantPreHitch,0.341,0.3,-0.041,maxKneeExtensionDominantPostHitch,-28.301,-25.884,2.417,maxElbowExtensionDominantPostHitch,8.012,11.167,3.155,maxElbowExtensionNonDominantPostHitch,13.809,16.143,2.334,maxElbowExtensionAvgPostHitch,10.91,13.767,2.856
Player 98,12296,Catch and Shoot,Left,4,maxElbowExtensionDominantPostHitch,7.074,11.167,4.092,timeToMaxShoulderExtensionNonDominantPreHitch,0.384,0.3,-0.084,maxKneeExtensionAvgPostHitch,-27.355,-24.939,2.416,maxElbowExtensionAvgPostHitch,10.056,13.767,3.711,BallVeloRelease__zwithin,0.294,0.356,0.062
Player 98,12297,Off the Dribble,Left,4,maxElbowExtensionNonDominantPostHitch,3.008,15.008,12.0,maxElbowExtensionDominantPostHitch,3.567,13.883,10.316,BallVeloRelease__zwithin,0.235,-0.064,-0.299,maxKneeExtensionNonDominantPostHitch,-30.786,-23.194,7.592,maxElbowExtensionAvgPostHitch,3.287,15.287,12.0
Player 98,12298,Catch and Shoot,Left,4,maxElbowExtensionDominantPostHitch,5.686,11.167,5.481,BallVeloRelease__zwithin,0.209,0.356,0.147,maxElbowExtensionAvgPostHitch,8.63,13.767,5.137,maxKneeExtensionNonDominantPostHitch,-23.57,-23.737,-0.166,timeToMaxShoulderExtensionNonDominantPreHitch,0.366,0.3,-0.066
Player 98,12299,Off the Dribble,Left,4,BallVeloRelease__zwithin,-0.065,-0.064,0.001,maxKneeExtensionDominantPostHitch,-30.724,-23.7,7.024,maxElbowExtensionAvgPostHitch,12.766,19.266,6.499,maxElbowExtensionNonDominantPostHitch,13.653,21.712,8.059,timeToMaxShoulderExtensionNonDominantPreHitch,0.425,0.125,-0.3
Player 98,12300,Catch and Shoot,Left,4,BallVeloRelease,5.88,6.32,0.44,maxElbowExtensionDominantPostHitch,2.914,11.167,8.252,BallVeloRelease__zwithin,-0.345,0.155,0.5,maxElbowExtensionNonDominantPostHitch,4.744,16.143,11.399,maxElbowExtensionAvgPostHitch,3.829,13.767,9.938
Player 98,12303,Catch and Shoot,Left,4,maxElbowExtensionDominantPostHitch,7.929,11.167,3.238,maxElbowExtensionNonDominantPostHitch,9.855,16.143,6.288,BallVeloRelease__zwithin,0.148,0.356,0.208,maxKneeExtensionNonDominantPostHitch,-29.826,-23.737,6.089,maxElbowExtensionAvgPostHitch,8.892,13.767,4.875
Player 98,12304,Catch and Shoot,Left,4,HipAlignmentPreHitch__zwithin,1.189,0.951,-0.238,HipAlignmentRelease__zwithin,0.99,0.792,-0.198,timeToMaxShoulderExtensionNonDominantPreHitch,0.392,0.3,-0.092,maxElbowExtensionNonDominantPostHitch,5.998,16.143,10.145,maxKneeExtensionDominantPostHitch,-28.518,-25.884,2.633
Player 98,12305,Catch and Shoot,Left,4,HipAlignmentPreHitch__zwithin,1.16,0.928,-0.232,HipAlignmentRelease__zwithin,1.236,0.989,-0.247,timeToMaxShoulderExtensionNonDominantPreHitch,0.35,0.3,-0.05,maxElbowExtensionDominantPostHitch,3.923,11.167,7.244,maxKneeExtensionDomDiffHitch,-8.503,-3.187,5.317
Player 98,12306,Off the Dribble,Left,4,HipAlignmentPreHitch__zwithin,1.224,0.979,-0.245,timeToMaxShoulderExtensionNonDominantPreHitch,0.283,0.125,-0.158,HipAlignmentRelease__zwithin,1.158,0.926,-0.232,HipAlignmentPostHitch__zwithin,1.161,0.929,-0.232,maxElbowExtensionNonDominantPostHitch,11.975,21.712,9.737
Player 98,12307,Catch and Shoot,Left,4,HipAlignmentPreHitch__zwithin,1.311,1.049,-0.262,HipAlignmentRelease__zwithin,1.066,0.853,-0.213,timeToMaxShoulderExtensionNonDominantPreHitch,0.333,0.3,-0.033,HipAlignmentPostHitch__zwithin,1.248,0.999,-0.25,maxKneeExtensionDominantPostHitch,-23.171,-25.884,-2.713
Player 98,12308,Catch and Shoot,Left,4,maxKneeExtensionDominantPostHitch,-29.566,-25.884,3.682,timeToMaxShoulderExtensionNonDominantPreHitch,0.433,0.3,-0.133,maxElbowExtensionNonDominantPostHitch,7.651,16.143,8.492,TorsoVeloRelease,1.929,1.429,-0.5,maxElbowExtensionDominantPostHitch,5.877,11.167,5.29
Player 98,12309,Off the Dribble,Left,4,HipAlignmentPreHitch__zwithin,1.203,0.962,-0.241,HipAlignmentRelease__zwithin,1.086,0.869,-0.217,timeToMaxShoulderExtensionNonDominantPreHitch,0.3,0.125,-0.175,HipAlignmentPostHitch__zwithin,1.246,0.997,-0.249,maxShoulderFlexionDomDiffHitch,5.358,-1.518,-6.876
Player 98,12310,Catch and Shoot,Left,4,maxElbowExtensionDominantPostHitch,6.711,11.167,4.456,timeToMaxShoulderExtensionNonDominantPreHitch,0.475,0.3,-0.175,maxElbowExtensionAvgPostHitch,10.996,13.767,2.77,maxAnklePlantarflexionDomDiffPostHitch,-8.522,-6.818,1.704,maxKneeExtensionAvgPostHitch,-23.489,-24.939,-1.451
Player 98,12311,Catch and Shoot,Left,4,maxKneeExtensionDominantPostHitch,-33.243,-25.884,7.359,BallVeloRelease__zwithin,0.252,0.356,0.104,timeToMaxShoulderExtensionNonDominantPreHitch,0.35,0.3,-0.05,maxElbowExtensionDominantPostHitch,6.688,11.167,4.479,maxElbowExtensionAvgPostHitch,10.135,13.767,3.631
Player 98,12312,Off the Dribble,Left,4,timeToMaxElbowExtensionNonDominantPostHitch,0.375,0.658,0.283,HipAlignmentPreHitch__zwithin,1.103,0.882,-0.221,timeToMaxShoulderFlexionDominantPostHitch,0.375,0.683,0.308,timeToMaxShoulderExtensionDominantPreHitch__zwithin,-1.074,-0.391,0.683,maxKneeExtensionDominantHitch,-68.998,-56.998,12.0
Player 98,12313,Catch and Shoot,Left,4,HipAlignmentPreHitch__zwithin,1.183,0.947,-0.237,timeToMaxShoulderExtensionNonDominantPreHitch,0.441,0.3,-0.141,HipAlignmentPostHitch__zwithin,1.07,0.856,-0.214,HipAlignmentRelease__zwithin,1.193,0.955,-0.239,maxElbowExtensionNonDominantPostHitch,12.317,16.143,3.826
Player 98,12315,Catch and Shoot,Left,4,BallVeloRelease__zwithin,-0.139,0.356,0.495,maxElbowExtensionDominantPostHitch,8.199,11.167,2.967,timeToMaxShoulderExtensionNonDominantPreHitch,0.416,0.3,-0.116,maxShoulderExtensionDominantPostHitch,58.502,70.502,12.0,maxElbowExtensionAvgPostHitch,9.593,13.767,4.174
Player 98,12316,Catch and Shoot,Left,4,HipAlignmentRelease,-163.987,-196.785,-32.797,maxKneeExtensionAvgPostHitch,-25.68,-24.939,0.74,maxElbowExtensionNonDominantPostHitch,13.003,16.143,3.14,timeToMaxShoulderExtensionNonDominantPreHitch,0.4,0.3,-0.1,maxKneeExtensionDominantPreHitch__zwithin,0.857,-0.171,-1.028
Player 98,12317,Catch and Shoot,Left,4,timeToMaxShoulderExtensionNonDominantPreHitch,0.359,0.3,-0.059,maxElbowExtensionDominantPostHitch,4.543,11.167,6.624,maxKneeExtensionDominantPostHitch,-25.765,-25.884,-0.119,maxKneeExtensionAvgPostHitch,-26.308,-24.939,1.368,maxElbowExtensionNonDominantPostHitch,16.942,16.143,-0.799
Player 98,12318,Catch and Shoot,Left,4,maxElbowExtensionDominantPostHitch,5.561,11.167,5.606,maxAnklePlantarflexionNonDominantPostHitch,-13.341,-16.01,-2.668,TorsoVeloRelease,1.932,1.432,-0.5,timeToMaxShoulderExtensionNonDominantPreHitch,0.292,0.3,0.008,maxElbowExtensionNonDominantPostHitch,10.722,16.143,5.421
Player 98,12319,Catch and Shoot,Left,4,timeToMaxShoulderExtensionNonDominantPreHitch,0.375,0.3,-0.075,maxKneeExtensionDominantPostHitch,-30.759,-25.884,4.875,maxKneeExtensionAvgPostHitch,-30.28,-24.939,5.34,maxAnklePlantarflexionDomDiffPostHitch,-10.86,-8.688,2.172,maxElbowExtensionNonDominantPostHitch,19.667,16.143,-3.524
Player 98,12321,Catch and Shoot,Left,4,timeToMaxShoulderExtensionNonDominantPreHitch,0.359,0.3,-0.059,maxKneeExtensionDominantPostHitch,-25.646,-25.884,-0.238,maxElbowExtensionNonDominantPostHitch,13.324,16.143,2.819,maxKneeExtensionAvgPostHitch,-27.096,-24.939,2.156,maxElbowExtensionAvgPostHitch,11.998,13.767,1.769
Player 98,12324,Catch and Shoot,Left,4,timeToMaxShoulderExtensionNonDominantPreHitch,0.325,0.3,-0.025,maxElbowExtensionDominantPostHitch,-0.015,11.167,11.182,maxKneeExtensionDominantPostHitch,-28.155,-25.884,2.271,maxKneeExtensionAvgPostHitch,-27.308,-24.939,2.369,KneeTotalROMAvg,44.979,50.329,5.35
Player 98,12327,Catch and Shoot,Left,4,KneeTotalROMAvg,39.683,47.62,7.937,maxElbowExtensionNonDominantPostHitch,8.28,16.143,7.862,maxElbowExtensionDominantPostHitch,6.146,11.167,5.02,maxKneeExtensionDominantPostHitch,-35.478,-25.884,9.593,timeToMaxShoulderExtensionNonDominantPreHitch,0.341,0.3,-0.041
Player 98,12328,Catch and Shoot,Left,4,maxElbowExtensionDominantPostHitch,-0.007,11.167,11.174,maxElbowExtensionNonDominantPostHitch,9.928,16.143,6.215,maxKneeExtensionDominantPostHitch,-32.962,-25.884,7.078,timeToMaxShoulderExtensionNonDominantPreHitch,0.309,0.3,-0.009,BallVeloRelease__zwithin,0.274,0.356,0.082
Player 98,12330,Off the Dribble,Left,4,maxElbowExtensionDominantPostHitch,4.947,13.883,8.936,BallVeloRelease__zwithin,-0.149,-0.064,0.086,maxElbowExtensionNonDominantPostHitch,11.857,21.712,9.856,maxElbowExtensionAvgPostHitch,8.402,19.266,10.863,maxKneeExtensionAvgPostHitch,-28.217,-23.193,5.024
Player 98,12331,Off the Dribble,Left,4,maxElbowExtensionDominantPostHitch,4.491,13.883,9.392,BallVeloRelease__zwithin,0.131,-0.064,-0.194,maxElbowExtensionNonDominantPostHitch,10.551,21.712,11.162,maxKneeExtensionAvgPostHitch,-27.674,-23.193,4.481,maxElbowExtensionAvgPostHitch,7.521,19.266,11.745
Player 98,12332,Off the Dribble,Left,4,maxElbowExtensionDominantPostHitch,7.923,13.883,5.96,BallVeloRelease__zwithin,0.133,-0.064,-0.197,maxElbowExtensionNonDominantPostHitch,8.0,20.0,12.0,maxKneeExtensionNonDominantPostHitch,-24.867,-23.194,1.673,maxKneeExtensionAvgPostHitch,-24.445,-23.193,1.252
Player 98,12334,Off the Dribble,Left,4,BallVeloRelease__zwithin,-0.168,-0.064,0.105,maxShoulderFlexionNonDominantPostHitch,121.058,133.058,12.0,timeToMaxElbowExtensionDomDiffPostHitch,0.033,0.008,-0.025,timeToMaxShoulderExtensionNonDominantPreHitch,0.291,0.125,-0.166,maxKneeExtensionNonDominantPostHitch,-26.22,-23.194,3.026
Player 98,12336,Off the Dribble,Left,4,BallVeloRelease__zwithin,0.169,-0.064,-0.232,timeToMaxShoulderExtensionNonDominantPreHitch,0.359,0.125,-0.234,maxKneeExtensionAvgPostHitch,-22.602,-23.193,-0.591,maxKneeExtensionNonDominantPostHitch,-24.687,-23.194,1.493,maxElbowExtensionNonDominantPostHitch,22.767,21.712,-1.055
Player 98,12340,Off the Dribble,Left,4,BallVeloRelease__zwithin,0.099,-0.064,-0.163,maxElbowExtensionNonDominantPostHitch,19.782,21.712,1.93,timeToMaxShoulderExtensionNonDominantPreHitch,0.283,0.125,-0.158,maxKneeExtensionAvgPostHitch,-22.976,-23.193,-0.217,maxKneeExtensionNonDominantPostHitch,-26.892,-23.194,3.698
Player 98,12342,Off the Dribble,Left,4,maxElbowExtensionDominantPostHitch,7.959,13.883,5.924,BallVeloRelease__zwithin,0.017,-0.064,-0.08,timeToMaxShoulderExtensionNonDominantPreHitch,0.341,0.125,-0.216,maxElbowExtensionNonDominantPostHitch,16.179,21.712,5.534,ShoulderAlignmentRelease__zwithin,-1.521,-1.217,0.304
Player 98,12345,Off the Dribble,Left,4,BallVeloRelease__zwithin,0.143,-0.064,-0.207,maxElbowExtensionNonDominantPostHitch,12.259,21.712,9.453,maxKneeExtensionAvgPostHitch,-27.176,-23.193,3.983,maxElbowExtensionAvgPostHitch,12.0,19.266,7.265,maxKneeExtensionNonDominantPostHitch,-30.104,-23.194,6.91
Player 98,12346,Off the Dribble,Left,4,BallVeloRelease,5.705,6.057,0.351,BallVeloRelease__zwithin,-0.624,-0.124,0.5,timeToMaxShoulderExtensionNonDominantPreHitch,0.275,0.125,-0.15,maxElbowExtensionNonDominantPostHitch,19.706,21.712,2.006,maxKneeExtensionNonDominantPostHitch,-25.091,-23.194,1.897
Player 98,12352,Catch and Shoot,Left,4,maxElbowExtensionDominantPostHitch,7.077,11.167,4.09,BallVeloRelease__zwithin,0.217,0.356,0.139,maxElbowExtensionNonDominantPostHitch,9.842,16.143,6.301,maxElbowExtensionAvgPostHitch,8.46,13.767,5.307,timeToMaxShoulderExtensionNonDominantPreHitch,0.5,0.3,-0.2
Player 98,12357,Catch and Shoot,Left,4,timeToMaxShoulderExtensionNonDominantPreHitch,0.358,0.3,-0.058,maxKneeExtensionDominantPostHitch,-28.923,-25.884,3.039,timeToMaxShoulderExtensionDomDiffHitch__zwithin,0.045,-0.002,-0.047,maxElbowExtensionDominantPostHitch,6.922,11.167,4.244,maxElbowExtensionAvgPostHitch,10.709,13.767,3.058
Player 98,12358,Catch and Shoot,Left,4,maxElbowExtensionDominantPostHitch,7.757,11.167,3.41,timeToMaxShoulderExtensionNonDominantPreHitch,0.4,0.3,-0.1,maxKneeExtensionDominantPostHitch,-31.204,-25.884,5.32,timeToMaxShoulderExtensionDomDiffHitch__zwithin,0.006,-0.002,-0.008,maxElbowExtensionAvgPostHitch,12.116,13.767,1.651
Player 98,12360,Catch and Shoot,Left,4,BallVeloRelease__zwithin,-0.162,0.338,0.5,maxAnklePlantarflexionNonDominantPostHitch,-9.876,-11.851,-1.975,timeToMaxShoulderExtensionNonDominantPreHitch,0.467,0.3,-0.167,maxElbowExtensionAvgPostHitch,13.137,13.767,0.63,BallVeloRelease,5.995,6.32,0.325
Player 98,12361,Off the Dribble,Left,4,HipAlignmentPreHitch__zwithin,1.047,0.838,-0.209,timeToMaxShoulderExtensionNonDominantPreHitch,0.4,0.125,-0.275,HipAlignmentRelease__zwithin,1.053,0.842,-0.211,maxElbowExtensionDominantPostHitch,-0.001,11.999,12.0,HipAlignmentPostHitch__zwithin,1.18,0.944,-0.236
Player 98,12362,Catch and Shoot,Left,4,BallVeloRelease__zwithin,0.052,0.356,0.304,timeToMaxShoulderExtensionNonDominantPreHitch,0.366,0.3,-0.066,maxKneeExtensionNonDominantPostHitch,-29.469,-23.737,5.733,maxElbowExtensionNonDominantPostHitch,20.57,16.143,-4.427,maxKneeExtensionDominantPostHitch,-32.618,-25.884,6.734
Player 98,12363,Catch and Shoot,Left,4,HipAlignmentPreHitch__zwithin,1.164,0.931,-0.233,HipAlignmentRelease__zwithin,1.136,0.909,-0.227,maxElbowExtensionDominantPostHitch,-0.069,11.167,11.236,timeToMaxShoulderExtensionNonDominantPreHitch,0.267,0.3,0.033,HipAlignmentPostHitch__zwithin,1.118,0.895,-0.224
Player 98,12364,Off the Dribble,Left,4,HipAlignmentPreHitch__zwithin,1.095,0.876,-0.219,timeToMaxShoulderExtensionNonDominantPreHitch,0.708,0.125,-0.583,HipAlignmentRelease__zwithin,1.097,0.878,-0.219,TorsoVeloRelease,1.736,1.285,-0.451,maxElbowExtensionNonDominantPostHitch,10.945,21.712,10.767
Player 98,12367,Catch and Shoot,Left,4,HipAlignmentPreHitch__zwithin,1.167,0.933,-0.233,HipAlignmentRelease__zwithin,1.129,0.903,-0.226,maxElbowExtensionDominantPostHitch,4.341,11.167,6.826,timeToMaxShoulderExtensionNonDominantPreHitch,0.5,0.3,-0.2,maxElbowExtensionAvgPostHitch,7.509,13.767,6.258
Player 98,12368,Off the Dribble,Left,4,HipAlignmentPreHitch__zwithin,1.226,0.981,-0.245,maxElbowExtensionNonDominantPostHitch,10.418,21.712,11.294,HipAlignmentRelease__zwithin,1.022,0.818,-0.204,TorsoTotalROMAvg,20.542,16.434,-4.108,HipAlignmentPostHitch__zwithin,1.23,0.984,-0.246
Player 98,12369,Catch and Shoot,Left,4,BallVeloRelease__zwithin,0.058,0.356,0.298,timeToMaxShoulderExtensionNonDominantPreHitch,0.459,0.3,-0.159,maxKneeExtensionNonDominantPostHitch,-25.999,-23.737,2.262,maxElbowExtensionAvgPostHitch,12.44,13.767,1.327,maxKneeExtensionAvgPostHitch,-27.003,-24.939,2.064
Player 98,12370,Catch and Shoot,Left,4,BallVeloRelease,5.661,6.32,0.66,maxKneeExtensionDomDiffHitch,-20.405,-8.405,12.0,KneeTotalROMAvg,37.195,44.634,7.439,HipAlignmentRelease__zwithin,1.207,0.966,-0.241,HipAlignmentPreHitch__zwithin,1.003,0.803,-0.201
Player 98,12371,Catch and Shoot,Left,4,maxKneeExtensionDomDiffHitch,-16.802,-4.802,12.0,HipAlignmentPreHitch__zwithin,1.049,0.839,-0.21,timeToMaxShoulderExtensionNonDominantPreHitch,0.425,0.3,-0.125,HipAlignmentPostHitch__zwithin,1.072,0.858,-0.214,maxElbowExtensionNonDominantPostHitch,6.939,16.143,9.204
Player 98,12372,Off the Dribble,Left,4,BallVeloRelease,5.835,6.057,0.222,BallVeloRelease__zwithin,-0.417,-0.064,0.354,TorsoVeloRelease,1.586,1.285,-0.301,timeToMaxShoulderExtensionNonDominantPreHitch,0.425,0.125,-0.3,maxElbowExtensionNonDominantPostHitch,20.48,21.712,1.233
Player 98,12373,Catch and Shoot,Left,4,TorsoVeloRelease,2.145,1.645,-0.5,maxElbowExtensionNonDominantPostHitch,7.004,16.143,9.138,BallVeloRelease__zwithin,0.15,0.356,0.206,maxElbowExtensionAvgPostHitch,8.696,13.767,5.071,maxKneeExtensionDominantPostHitch,-33.523,-25.884,7.638
Player 98,12375,Catch and Shoot,Left,4,HipAlignmentPreHitch__zwithin,1.05,0.84,-0.21,timeToMaxShoulderExtensionNonDominantPreHitch,0.459,0.3,-0.159,maxElbowExtensionNonDominantPostHitch,7.989,16.143,8.154,HipAlignmentRelease__zwithin,1.094,0.875,-0.219,KneeTotalROMAvg,43.603,50.329,6.726
Player 98,12376,Catch and Shoot,Left,4,maxElbowExtensionDominantPostHitch,3.477,11.167,7.69,maxElbowExtensionNonDominantPostHitch,3.944,15.944,12.0,maxKneeExtensionDominantPostHitch,-31.637,-25.884,5.753,maxKneeExtensionAvgPostHitch,-31.191,-24.939,6.251,maxElbowExtensionAvgPostHitch,3.71,13.767,10.057
Player 98,12377,Off the Dribble,Left,4,BallVeloRelease,5.649,6.057,0.408,HipAlignmentPreHitch__zwithin,1.114,0.891,-0.223,timeToMaxShoulderExtensionNonDominantPreHitch,0.366,0.125,-0.241,HipAlignmentRelease__zwithin,1.297,1.038,-0.259,BallVeloRelease__zwithin,-0.714,-0.214,0.5
Player 98,12378,Catch and Shoot,Left,4,BallVeloRelease__zwithin,0.148,0.356,0.208,maxElbowExtensionDominantPostHitch,3.495,11.167,7.671,maxElbowExtensionAvgPostHitch,6.698,13.767,7.069,timeToMaxShoulderExtensionNonDominantPreHitch,0.542,0.3,-0.242,maxElbowExtensionNonDominantPostHitch,9.9,16.143,6.243
Player 98,12379,Catch and Shoot,Left,4,BallVeloRelease__zwithin,0.074,0.356,0.282,maxElbowExtensionAvgPostHitch,10.2,13.767,3.566,maxElbowExtensionNonDominantPostHitch,9.82,16.143,6.323,maxKneeExtensionNonDominantPostHitch,-25.217,-23.737,1.48,maxShoulderFlexionDomDiffHitch,4.852,0.216,-4.636
Player 98,12380,Catch and Shoot,Left,4,HipAlignmentPreHitch__zwithin,1.073,0.859,-0.215,timeToMaxShoulderExtensionNonDominantPreHitch,0.458,0.3,-0.158,HipAlignmentPostHitch__zwithin,1.045,0.836,-0.209,maxKneeExtensionDomDiffHitch,-9.492,-3.187,6.305,TorsoVeloRelease__zwithin,-1.506,-1.006,0.5
Player 98,12381,Catch and Shoot,Left,4,BallVeloRelease__zwithin,0.049,0.356,0.307,maxKneeExtensionNonDominantPostHitch,-28.793,-23.737,5.056,maxElbowExtensionAvgPostHitch,5.895,13.767,7.872,maxElbowExtensionNonDominantPostHitch,2.937,14.937,12.0,maxKneeExtensionDominantPostHitch,-29.193,-25.884,3.309
Player 98,12383,Catch and Shoot,Left,4,timeToMaxShoulderExtensionNonDominantPreHitch,0.383,0.3,-0.083,maxElbowExtensionDominantPostHitch,3.2,11.167,7.966,maxKneeExtensionDominantPostHitch,-25.367,-25.884,-0.517,maxElbowExtensionNonDominantPostHitch,10.893,16.143,5.25,maxKneeExtensionAvgPostHitch,-23.826,-24.939,-1.114
Player 98,12386,Catch and Shoot,Left,4,timeToMaxShoulderExtensionNonDominantPreHitch,0.4,0.3,-0.1,maxElbowExtensionDominantPostHitch,1.194,11.167,9.973,maxElbowExtensionAvgPostHitch,6.841,13.767,6.926,maxAnklePlantarflexionDomDiffPostHitch,-13.902,-11.122,2.78,maxElbowExtensionNonDominantPostHitch,12.488,16.143,3.655
Player 98,12387,Catch and Shoot,Left,4,HipAlignmentPreHitch__zwithin,1.066,0.853,-0.213,HipAlignmentRelease__zwithin,0.994,0.795,-0.199,maxElbowExtensionNonDominantPostHitch,5.868,16.143,10.275,timeToMaxShoulderExtensionNonDominantPreHitch,0.459,0.3,-0.159,maxElbowExtensionAvgPostHitch,8.785,13.767,4.982
Player 98,12398,Catch and Shoot,Left,4,BallVeloRelease,5.596,6.32,0.724,KneeTotalROMAvg,38.617,46.34,7.723,BallVeloRelease__zwithin,-0.798,-0.298,0.5,maxElbowExtensionDominantPostHitch,2.369,11.167,8.797,TorsoVeloPostHitch,0.527,1.027,0.5
Player 98,12400,Off the Dribble,Left,4,KneeTotalROMAvg,37.619,45.142,7.524,maxElbowExtensionDominantPostHitch,5.567,13.883,8.316,BallVeloRelease,5.952,6.057,0.105,BallVeloRelease__zwithin,-0.231,-0.064,0.167,maxKneeFlexionDominantPreHitch,-53.445,-65.445,-12.0
Player 98,12404,Catch and Shoot,Left,4,KneeTotalROMAvg,36.323,43.587,7.265,maxKneeFlexionDominantPreHitch,-51.083,-63.083,-12.0,BallVeloRelease__zwithin,-0.136,0.356,0.492,timeToMaxShoulderExtensionNonDominantPreHitch,0.366,0.3,-0.066,ShoulderAlignmentRelease__zwithin,-1.453,-1.162,0.291
Player 98,12407,Catch and Shoot,Left,4,KneeTotalROMAvg,37.312,44.774,7.462,BallVeloRelease,5.819,6.32,0.501,BallVeloRelease__zwithin,-0.443,0.057,0.5,timeToMaxShoulderExtensionNonDominantPreHitch,0.3,0.3,0.0,maxKneeFlexionDominantPreHitch,-52.642,-64.642,-12.0
Player 98,12408,Catch and Shoot,Left,4,BallVeloRelease__zwithin,-0.083,0.356,0.439,maxElbowExtensionDominantPostHitch,7.712,11.167,3.455,KneeTotalROMAvg,40.528,48.634,8.106,maxKneeExtensionAvgPostHitch,-22.954,-24.939,-1.985,timeToMaxShoulderExtensionNonDominantPreHitch,0.467,0.3,-0.167
Player 98,12409,Catch and Shoot,Left,4,BallVeloRelease__zwithin,0.265,0.356,0.091,maxElbowExtensionNonDominantPostHitch,9.991,16.143,6.152,timeToMaxShoulderExtensionNonDominantPreHitch,0.4,0.3,-0.1,maxKneeExtensionAvgPostHitch,-22.86,-24.939,-2.08,KneeTotalROMAvg,42.727,50.329,7.602
Player 98,12416,Catch and Shoot,Left,4,maxElbowExtensionDominantPostHitch,6.397,11.167,4.77,BallVeloRelease__zwithin,0.252,0.356,0.104,timeToMaxShoulderExtensionNonDominantPreHitch,0.583,0.3,-0.283,maxKneeExtensionAvgPostHitch,-21.702,-24.939,-3.238,KneeTotalROMAvg,44.117,50.329,6.212
Player 98,12418,Catch and Shoot,Left,4,BallVeloRelease__zwithin,0.184,0.356,0.172,KneeTotalROMAvg,37.547,45.056,7.509,timeToMaxShoulderExtensionNonDominantPreHitch,0.4,0.3,-0.1,maxKneeExtensionAvgPostHitch,-25.091,-24.939,0.152,maxElbowExtensionNonDominantPostHitch,11.028,16.143,5.114
Player 98,12419,Catch and Shoot,Left,4,KneeTotalROMAvg,39.625,47.55,7.925,BallVeloRelease__zwithin,0.253,0.356,0.103,maxKneeExtensionAvgPostHitch,-23.37,-24.939,-1.569,maxElbowExtensionDominantPostHitch,7.072,11.167,4.094,timeToMaxShoulderExtensionNonDominantPreHitch,0.367,0.3,-0.067
Player 98,12420,Catch and Shoot,Left,4,timeToMaxShoulderExtensionNonDominantPreHitch,0.592,0.3,-0.292,BallVeloRelease__zwithin,0.305,0.356,0.051,maxKneeExtensionAvgPostHitch,-22.418,-24.939,-2.522,KneeTotalROMAvg,42.293,50.329,8.036,maxElbowExtensionAvgPostHitch,12.355,13.767,1.412
Player 98,12421,Catch and Shoot,Left,4,BallVeloRelease__zwithin,0.142,0.356,0.214,KneeTotalROMAvg,41.156,49.387,8.231,timeToMaxShoulderExtensionNonDominantPreHitch,0.425,0.3,-0.125,maxElbowExtensionDominantPostHitch,8.329,11.167,2.838,maxKneeExtensionAvgPostHitch,-25.807,-24.939,0.868
Player 98,12422,Catch and Shoot,Left,4,BallVeloRelease__zwithin,0.099,0.356,0.257,KneeTotalROMAvg,36.29,43.548,7.258,maxElbowExtensionDominantPostHitch,1.774,11.167,9.393,maxElbowExtensionNonDominantPostHitch,7.025,16.143,9.118,maxKneeExtensionAvgPostHitch,-27.453,-24.939,2.514
Player 98,12423,Catch and Shoot,Left,4,BallVeloRelease__zwithin,0.248,0.356,0.108,timeToMaxShoulderExtensionNonDominantPreHitch,0.583,0.3,-0.283,KneeTotalROMAvg,42.953,50.329,7.376,maxKneeExtensionAvgPostHitch,-22.842,-24.939,-2.097,maxElbowExtensionNonDominantPostHitch,11.168,16.143,4.975
Player 98,12424,Catch and Shoot,Left,4,timeToMaxShoulderExtensionNonDominantPreHitch,0.442,0.3,-0.142,KneeTotalROMAvg,45.018,50.329,5.311,maxKneeExtensionDominantPostHitch,-23.056,-25.884,-2.828,TorsoTotalROMAvg__zwithin,0.402,0.322,-0.08,maxKneeExtensionAvgPostHitch,-20.541,-24.939,-4.399
Player 98,12426,Catch and Shoot,Left,4,BallVeloRelease__zwithin,0.122,0.356,0.234,timeToMaxShoulderExtensionNonDominantPreHitch,0.342,0.3,-0.042,KneeTotalROMAvg,43.831,50.329,6.498,maxKneeExtensionAvgPostHitch,-23.773,-24.939,-1.167,maxElbowExtensionNonDominantPostHitch,13.007,16.143,3.136
Player 98,12428,Catch and Shoot,Left,4,timeToMaxShoulderExtensionNonDominantPreHitch,0.467,0.3,-0.167,BallVeloRelease__zwithin,0.267,0.356,0.089,HipAlignmentRelease__zwithin,0.864,0.691,-0.173,maxKneeExtensionAvgPostHitch,-21.662,-24.939,-3.277,KneeTotalROMAvg,44.879,50.329,5.451
Player 98,12429,Catch and Shoot,Left,4,timeToMaxShoulderExtensionNonDominantPreHitch,0.742,0.3,-0.442,maxKneeExtensionAvgPostHitch,-25.138,-24.939,0.199,maxKneeExtensionDominantPostHitch,-24.884,-25.884,-1.0,maxKneeExtensionNonDominantPostHitch,-25.392,-23.737,1.655,timeToMaxShoulderExtensionDomDiffHitch__zwithin,0.026,-0.002,-0.028
Player 98,12432,Catch and Shoot,Left,4,timeToMaxShoulderExtensionNonDominantPreHitch,0.384,0.3,-0.084,maxKneeExtensionAvgPostHitch,-23.21,-24.939,-1.729,timeToMaxShoulderExtensionDomDiffHitch__zwithin,0.007,-0.002,-0.009,KneeTotalROMAvg,43.535,50.329,6.794,BallVeloRelease__zwithin,0.312,0.356,0.044
Player 98,12433,Catch and Shoot,Left,4,HipAlignmentPreHitch__zwithin,1.301,1.041,-0.26,HipAlignmentRelease__zwithin,1.272,1.018,-0.254,timeToMaxShoulderExtensionNonDominantPreHitch,0.267,0.3,0.033,HipAlignmentPostHitch__zwithin,1.258,1.006,-0.252,maxKneeExtensionDominantPostHitch,-23.062,-25.884,-2.823
Player 98,12435,Catch and Shoot,Left,4,HipAlignmentPreHitch__zwithin,1.029,0.824,-0.206,timeToMaxShoulderExtensionNonDominantPreHitch,0.359,0.3,-0.059,HipAlignmentRelease__zwithin,0.901,0.721,-0.18,maxKneeExtensionAvgPostHitch,-20.676,-24.939,-4.263,maxKneeExtensionDominantPostHitch,-22.36,-25.884,-3.524
Player 98,12436,Catch and Shoot,Left,4,HipAlignmentPreHitch__zwithin,1.022,0.818,-0.204,timeToMaxShoulderExtensionNonDominantPreHitch,0.359,0.3,-0.059,maxAnklePlantarflexionDomDiffPostHitch,-10.065,-8.052,2.013,maxKneeExtensionAvgPostHitch,-20.361,-24.939,-4.579,maxKneeExtensionDominantPostHitch,-20.84,-25.884,-5.044
Player 98,12437,Catch and Shoot,Left,4,HipAlignmentPreHitch__zwithin,0.958,0.766,-0.192,timeToMaxShoulderExtensionNonDominantPreHitch,0.333,0.3,-0.033,maxKneeExtensionAvgPostHitch,-20.945,-24.939,-3.995,HipAlignmentRelease__zwithin,0.867,0.693,-0.173,maxKneeExtensionDominantPostHitch,-21.128,-25.884,-4.757
Player 98,12438,Catch and Shoot,Left,4,HipAlignmentRelease__zwithin,1.258,1.006,-0.252,KneeTotalROMAvg,41.182,49.419,8.236,timeToMaxShoulderExtensionNonDominantPreHitch,0.292,0.3,0.008,HipAlignmentPreHitch__zwithin,1.275,1.02,-0.255,HipAlignmentPostHitch__zwithin,1.324,1.059,-0.265
Player 98,12439,Catch and Shoot,Left,4,HipAlignmentRelease__zwithin,1.304,1.044,-0.261,HipAlignmentPreHitch__zwithin,1.29,1.032,-0.258,timeToMaxShoulderExtensionNonDominantPreHitch,0.35,0.3,-0.05,HipAlignmentPostHitch__zwithin,1.274,1.019,-0.255,KneeTotalROMAvg,43.777,50.329,6.552
Player 98,12440,Catch and Shoot,Left,4,KneeTotalROMAvg,39.45,47.34,7.89,timeToMaxShoulderExtensionNonDominantPreHitch,0.334,0.3,-0.034,HipAlignmentPreHitch__zwithin,1.201,0.961,-0.24,HipAlignmentRelease__zwithin,1.119,0.895,-0.224,HipAlignmentPostHitch__zwithin,1.24,0.992,-0.248
Player 98,12441,Catch and Shoot,Left,4,BallVeloRelease__zwithin,0.063,0.356,0.293,timeToMaxShoulderExtensionNonDominantPreHitch,0.567,0.3,-0.267,maxKneeExtensionAvgPostHitch,-21.456,-24.939,-3.484,maxElbowExtensionNonDominantPostHitch,22.353,16.143,-6.21,KneeTotalROMAvg,46.533,50.329,3.796
Player 98,12442,Catch and Shoot,Left,4,HipAlignmentRelease__zwithin,1.118,0.895,-0.224,HipAlignmentPreHitch__zwithin,1.3,1.04,-0.26,timeToMaxShoulderExtensionNonDominantPreHitch,0.459,0.3,-0.159,BallVeloRelease__zwithin,0.17,0.356,0.186,maxElbowExtensionNonDominantPostHitch,10.078,16.143,6.065
Player 98,12443,Catch and Shoot,Left,4,BallVeloRelease,5.93,6.32,0.39,HipAlignmentPreHitch__zwithin,1.3,1.04,-0.26,timeToMaxShoulderExtensionNonDominantPreHitch,0.4,0.3,-0.1,HipAlignmentRelease__zwithin,1.222,0.978,-0.244,maxKneeExtensionDomDiffHitch,-10.035,-3.187,6.849
Player 98,12444,Catch and Shoot,Left,4,HipAlignmentPreHitch__zwithin,1.278,1.022,-0.256,HipAlignmentRelease__zwithin,1.23,0.984,-0.246,timeToMaxShoulderExtensionNonDominantPreHitch,0.4,0.3,-0.1,maxElbowExtensionNonDominantPostHitch,7.165,16.143,8.978,maxElbowExtensionAvgPostHitch,10.705,13.767,3.062
Player 98,12445,Catch and Shoot,Left,4,KneeTotalROMAvg,38.848,46.618,7.77,HipAlignmentRelease__zwithin,1.154,0.923,-0.231,timeToMaxShoulderExtensionNonDominantPreHitch,0.266,0.3,0.034,HipAlignmentPreHitch__zwithin,1.221,0.977,-0.244,HipAlignmentPostHitch__zwithin,1.268,1.015,-0.254
Player 98,12446,Catch and Shoot,Left,4,timeToMaxShoulderExtensionNonDominantPreHitch,0.325,0.3,-0.025,HipAlignmentRelease__zwithin,1.004,0.804,-0.201,HipAlignmentPreHitch__zwithin,1.312,1.05,-0.262,maxElbowExtensionDominantPostHitch,3.228,11.167,7.939,maxElbowExtensionAvgPostHitch,7.632,13.767,6.135
Player 98,12447,Catch and Shoot,Left,4,HipAlignmentRelease__zwithin,1.371,1.097,-0.274,timeToMaxShoulderExtensionNonDominantPreHitch,0.342,0.3,-0.042,maxKneeExtensionDomDiffHitch,-19.847,-7.847,12.0,HipAlignmentPostHitch__zwithin,1.252,1.001,-0.25,maxKneeExtensionDominantPostHitch,-28.451,-25.884,2.567
Player 98,12448,Catch and Shoot,Left,4,timeToMaxShoulderExtensionNonDominantPreHitch,0.341,0.3,-0.041,HipAlignmentPreHitch__zwithin,1.377,1.102,-0.275,HipAlignmentRelease__zwithin,1.351,1.081,-0.27,HipAlignmentPostHitch__zwithin,1.348,1.079,-0.27,maxKneeExtensionDominantPostHitch,-25.331,-25.884,-0.553
Player 98,12449,Catch and Shoot,Left,4,HipAlignmentRelease__zwithin,1.285,1.028,-0.257,HipAlignmentPreHitch__zwithin,1.332,1.066,-0.266,timeToMaxShoulderExtensionNonDominantPreHitch,0.475,0.3,-0.175,HipAlignmentPostHitch__zwithin,1.213,0.97,-0.243,maxKneeExtensionAvgPostHitch,-21.161,-24.939,-3.778
Player 98,12450,Off the Dribble,Left,4,HipAlignmentRelease__zwithin,1.313,1.051,-0.263,HipAlignmentPreHitch__zwithin,1.301,1.041,-0.26,timeToMaxShoulderExtensionNonDominantPreHitch,0.442,0.125,-0.317,HipAlignmentPostHitch__zwithin,1.296,1.036,-0.259,maxKneeExtensionDomDiffHitch,-15.162,-3.162,12.0
Player 98,12451,Catch and Shoot,Left,4,HipAlignmentPreHitch__zwithin,1.22,0.976,-0.244,HipAlignmentRelease__zwithin,1.267,1.014,-0.253,timeToMaxShoulderExtensionNonDominantPreHitch,0.4,0.3,-0.1,maxKneeExtensionDominantPostHitch,-29.255,-25.884,3.371,HipAlignmentPostHitch__zwithin,1.257,1.006,-0.251
Player 98,12452,Off the Dribble,Left,4,HipAlignmentPreHitch__zwithin,1.272,1.018,-0.254,BallVeloRelease,5.933,6.057,0.124,HipAlignmentRelease__zwithin,1.269,1.015,-0.254,timeToMaxShoulderExtensionNonDominantPreHitch,0.416,0.125,-0.291,maxKneeExtensionAvgPostHitch,-21.365,-23.193,-1.828
Player 98,12453,Off the Dribble,Left,4,BallVeloRelease__zwithin,0.061,-0.064,-0.125,maxElbowExtensionDominantPostHitch,8.159,13.883,5.724,timeToMaxShoulderExtensionNonDominantPreHitch,0.45,0.125,-0.325,maxKneeExtensionNonDominantPostHitch,-25.383,-23.194,2.189,maxKneeExtensionAvgPostHitch,-24.79,-23.193,1.597
Player 98,12454,Off the Dribble,Left,4,maxElbowExtensionDominantPostHitch,4.686,13.883,9.197,BallVeloRelease,5.955,6.057,0.102,BallVeloRelease__zwithin,-0.226,-0.064,0.162,maxElbowExtensionAvgPostHitch,11.604,19.266,7.661,maxElbowExtensionNonDominantPostHitch,18.522,21.712,3.19
Player 98,12455,Off the Dribble,Left,4,BallVeloRelease__zwithin,0.143,-0.064,-0.207,maxKneeExtensionAvgPostHitch,-21.551,-23.193,-1.642,timeToMaxShoulderExtensionNonDominantPreHitch,0.408,0.125,-0.283,maxElbowExtensionNonDominantPostHitch,21.6,21.712,0.113,ShoulderAlignmentRelease__zwithin,-1.515,-1.212,0.303
Player 98,12456,Off the Dribble,Left,4,BallVeloRelease,5.84,6.057,0.217,maxElbowExtensionDominantPostHitch,7.272,13.883,6.611,BallVeloRelease__zwithin,-0.41,-0.064,0.347,maxKneeExtensionAvgPostHitch,-23.744,-23.193,0.551,maxElbowExtensionNonDominantPostHitch,16.806,21.712,4.907
Player 98,12457,Off the Dribble,Left,4,BallVeloRelease,5.893,6.057,0.164,maxElbowExtensionDominantPostHitch,6.855,13.883,7.028,BallVeloRelease__zwithin,-0.325,-0.064,0.262,maxKneeExtensionNonDominantPostHitch,-25.974,-23.194,2.78,timeToMaxShoulderExtensionNonDominantPreHitch,0.384,0.125,-0.259
Player 98,12459,Off the Dribble,Left,4,BallVeloRelease,5.859,6.057,0.197,maxElbowExtensionDominantPostHitch,4.882,13.883,9.001,BallVeloRelease__zwithin,-0.378,-0.064,0.315,maxElbowExtensionNonDominantPostHitch,14.868,21.712,6.844,maxElbowExtensionAvgPostHitch,9.875,19.266,9.39
Player 98,12460,Off the Dribble,Left,4,BallVeloRelease,5.802,6.057,0.255,BallVeloRelease__zwithin,-0.469,-0.064,0.406,maxElbowExtensionNonDominantPostHitch,16.948,21.712,4.765,maxKneeExtensionAvgPostHitch,-21.479,-23.193,-1.714,maxElbowExtensionDominantPostHitch,9.895,13.883,3.988
Player 98,12461,Off the Dribble,Left,4,maxElbowExtensionDominantPostHitch,6.925,13.883,6.958,BallVeloRelease__zwithin,-0.146,-0.064,0.083,maxElbowExtensionAvgPostHitch,10.139,19.266,9.126,maxElbowExtensionNonDominantPostHitch,13.353,21.712,8.359,BallVeloRelease,6.005,6.057,0.052
Player 98,12462,Off the Dribble,Left,4,maxElbowExtensionDominantPostHitch,1.098,13.098,12.0,maxKneeExtensionAvgPostHitch,-24.734,-23.193,1.541,timeToMaxShoulderExtensionNonDominantPreHitch,0.391,0.125,-0.266,timeToMaxShoulderExtensionDomDiffHitch__zwithin,0.005,-0.001,-0.006,maxElbowExtensionNonDominantPostHitch,20.631,21.712,1.081
Player 98,12463,Off the Dribble,Left,4,Max.Ball.Released..Away.from.body.,0.348,0.417,0.07,maxElbowExtensionNonDominantPostHitch,10.184,21.712,11.528,BallVeloRelease__zwithin,-0.075,-0.064,0.011,maxAnklePlantarflexionDomDiffPostHitch,-9.791,-7.833,1.958,maxKneeExtensionAvgPostHitch,-23.971,-23.193,0.778
Player 98,12464,Off the Dribble,Left,4,Max.Ball.Released..Away.from.body.,0.354,0.425,0.071,BallVeloRelease__zwithin,0.057,-0.064,-0.12,maxElbowExtensionDominantPostHitch,0.549,12.549,12.0,maxElbowExtensionNonDominantPostHitch,8.667,20.667,12.0,timeToMaxShoulderExtensionNonDominantPreHitch,0.825,0.125,-0.7
Player 98,12466,Off the Dribble,Left,4,maxElbowExtensionDominantPostHitch,3.33,13.883,10.553,BallVeloRelease__zwithin,0.226,-0.064,-0.289,maxKneeExtensionAvgPostHitch,-24.483,-23.193,1.29,maxKneeExtensionNonDominantPostHitch,-23.557,-23.194,0.363,maxShoulderFlexionDomDiffHitch,5.102,-1.518,-6.62
Player 98,12467,Off the Dribble,Left,4,Max.Ball.Released..Away.from.body.,0.36,0.432,0.072,maxElbowExtensionDominantPostHitch,6.15,13.883,7.733,BallVeloRelease__zwithin,-0.024,-0.064,-0.04,maxShoulderFlexionDomDiffHitch,5.011,-1.518,-6.529,maxKneeExtensionAvgPostHitch,-22.977,-23.193,-0.216
Player 98,12471,Off the Dribble,Left,4,HipAlignmentPreHitch__zwithin,1.164,0.931,-0.233,HipAlignmentPostHitch__zwithin,0.992,0.794,-0.198,timeToMaxShoulderExtensionNonDominantPreHitch,0.783,0.125,-0.658,ShoulderAlignmentPostHitch__zwithin,0.924,0.739,-0.185,maxAnklePlantarflexionDomDiffPostHitch,-6.096,-4.877,1.219
Player 98,12472,Off the Dribble,Left,4,HipAlignmentPreHitch__zwithin,1.086,0.869,-0.217,HipAlignmentRelease__zwithin,0.995,0.796,-0.199,HipAlignmentPostHitch__zwithin,1.127,0.901,-0.225,timeToMaxShoulderExtensionNonDominantPreHitch,0.792,0.125,-0.667,ShoulderAlignmentPostHitch__zwithin,1.084,0.867,-0.217
Player 98,12473,Off the Dribble,Left,4,HipAlignmentPreHitch__zwithin,1.225,0.98,-0.245,BallVeloRelease,5.871,6.057,0.186,HipAlignmentRelease__zwithin,1.099,0.879,-0.22,TorsoVeloRelease,1.732,1.285,-0.447,HipAlignmentPostHitch__zwithin,1.171,0.937,-0.234
Player 98,12479,Off the Dribble,Left,3,BallVeloRelease,5.324,6.057,0.733,BallVeloRelease__zwithin,-1.232,-0.732,0.5,maxElbowExtensionAvgPostHitch,12.107,19.266,7.159,maxElbowExtensionDominantPostHitch,8.861,13.883,5.022,maxKneeFlexionNonDominantPostHitch,-73.034,-61.034,12.0
Player 98,12480,Off the Dribble,Left,4,maxElbowExtensionDominantPostHitch,3.433,13.883,10.45,BallVeloRelease__zwithin,-0.843,-0.343,0.5,BallVeloRelease,5.568,6.057,0.489,maxElbowExtensionNonDominantPostHitch,12.589,21.712,9.124,maxElbowExtensionAvgPostHitch,8.011,19.266,11.255
Player 98,12481,Off the Dribble,Left,4,maxElbowExtensionDominantPostHitch,2.844,13.883,11.039,ElbowFlexionAtT0Dominant,68.554,80.554,12.0,maxElbowExtensionAvgPostHitch,5.56,17.56,12.0,TorsoTotalROMAvg__zwithin,2.604,2.083,-0.521,maxElbowExtensionNonDominantPostHitch,8.276,20.276,12.0
Player 98,12482,Off the Dribble,Left,4,maxElbowExtensionDominantPostHitch,4.558,13.883,9.325,maxElbowExtensionNonDominantPostHitch,9.858,21.712,11.854,TorsoTotalROMAvg__zwithin,2.563,2.051,-0.513,maxElbowExtensionAvgPostHitch,7.208,19.208,12.0,BallVeloRelease__zwithin,-0.619,-0.119,0.5
Player 98,12483,Off the Dribble,Left,3,BallVeloRelease,5.194,6.057,0.863,maxElbowExtensionDominantPostHitch,2.625,13.883,11.258,BallVeloRelease__zwithin,-1.44,-0.94,0.5,maxElbowExtensionNonDominantPostHitch,6.439,18.439,12.0,maxElbowExtensionAvgPostHitch,4.532,16.532,12.0
Player 98,12486,Off the Dribble,Left,3,BallVeloRelease,4.976,5.971,0.995,BallVeloRelease__zwithin,-1.787,-1.287,0.5,maxElbowExtensionDominantPostHitch,11.333,13.883,2.55,timeToMaxKneeFlexionDominantPostHitch,1.042,0.5,-0.542,maxAnklePlantarflexionAvgPreHitch,14.057,16.868,2.811
Player 98,12487,Off the Dribble,Left,4,BallVeloRelease,5.275,6.057,0.782,maxElbowExtensionDominantPostHitch,6.533,13.883,7.35,TorsoTotalROMAvg__zwithin,2.441,1.953,-0.488,BallVeloRelease__zwithin,-1.31,-0.81,0.5,maxTorsoFlexionPreHitch__zwithin,-2.121,0.122,2.244
Player 98,12488,Off the Dribble,Left,4,BallVeloRelease,5.108,6.057,0.949,TorsoTotalROMAvg__zwithin,2.55,2.04,-0.51,BallVeloRelease__zwithin,-1.576,-1.076,0.5,maxTorsoFlexionPreHitch__zwithin,-2.429,0.122,2.552,maxElbowExtensionAvgPostHitch,11.814,19.266,7.452
Player 98,12489,Off the Dribble,Left,4,BallVeloRelease,5.226,6.057,0.831,ElbowFlexionAtT0Dominant,13.017,25.017,12.0,maxShoulderExtensionDominantHitch,-15.289,-3.289,12.0,maxElbowExtensionDominantPostHitch,5.73,13.883,8.153,BallVeloRelease__zwithin,-1.389,-0.889,0.5
Player 98,12490,Off the Dribble,Left,4,BallVeloRelease,5.133,6.057,0.923,ElbowFlexionAtT0Dominant,9.764,21.764,12.0,maxShoulderExtensionDomDiffPreHitch,43.27,31.27,-12.0,maxShoulderExtensionDominantHitch,0.988,12.988,12.0,TorsoVeloRelease,1.657,1.285,-0.372
Player 98,12506,Catch and Shoot,Left,4,maxKneeExtensionDominantPostHitch,-30.807,-25.884,4.923,timeToMaxShoulderExtensionNonDominantPreHitch,0.4,0.3,-0.1,maxElbowExtensionAvgPostHitch,10.633,13.767,3.134,maxElbowExtensionNonDominantPostHitch,13.808,16.143,2.335,maxElbowExtensionDominantPostHitch,7.458,11.167,3.709
Player 98,12508,Catch and Shoot,Left,4,BallVeloRelease__zwithin,0.26,0.356,0.096,maxElbowExtensionNonDominantPostHitch,9.826,16.143,6.317,maxKneeExtensionDominantPostHitch,-31.527,-25.884,5.643,maxKneeExtensionAvgPostHitch,-30.803,-24.939,5.864,maxElbowExtensionAvgPostHitch,10.589,13.767,3.177
Player 98,12523,Off the Dribble,Left,4,ElbowFlexionAtT0Dominant,65.319,77.318,12.0,maxElbowExtensionDominantPostHitch,6.29,13.883,7.593,TorsoTotalROMAvg__zwithin,2.601,2.081,-0.52,timeToMaxShoulderExtensionNonDominantPreHitch,0.558,0.125,-0.433,maxElbowExtensionAvgPostHitch,10.73,19.266,8.535
Player 98,12529,Off the Dribble,Left,4,BallVeloRelease__zwithin,0.189,-0.064,-0.253,TorsoVeloRelease,1.925,1.425,-0.5,maxKneeExtensionNonDominantPostHitch,-26.405,-23.194,3.21,maxShoulderFlexionDomDiffHitch,5.82,-1.518,-7.338,timeToMaxShoulderExtensionNonDominantPreHitch,0.475,0.125,-0.35
Player 98,12533,Catch and Shoot,Left,4,HipAlignmentRelease__zwithin,1.301,1.041,-0.26,HipAlignmentPreHitch__zwithin,1.296,1.037,-0.259,HipAlignmentPostHitch__zwithin,1.229,0.984,-0.246,maxKneeExtensionDominantPostHitch,-27.65,-25.884,1.766,maxKneeExtensionAvgPostHitch,-24.822,-24.939,-0.117
Player 98,12534,Catch and Shoot,Left,4,BallVeloRelease,5.833,6.32,0.487,maxKneeExtensionDomDiffHitch,-19.967,-7.967,12.0,maxAnklePlantarflexionDomDiffHitch,13.144,10.516,-2.629,HipAlignmentPreHitch__zwithin,1.313,1.051,-0.263,timeToMaxShoulderExtensionNonDominantPreHitch,0.325,0.3,-0.025
Player 98,12535,Catch and Shoot,Left,4,HipAlignmentPreHitch__zwithin,1.243,0.994,-0.249,HipAlignmentRelease__zwithin,1.254,1.003,-0.251,timeToMaxShoulderExtensionNonDominantPreHitch,0.275,0.3,0.025,HipAlignmentPostHitch__zwithin,1.345,1.076,-0.269,maxKneeExtensionDominantPostHitch,-27.061,-25.884,1.177
Player 98,12537,Catch and Shoot,Left,4,HipAlignmentPreHitch__zwithin,1.045,0.836,-0.209,timeToMaxShoulderExtensionNonDominantPreHitch,0.342,0.3,-0.042,maxAnklePlantarflexionNonDominantPostHitch,-7.695,-9.234,-1.539,ankleTotalROMAvg,-37.195,-44.634,-7.439,maxKneeExtensionAvgPostHitch,-24.138,-24.939,-0.802
Player 98,12538,Catch and Shoot,Left,4,HipAlignmentRelease__zwithin,1.29,1.032,-0.258,HipAlignmentPreHitch__zwithin,1.301,1.041,-0.26,timeToMaxShoulderExtensionNonDominantPreHitch,0.242,0.3,0.058,HipAlignmentPostHitch__zwithin,1.289,1.031,-0.258,maxKneeExtensionAvgPostHitch,-23.021,-24.939,-1.918
Player 98,12540,Catch and Shoot,Left,4,HipAlignmentPreHitch__zwithin,0.966,0.773,-0.193,maxKneeExtensionDominantPostHitch,-27.917,-25.884,2.033,timeToMaxShoulderExtensionNonDominantPreHitch,0.267,0.3,0.033,maxAnklePlantarflexionDomDiffPostHitch,-8.349,-6.679,1.67,maxKneeExtensionAvgPostHitch,-25.762,-24.939,0.823
Player 98,12544,Catch and Shoot,Left,4,maxElbowExtensionDominantPostHitch,2.557,11.167,8.609,KneeTotalROMAvg,40.983,49.179,8.197,BallVeloRelease__zwithin,0.234,0.356,0.122,maxKneeExtensionDominantPostHitch,-32.234,-25.884,6.35,maxElbowExtensionNonDominantPostHitch,8.132,16.143,8.01
Player 98,12545,Catch and Shoot,Left,4,maxKneeExtensionDominantPostHitch,-31.185,-25.884,5.301,maxElbowExtensionDominantPostHitch,8.368,11.167,2.799,BallVeloRelease__zwithin,0.269,0.356,0.087,maxKneeExtensionNonDominantPostHitch,-28.453,-23.737,4.716,maxElbowExtensionNonDominantPostHitch,18.748,16.143,-2.606
Player 98,12548,Catch and Shoot,Left,4,HipAlignmentPreHitch__zwithin,0.972,0.778,-0.194,timeToMaxShoulderExtensionNonDominantPreHitch,0.259,0.3,0.041,maxKneeExtensionDominantPostHitch,-29.326,-25.884,3.442,maxElbowExtensionDominantPostHitch,8.319,11.167,2.848,maxKneeExtensionAvgPostHitch,-28.261,-24.939,3.321
Player 98,12550,Catch and Shoot,Left,4,timeToMaxShoulderExtensionNonDominantPreHitch,0.334,0.3,-0.034,maxKneeExtensionDominantPostHitch,-29.735,-25.884,3.851,maxKneeExtensionAvgPostHitch,-27.476,-24.939,2.536,maxElbowExtensionNonDominantPostHitch,18.305,16.143,-2.162,maxElbowExtensionDominantPostHitch,9.824,11.167,1.343
Player 98,12553,Catch and Shoot,Left,4,maxKneeExtensionDominantPostHitch,-31.804,-25.884,5.92,timeToMaxShoulderExtensionNonDominantPreHitch,0.325,0.3,-0.025,maxElbowExtensionDominantPostHitch,7.014,11.167,4.153,maxElbowExtensionAvgPostHitch,9.926,13.767,3.841,maxElbowExtensionNonDominantPostHitch,12.838,16.143,3.305
Player 98,12554,Catch and Shoot,Left,4,BallVeloRelease__zwithin,0.119,0.356,0.237,maxElbowExtensionNonDominantPostHitch,6.282,16.143,9.861,maxKneeExtensionAvgPostHitch,-26.012,-24.939,1.072,maxElbowExtensionAvgPostHitch,9.257,13.767,4.509,timeToMaxShoulderExtensionNonDominantPreHitch,0.325,0.3,-0.025
Player 98,12555,Catch and Shoot,Left,4,BallVeloRelease__zwithin,0.142,0.356,0.214,maxElbowExtensionNonDominantPostHitch,10.408,16.143,5.735,maxKneeExtensionAvgPostHitch,-26.897,-24.939,1.957,timeToMaxShoulderExtensionNonDominantPreHitch,0.35,0.3,-0.05,maxKneeExtensionNonDominantPostHitch,-28.267,-23.737,4.531
Player 98,12556,Catch and Shoot,Left,4,BallVeloRelease__zwithin,0.134,0.356,0.222,timeToMaxShoulderExtensionNonDominantPreHitch,0.375,0.3,-0.075,maxElbowExtensionNonDominantPostHitch,12.467,16.143,3.676,maxKneeExtensionAvgPostHitch,-26.866,-24.939,1.927,maxElbowExtensionAvgPostHitch,13.614,13.767,0.153
Player 98,12557,Catch and Shoot,Left,4,maxElbowExtensionNonDominantPostHitch,10.382,16.143,5.761,maxKneeExtensionDominantPostHitch,-27.055,-25.884,1.17,maxElbowExtensionAvgPostHitch,10.088,13.767,3.679,maxKneeExtensionNonDominantPostHitch,-24.833,-23.737,1.096,timeToMaxShoulderExtensionDomDiffHitch__zwithin,0.006,-0.002,-0.008
Player 98,12558,Catch and Shoot,Left,4,maxKneeExtensionDominantPostHitch,-28.776,-25.884,2.892,timeToMaxShoulderExtensionNonDominantPreHitch,0.283,0.3,0.017,maxElbowExtensionDominantPostHitch,3.002,11.167,8.165,maxElbowExtensionNonDominantPostHitch,7.674,16.143,8.469,KneeTotalROMAvg,44.827,50.329,5.503
Player 98,12559,Catch and Shoot,Left,4,maxKneeExtensionAvgPostHitch,-25.472,-24.939,0.533,maxElbowExtensionNonDominantPostHitch,12.91,16.143,3.233,timeToMaxShoulderExtensionNonDominantPreHitch,0.492,0.3,-0.192,BallVeloRelease__zwithin,0.292,0.356,0.064,maxKneeExtensionNonDominantPostHitch,-24.69,-23.737,0.953
Player 98,12561,Catch and Shoot,Left,4,maxElbowExtensionNonDominantPostHitch,10.735,16.143,5.408,maxKneeExtensionAvgPostHitch,-27.255,-24.939,2.315,timeToMaxShoulderExtensionNonDominantPreHitch,0.333,0.3,-0.033,maxKneeExtensionNonDominantPostHitch,-28.446,-23.737,4.71,maxElbowExtensionAvgPostHitch,11.119,13.767,2.648
Player 98,12562,Catch and Shoot,Left,4,maxElbowExtensionNonDominantPostHitch,8.461,16.143,7.682,BallVeloRelease__zwithin,0.264,0.356,0.092,maxKneeExtensionAvgPostHitch,-27.95,-24.939,3.011,maxElbowExtensionAvgPostHitch,8.547,13.767,5.22,maxShoulderFlexionDomDiffHitch,7.892,0.216,-7.675
Player 98,12563,Catch and Shoot,Left,4,BallVeloRelease__zwithin,0.02,0.356,0.336,timeToMaxShoulderExtensionNonDominantPreHitch,0.3,0.3,0.0,maxKneeExtensionNonDominantPostHitch,-26.273,-23.737,2.537,maxKneeExtensionAvgPostHitch,-25.324,-24.939,0.384,maxElbowExtensionNonDominantPostHitch,13.328,16.143,2.814
Player 98,12564,Catch and Shoot,Left,4,maxElbowExtensionNonDominantPostHitch,9.392,16.143,6.751,maxElbowExtensionDominantPostHitch,5.375,11.167,5.791,maxElbowExtensionAvgPostHitch,7.383,13.767,6.383,BallVeloRelease__zwithin,0.022,0.356,0.334,maxKneeExtensionNonDominantPostHitch,-23.805,-23.737,0.068
Player 98,12565,Catch and Shoot,Left,4,BallVeloRelease__zwithin,0.013,0.356,0.343,maxElbowExtensionNonDominantPostHitch,9.888,16.143,6.255,maxKneeExtensionNonDominantPostHitch,-30.403,-23.737,6.666,maxKneeExtensionAvgPostHitch,-27.904,-24.939,2.965,timeToMaxShoulderExtensionNonDominantPreHitch,0.325,0.3,-0.025
Player 98,12568,Off the Dribble,Left,4,BallVeloRelease,5.931,6.057,0.125,KneeTotalROMAvg,42.835,50.88,8.045,BallVeloRelease__zwithin,-0.264,-0.064,0.2,maxElbowExtensionDominantPostHitch,8.194,13.883,5.689,maxElbowExtensionNonDominantPostHitch,19.133,21.712,2.579
Player 98,12569,Catch and Shoot,Left,4,maxElbowExtensionDominantPostHitch,3.527,11.167,7.639,maxKneeExtensionNonDominantPostHitch,-25.051,-23.737,1.314,BallVeloRelease__zwithin,-0.112,0.356,0.468,maxKneeExtensionAvgPostHitch,-24.17,-24.939,-0.77,timeToMaxShoulderExtensionNonDominantPreHitch,0.267,0.3,0.033
Player 98,12571,Off the Dribble,Left,4,BallVeloRelease__zwithin,-0.269,-0.064,0.205,BallVeloRelease,5.928,6.057,0.129,maxKneeExtensionNonDominantPostHitch,-26.383,-23.194,3.189,maxKneeExtensionAvgPostHitch,-25.771,-23.193,2.578,maxElbowExtensionDominantPostHitch,9.689,13.883,4.194
Player 98,12572,Catch and Shoot,Left,4,BallVeloRelease,5.933,6.32,0.388,BallVeloRelease__zwithin,-0.262,0.238,0.5,maxKneeExtensionNonDominantPostHitch,-26.477,-23.737,2.74,maxElbowExtensionNonDominantPostHitch,17.785,16.143,-1.642,maxElbowExtensionDominantPostHitch,8.908,11.167,2.259
Player 98,12575,Off the Dribble,Left,4,BallVeloRelease,5.905,6.057,0.152,maxElbowExtensionDominantPostHitch,7.455,13.883,6.428,KneeTotalROMAvg,44.471,50.88,6.409,maxKneeExtensionNonDominantPostHitch,-24.842,-23.194,1.648,BallVeloRelease__zwithin,-0.306,-0.064,0.243
