PlayerId,ShotId,Shot.Type,hand,is_make,feat_1,orig_1,rec_1,delta_1,feat_2,orig_2,rec_2,delta_2,feat_3,orig_3,rec_3,delta_3,feat_4,orig_4,rec_4,delta_4,feat_5,orig_5,rec_5,delta_5
Player 163,22629,Off the Dribble,Right,4,BallVeloRelease,4.86,5.588,0.727,TorsoVeloPostHitch,-0.247,0.253,0.5,maxKneeFlexionDominantPreHitch,-36.147,-48.147,-12.0,maxShoulderExtensionDominantPostHitch,56.861,68.861,12.0,BallVeloRelease__zwithin,-1.27,-0.77,0.5
Player 163,22630,Off the Dribble,Right,3,BallVeloRelease,5.155,5.588,0.432,ElbowFlexionAtT0Dominant,60.469,72.469,12.0,TorsoVeloPostHitch,-0.003,0.497,0.5,ShoulderAlignmentRelease__zwithin,-1.703,-1.362,0.341,maxHipFlexionDominantPostHitch,60.009,48.009,-12.0
Player 163,22631,Off the Dribble,Right,3,BallVeloRelease,3.887,4.664,0.777,ElbowFlexionAtT0Dominant,60.824,72.824,12.0,BallVeloRelease__zwithin,-2.693,-2.155,0.539,TorsoVeloRelease,1.933,1.433,-0.5,maxShoulderFlexionNonDominantPreHitch,9.703,21.703,12.0
Player 163,22632,Off the Dribble,Right,4,BallVeloRelease,4.13,4.957,0.826,TorsoVeloRelease,1.984,1.484,-0.5,ElbowFlexionAtT0Dominant,66.599,78.599,12.0,MaxStanceGapHitch,0.15,0.18,0.03,TorsoVeloRelease__zwithin,3.48,2.784,-0.696
Player 163,22635,Off the Dribble,Right,4,BallVeloRelease,4.841,5.588,0.746,maxShoulderFlexionAvgPostHitch,121.081,125.299,4.218,BallVeloStart__zwithin,-1.886,-1.386,0.5,BallVeloRelease__zwithin,-1.298,-0.798,0.5,maxTorsoFlexionPreHitch__zwithin,-1.851,0.102,1.953
Player 163,22640,Off the Dribble,Right,4,BallVeloRelease,5.723,5.588,-0.136,ShoulderAlignmentRelease__zwithin,-1.451,-1.16,0.29,maxHipFlexionDominantPostHitch,35.543,23.604,-11.94,TorsoVeloHitch,-0.573,-0.229,0.344,maxShoulderFlexionNonDominantPostHitch,122.34,122.925,0.585
Player 163,22644,Off the Dribble,Right,4,BallVeloRelease,5.547,5.588,0.04,maxShoulderFlexionAvgPostHitch,121.422,125.299,3.877,ShoulderAlignmentRelease__zwithin,-1.52,-1.216,0.304,maxShoulderFlexionNonDominantPostHitch,118.802,122.925,4.123,maxHipFlexionDominantPostHitch,36.257,24.257,-12.0
Player 163,22653,Off the Dribble,Right,4,BallVeloRelease,2.952,3.542,0.59,BallVeloRelease__zwithin,-4.06,-3.248,0.812,Max.Ball.Released..Away.from.body.,0.182,0.219,0.036,timeToMaxAnkleDorsiflexionDomDiffPreHitch__zwithin,-4.606,-3.685,0.921,maxHipFlexionDomDiffPostHitch,11.539,0.91,-10.63
Player 163,22656,Off the Dribble,Right,4,maxTorsoFlexionPreHitch__zwithin,-1.958,0.102,2.06,maxShoulderFlexionNonDominantPostHitch,119.855,122.925,3.07,maxShoulderFlexionAvgPostHitch,124.358,125.299,0.941,TorsoTotalROMAvg__zwithin,3.033,2.427,-0.607,ShoulderAlignmentRelease__zwithin,-1.501,-1.201,0.3
Player 163,22661,Catch and Shoot,Right,4,maxTorsoFlexionPreHitch__zwithin,-1.459,0.029,1.488,BallVeloRelease,5.704,6.027,0.323,TorsoVeloHitch,-0.622,-0.346,0.276,ShoulderAlignmentRelease__zwithin,-1.511,-1.209,0.302,maxAnklePlantarflexionDominantPreHitch,3.276,3.931,0.655
Player 163,22664,Catch and Shoot,Right,4,BallVeloRelease,5.39,6.027,0.637,maxTorsoFlexionPreHitch__zwithin,-1.238,0.029,1.267,maxKneeExtensionDomDiffHitch,-18.102,-6.102,12.0,ShoulderAlignmentRelease__zwithin,-1.586,-1.268,0.317,TorsoVeloHitch,-0.561,-0.346,0.215
Player 163,22675,Off the Dribble,Right,3,BallVeloRelease,4.922,5.588,0.665,BallVeloPostHitch,0.161,0.661,0.5,TorsoVeloPostHitch,0.525,0.772,0.247,ankleTotalROMAvg,-29.035,-34.843,-5.807,maxAnklePlantarflexionNonDominantPostHitch,0.959,0.768,-0.192
Player 163,22676,Off the Dribble,Right,4,BallVeloPostHitch,0.178,0.678,0.5,BallVeloRelease,5.381,5.588,0.207,ankleTotalROMAvg,-29.404,-35.284,-5.881,timeToMaxAnkleDorsiflexionDomDiffHitch,0.158,0.126,-0.032,maxAnklePlantarflexionNonDominantPostHitch,1.456,1.165,-0.291
Player 163,22677,Off the Dribble,Right,3,BallVeloRelease,5.164,5.588,0.423,BallVeloPostHitch,0.032,0.532,0.5,ankleTotalROMAvg,-29.422,-35.306,-5.884,TorsoVeloPostHitch,0.433,0.772,0.338,maxAnklePlantarflexionNonDominantPostHitch,0.852,0.681,-0.17
Player 163,22678,Off the Dribble,Right,4,BallVeloRelease,4.981,5.588,0.606,BallVeloPostHitch,-0.102,0.398,0.5,TorsoVeloPostHitch,0.239,0.739,0.5,ankleTotalROMAvg,-26.8,-32.16,-5.36,maxAnklePlantarflexionNonDominantPostHitch,3.018,2.415,-0.604
Player 163,22679,Off the Dribble,Right,4,BallVeloRelease,5.03,5.588,0.557,TorsoVeloPostHitch,0.348,0.772,0.423,ankleTotalROMAvg,-30.048,-36.057,-6.01,BallVeloPostHitch,0.252,0.752,0.5,maxAnklePlantarflexionNonDominantPostHitch,-0.015,-0.019,-0.003
Player 163,22680,Off the Dribble,Right,4,BallVeloPostHitch,0.082,0.582,0.5,ankleTotalROMAvg,-26.165,-31.398,-5.233,BallVeloRelease,5.33,5.588,0.257,maxAnklePlantarflexionNonDominantPostHitch,2.113,1.69,-0.423,TorsoVeloPostHitch,0.389,0.772,0.382
Player 163,22681,Off the Dribble,Right,3,BallVeloRelease,5.019,5.588,0.568,BallVeloPostHitch,0.127,0.627,0.5,ankleTotalROMAvg,-26.874,-32.249,-5.375,TorsoVeloPostHitch,0.415,0.772,0.357,maxAnklePlantarflexionNonDominantPostHitch,2.673,2.138,-0.535
Player 163,22705,Catch and Shoot,Right,4,HipAlignmentRelease__zwithin,1.503,1.203,-0.301,HipAlignmentPostHitch__zwithin,1.522,1.218,-0.304,HipAlignmentPreHitch__zwithin,1.439,1.152,-0.288,ShoulderAlignmentRelease__zwithin,1.805,1.444,-0.361,ShoulderAlignmentPostHitch__zwithin,1.707,1.366,-0.341
Player 163,22706,Off the Dribble,Right,4,HipAlignmentPreHitch__zwithin,1.416,1.133,-0.283,HipAlignmentRelease__zwithin,1.49,1.192,-0.298,HipAlignmentPostHitch__zwithin,1.542,1.234,-0.308,ShoulderAlignmentRelease__zwithin,1.952,1.561,-0.39,maxTorsoFlexionPreHitch__zwithin,-1.816,0.102,1.918
Player 163,22707,Off the Dribble,Right,4,HipAlignmentPostHitch__zwithin,1.703,1.362,-0.341,HipAlignmentPreHitch__zwithin,1.806,1.445,-0.361,timeToMaxShoulderExtensionDomDiffHitch__zwithin,0.072,-0.006,-0.078,maxKneeFlexionDominantPreHitch,-51.401,-59.157,-7.756,maxTorsoFlexionHitch,-12.681,-4.769,7.912
Player 163,22708,Off the Dribble,Right,4,ElbowFlexionAtT0Dominant,62.7,74.7,12.0,HipAlignmentPreHitch__zwithin,1.858,1.486,-0.372,maxTorsoExtensionPreHitch,-9.293,-4.018,5.275,HipAlignmentRelease__zwithin,1.536,1.229,-0.307,HipAlignmentPostHitch__zwithin,1.674,1.339,-0.335
Player 163,22709,Catch and Shoot,Right,4,HipAlignmentRelease__zwithin,1.612,1.29,-0.322,HipAlignmentPostHitch__zwithin,1.506,1.205,-0.301,HipAlignmentPreHitch__zwithin,1.812,1.45,-0.362,BallVeloRelease,5.914,6.027,0.113,ShoulderAlignmentPostHitch__zwithin,1.713,1.371,-0.343
Player 163,22710,Catch and Shoot,Right,4,BallVeloRelease,5.787,6.027,0.239,HipAlignmentRelease__zwithin,1.551,1.241,-0.31,HipAlignmentPostHitch__zwithin,1.55,1.24,-0.31,HipAlignmentPreHitch__zwithin,1.785,1.428,-0.357,maxElbowFlexionDominantHitch,112.112,113.322,1.21
Player 163,22711,Off the Dribble,Right,4,HipAlignmentPostHitch__zwithin,1.573,1.259,-0.315,HipAlignmentRelease__zwithin,1.525,1.22,-0.305,HipAlignmentPreHitch__zwithin,1.848,1.479,-0.37,maxTorsoFlexionPreHitch__zwithin,-2.22,0.102,2.322,FeetAlignmentRelease,-142.106,-113.684,28.421
Player 163,22713,Off the Dribble,Right,4,HipAlignmentRelease__zwithin,1.661,1.329,-0.332,HipAlignmentPostHitch__zwithin,1.575,1.26,-0.315,HipAlignmentPreHitch__zwithin,1.838,1.47,-0.368,maxAnklePlantarflexionNonDominantPostHitch,-31.711,-25.369,6.342,maxTorsoFlexionPreHitch__zwithin,-0.901,0.102,1.002
Player 163,22715,Catch and Shoot,Right,4,HipAlignmentPreHitch__zwithin,1.692,1.353,-0.338,HipAlignmentRelease__zwithin,1.652,1.322,-0.33,HipAlignmentPostHitch__zwithin,1.54,1.232,-0.308,ShoulderAlignmentPostHitch__zwithin,1.719,1.375,-0.344,FeetAlignmentRelease,-142.592,-114.074,28.518
Player 163,22717,Catch and Shoot,Right,4,HipAlignmentRelease__zwithin,1.715,1.372,-0.343,HipAlignmentPreHitch__zwithin,1.704,1.363,-0.341,HipAlignmentPostHitch__zwithin,1.475,1.18,-0.295,ShoulderAlignmentPostHitch__zwithin,1.739,1.391,-0.348,FeetAlignmentRelease,-139.162,-111.33,27.832
Player 163,22718,Catch and Shoot,Right,4,HipAlignmentPostHitch__zwithin,1.502,1.202,-0.3,HipAlignmentRelease__zwithin,1.588,1.271,-0.318,HipAlignmentPreHitch__zwithin,1.729,1.383,-0.346,ShoulderAlignmentPostHitch__zwithin,1.829,1.463,-0.366,maxShoulderFlexionAvgPostHitch,121.729,126.946,5.216
Player 163,22720,Catch and Shoot,Right,4,HipAlignmentPostHitch__zwithin,1.519,1.216,-0.304,HipAlignmentRelease__zwithin,1.63,1.304,-0.326,HipAlignmentPreHitch__zwithin,1.706,1.365,-0.341,ShoulderAlignmentPostHitch__zwithin,1.726,1.381,-0.345,ShoulderTotalROMDominant,104.813,117.081,12.268
Player 163,22721,Off the Dribble,Right,4,HipAlignmentRelease__zwithin,1.492,1.193,-0.298,HipAlignmentPreHitch__zwithin,1.727,1.382,-0.345,HipAlignmentPostHitch__zwithin,1.618,1.294,-0.324,maxShoulderFlexionAvgPostHitch,119.665,125.299,5.634,maxTorsoFlexionPreHitch__zwithin,-1.386,0.102,1.487
Player 163,22722,Off the Dribble,Right,4,HipAlignmentPreHitch__zwithin,1.852,1.482,-0.37,HipAlignmentRelease__zwithin,1.628,1.302,-0.326,ShoulderAlignmentPostHitch__zwithin,1.791,1.433,-0.358,HipAlignmentPostHitch__zwithin,1.576,1.26,-0.315,maxTorsoExtensionPreHitch,-10.934,-4.018,6.915
Player 163,22724,Off the Dribble,Right,4,BallVeloRelease,5.839,5.588,-0.252,HipAlignmentPreHitch__zwithin,1.447,1.158,-0.289,HipAlignmentPostHitch__zwithin,1.549,1.239,-0.31,HipAlignmentRelease__zwithin,1.755,1.404,-0.351,maxShoulderFlexionAvgPostHitch,120.365,125.299,4.934
Player 163,22725,Off the Dribble,Right,4,BallVeloRelease,5.857,5.588,-0.27,HipAlignmentRelease__zwithin,1.716,1.373,-0.343,HipAlignmentPreHitch__zwithin,1.587,1.27,-0.317,HipAlignmentPostHitch__zwithin,1.56,1.248,-0.312,maxShoulderFlexionAvgPostHitch,121.043,125.299,4.256
Player 163,22726,Off the Dribble,Right,4,HipAlignmentPostHitch__zwithin,1.682,1.345,-0.336,HipAlignmentRelease__zwithin,1.6,1.28,-0.32,maxElbowFlexionNonDominantPostHitch__zwithin,1.904,0.163,-1.741,maxAnklePlantarflexionDomDiffPostHitch,-4.839,-3.871,0.968,ShoulderAlignmentRelease__zwithin,1.745,1.396,-0.349
Player 163,22727,Off the Dribble,Right,4,HipAlignmentRelease__zwithin,1.784,1.427,-0.357,HipAlignmentPostHitch__zwithin,1.564,1.252,-0.313,HipAlignmentPreHitch__zwithin,1.671,1.337,-0.334,maxAnkleDorsiflexionDomDiffPreHitch,11.573,9.258,-2.315,maxAnklePlantarflexionDomDiffPostHitch,-8.377,-6.702,1.675
Player 163,22728,Off the Dribble,Right,4,BallVeloRelease,5.733,5.588,-0.145,HipAlignmentRelease__zwithin,1.545,1.236,-0.309,HipAlignmentPreHitch__zwithin,1.894,1.515,-0.379,HipAlignmentPostHitch__zwithin,1.386,1.109,-0.277,BallVeloStart__zwithin,-1.585,-1.085,0.5
Player 163,22729,Off the Dribble,Right,4,BallVeloRelease,5.876,5.588,-0.289,HipAlignmentRelease__zwithin,1.672,1.337,-0.334,HipAlignmentPreHitch__zwithin,1.868,1.494,-0.374,HipAlignmentPostHitch__zwithin,1.489,1.191,-0.298,ShoulderAlignmentRelease__zwithin,1.83,1.464,-0.366
Player 163,22730,Off the Dribble,Right,4,HipAlignmentPreHitch__zwithin,1.487,1.19,-0.297,HipAlignmentRelease__zwithin,1.601,1.281,-0.32,BallVeloRelease,5.886,5.588,-0.298,HipAlignmentPostHitch__zwithin,1.43,1.144,-0.286,ShoulderAlignmentRelease__zwithin,1.867,1.493,-0.373
Player 163,22731,Off the Dribble,Right,4,HipAlignmentRelease__zwithin,1.457,1.166,-0.291,HipAlignmentPreHitch__zwithin,1.755,1.404,-0.351,HipAlignmentPostHitch__zwithin,1.526,1.221,-0.305,BallVeloRelease,5.827,5.588,-0.239,maxShoulderFlexionAvgPostHitch,120.004,125.299,5.295
Player 163,22732,Off the Dribble,Right,4,HipAlignmentRelease__zwithin,1.661,1.329,-0.332,HipAlignmentPreHitch__zwithin,1.586,1.269,-0.317,HipAlignmentPostHitch__zwithin,1.545,1.236,-0.309,BallVeloRelease,5.937,5.588,-0.35,ShoulderAlignmentPostHitch__zwithin,1.641,1.313,-0.328
Player 163,22734,Off the Dribble,Right,4,BallVeloRelease,5.779,5.588,-0.191,HipAlignmentPreHitch__zwithin,1.623,1.298,-0.325,HipAlignmentPostHitch__zwithin,1.592,1.273,-0.318,HipAlignmentRelease__zwithin,1.779,1.423,-0.356,BallVeloStart__zwithin,-1.214,-0.714,0.5
Player 163,22736,Catch and Shoot,Right,4,HipAlignmentRelease__zwithin,1.723,1.378,-0.345,HipAlignmentPreHitch__zwithin,1.523,1.219,-0.305,HipAlignmentPostHitch__zwithin,1.508,1.206,-0.302,ShoulderAlignmentPostHitch__zwithin,1.481,1.184,-0.296,ShoulderAlignmentRelease__zwithin,1.865,1.492,-0.373
Player 163,22737,Catch and Shoot,Right,4,HipAlignmentRelease__zwithin,1.71,1.368,-0.342,HipAlignmentPostHitch__zwithin,1.613,1.29,-0.323,HipAlignmentPreHitch__zwithin,1.701,1.361,-0.34,FeetAlignmentRelease,-142.966,-114.373,28.593,ShoulderAlignmentRelease__zwithin,1.734,1.387,-0.347
Player 163,22739,Off the Dribble,Right,4,BallVeloRelease,5.591,5.588,-0.003,HipAlignmentRelease__zwithin,1.788,1.431,-0.358,HipAlignmentPreHitch__zwithin,1.493,1.194,-0.299,HipAlignmentPostHitch__zwithin,1.606,1.285,-0.321,MaxStanceGapPreHitch,0.306,0.367,0.061
Player 163,22743,Off the Dribble,Right,2,BallVeloRelease,1.627,2.127,0.5,TorsoVeloPostHitch,0.022,0.522,0.5,ankleTotalROMAvg,-14.15,-16.98,-2.83,Max.Ball.Released..Away.from.body.,-0.321,-0.257,0.064,maxShoulderFlexionDomDiffHitch,-138.4,-126.4,12.0
Player 163,22747,Off the Dribble,Right,4,HipAlignmentRelease__zwithin,0.934,0.747,-0.187,BallVeloRelease,5.868,5.588,-0.28,maxKneeFlexionDominantPreHitch,-51.11,-59.157,-8.047,maxShoulderFlexionAvgPostHitch,119.421,125.299,5.878,BallVeloRelease__zwithin,0.204,-0.206,-0.41
Player 163,22748,Off the Dribble,Right,4,BallVeloRelease,5.832,5.588,-0.245,HipAlignmentRelease__zwithin,1.004,0.803,-0.201,Max.Ball.Released..Away.from.body.,0.905,0.724,-0.181,maxShoulderFlexionAvgPostHitch,120.583,125.299,4.716,BallVeloRelease__zwithin,0.152,-0.206,-0.358
Player 163,22777,Off the Dribble,Right,4,BallVeloRelease,5.139,5.588,0.449,maxShoulderFlexionAvgPostHitch,118.659,125.299,6.64,ShoulderAlignmentRelease__zwithin,-1.557,-1.246,0.311,maxHipFlexionDominantPostHitch,39.301,27.301,-12.0,maxShoulderFlexionNonDominantPostHitch,119.261,122.925,3.664
Player 163,22778,Catch and Shoot,Right,4,BallVeloRelease,5.59,6.027,0.436,ShoulderAlignmentRelease__zwithin,-1.747,-1.398,0.349,maxShoulderFlexionAvgPostHitch,120.595,126.946,6.351,maxShoulderFlexionNonDominantPostHitch,120.671,124.484,3.813,HipAlignmentPostHitch__zwithin,-1.621,-1.297,0.324
Player 163,22779,Off the Dribble,Right,3,BallVeloRelease,4.766,5.588,0.822,TorsoVeloPostHitch,0.522,0.772,0.25,BallVeloPostHitch,0.362,0.862,0.5,maxAnklePlantarflexionNonDominantPostHitch,-3.612,-4.335,-0.722,maxShoulderFlexionAvgPostHitch,117.124,125.299,8.175
Player 163,22780,Off the Dribble,Right,4,BallVeloRelease,5.024,5.588,0.563,BallVeloPostHitch,0.124,0.624,0.5,TorsoVeloPostHitch,0.476,0.772,0.295,maxAnklePlantarflexionNonDominantPostHitch,-1.718,-2.061,-0.344,KneeTotalROMAvg,39.96,47.952,7.992
Player 163,22781,Off the Dribble,Right,4,BallVeloRelease,4.981,5.588,0.606,BallVeloPostHitch,0.102,0.602,0.5,TorsoVeloPostHitch,0.344,0.772,0.428,maxAnklePlantarflexionNonDominantPostHitch,-0.145,-0.175,-0.029,ankleTotalROMAvg,-32.265,-38.718,-6.453
Player 163,22782,Off the Dribble,Right,4,BallVeloRelease,5.079,5.588,0.509,TorsoVeloPostHitch,0.495,0.772,0.277,maxAnklePlantarflexionNonDominantPostHitch,-0.738,-0.885,-0.148,BallVeloPostHitch,0.342,0.842,0.5,TorsoVeloRelease__zwithin,-1.511,-1.011,0.5
Player 163,22783,Catch and Shoot,Right,4,BallVeloRelease,5.334,6.027,0.693,ankleTotalROMAvg,-30.606,-36.727,-6.121,BallVeloPostHitch,0.291,0.791,0.5,maxAnklePlantarflexionNonDominantPostHitch,-1.126,-1.351,-0.225,TorsoVeloPostHitch,0.326,0.826,0.5
Player 163,22784,Off the Dribble,Right,3,BallVeloRelease,4.851,5.588,0.737,TorsoVeloPostHitch,0.452,0.772,0.319,BallVeloPostHitch,0.201,0.701,0.5,maxAnklePlantarflexionNonDominantPostHitch,-1.099,-1.319,-0.22,maxShoulderFlexionAvgPostHitch,119.756,125.299,5.543
Player 163,22785,Off the Dribble,Right,3,BallVeloRelease,5.133,5.588,0.455,TorsoVeloPostHitch,0.385,0.772,0.386,BallVeloPostHitch,0.208,0.708,0.5,maxAnklePlantarflexionNonDominantPostHitch,-2.392,-2.87,-0.478,TorsoVeloRelease__zwithin,-1.682,-1.182,0.5
Player 163,22786,Off the Dribble,Right,4,BallVeloRelease,5.118,5.588,0.469,BallVeloPostHitch,0.263,0.763,0.5,TorsoVeloPostHitch,0.513,0.772,0.258,maxAnklePlantarflexionNonDominantPostHitch,-4.465,-5.358,-0.893,maxShoulderFlexionAvgPostHitch,114.636,125.299,10.663
Player 163,22787,Catch and Shoot,Right,4,BallVeloRelease,5.095,6.027,0.931,ankleTotalROMAvg,-29.189,-35.027,-5.838,TorsoVeloPostHitch,0.464,0.884,0.42,maxAnklePlantarflexionNonDominantPostHitch,-2.047,-2.456,-0.409,KneeTotalROMAvg,39.52,47.424,7.904
Player 163,22788,Catch and Shoot,Right,3,BallVeloRelease,5.158,6.027,0.869,BallVeloPostHitch,0.378,0.878,0.5,maxAnklePlantarflexionNonDominantPostHitch,-2.932,-3.519,-0.586,maxShoulderFlexionAvgPostHitch,121.049,126.946,5.897,timeToMaxAnkleDorsiflexionDomDiffHitch,0.175,0.14,-0.035
Player 163,22789,Off the Dribble,Right,3,BallVeloRelease,5.044,5.588,0.543,ankleTotalROMAvg,-30.714,-36.857,-6.143,BallVeloPostHitch,0.374,0.874,0.5,maxAnklePlantarflexionNonDominantPostHitch,-2.284,-2.74,-0.457,maxShoulderFlexionAvgPostHitch,119.466,125.299,5.833
Player 163,22790,Off the Dribble,Right,3,BallVeloRelease,5.088,5.588,0.499,ankleTotalROMAvg,-28.136,-33.764,-5.627,TorsoVeloPostHitch,0.416,0.772,0.356,BallVeloPostHitch,0.39,0.89,0.5,maxAnklePlantarflexionNonDominantPostHitch,0.898,0.718,-0.18
Player 163,22791,Off the Dribble,Right,3,BallVeloRelease,5.1,5.588,0.488,BallVeloPostHitch,0.168,0.668,0.5,ankleTotalROMAvg,-28.176,-33.811,-5.635,TorsoVeloPostHitch,0.455,0.772,0.316,maxAnklePlantarflexionNonDominantPostHitch,0.946,0.757,-0.189
Player 163,22792,Off the Dribble,Right,3,BallVeloRelease,4.957,5.588,0.631,ankleTotalROMAvg,-28.534,-34.241,-5.707,TorsoVeloPostHitch,0.448,0.772,0.324,maxAnklePlantarflexionNonDominantPostHitch,1.299,1.039,-0.26,KneeTotalROMAvg,38.486,46.184,7.697
Player 163,22793,Off the Dribble,Right,3,BallVeloPostHitch,0.149,0.649,0.5,BallVeloRelease,5.188,5.588,0.4,ankleTotalROMAvg,-29.712,-35.655,-5.942,maxAnklePlantarflexionNonDominantPostHitch,-0.636,-0.764,-0.127,KneeTotalROMAvg,41.711,47.968,6.257
Player 163,22794,Off the Dribble,Right,3,BallVeloRelease,5.027,5.588,0.561,ankleTotalROMAvg,-24.752,-29.703,-4.95,BallVeloPostHitch,0.059,0.559,0.5,TorsoVeloPostHitch,0.312,0.772,0.459,maxAnklePlantarflexionNonDominantPostHitch,3.188,2.55,-0.638
Player 163,22795,Off the Dribble,Right,3,BallVeloRelease,5.023,5.588,0.565,ankleTotalROMAvg,-28.719,-34.463,-5.744,TorsoVeloPostHitch,0.403,0.772,0.368,maxAnklePlantarflexionNonDominantPostHitch,2.212,1.769,-0.442,maxShoulderFlexionAvgPostHitch,119.948,125.299,5.351
Player 163,22796,Off the Dribble,Right,3,BallVeloRelease,4.855,5.588,0.732,BallVeloPostHitch,0.159,0.659,0.5,ankleTotalROMAvg,-25.325,-30.39,-5.065,timeToMaxAnkleDorsiflexionDomDiffHitch,0.142,0.114,-0.028,TorsoVeloPostHitch,0.405,0.772,0.367
Player 163,22797,Off the Dribble,Right,3,BallVeloRelease,5.01,5.588,0.578,TorsoVeloPostHitch,0.495,0.772,0.276,BallVeloPostHitch,0.245,0.745,0.5,maxAnklePlantarflexionNonDominantPostHitch,-0.941,-1.129,-0.188,ankleTotalROMAvg,-31.789,-38.147,-6.358
Player 163,22798,Off the Dribble,Right,3,BallVeloRelease,4.979,5.588,0.608,BallVeloPostHitch,0.287,0.787,0.5,ankleTotalROMAvg,-30.475,-36.57,-6.095,TorsoVeloPostHitch,0.44,0.772,0.331,maxAnklePlantarflexionNonDominantPostHitch,-0.029,-0.035,-0.006
Player 163,22799,Off the Dribble,Right,3,BallVeloRelease,4.934,5.588,0.654,timeToMaxAnkleDorsiflexionDomDiffHitch,0.15,0.12,-0.03,ankleTotalROMAvg,-29.76,-35.712,-5.952,TorsoVeloPostHitch,0.488,0.772,0.284,maxAnklePlantarflexionNonDominantPostHitch,-0.231,-0.277,-0.046
Player 163,22800,Off the Dribble,Right,3,BallVeloRelease,4.94,5.588,0.647,TorsoVeloPostHitch,0.314,0.772,0.458,ankleTotalROMAvg,-28.462,-34.155,-5.692,BallVeloPostHitch,0.345,0.845,0.5,maxAnklePlantarflexionNonDominantPostHitch,-1.216,-1.459,-0.243
Player 163,22801,Off the Dribble,Right,3,BallVeloRelease,4.914,5.588,0.674,TorsoVeloPostHitch,0.321,0.772,0.45,BallVeloPostHitch,0.205,0.705,0.5,maxAnklePlantarflexionNonDominantPostHitch,-2.027,-2.433,-0.405,ankleTotalROMAvg,-30.945,-37.134,-6.189
Player 163,22802,Off the Dribble,Right,3,BallVeloRelease,4.98,5.588,0.608,ankleTotalROMAvg,-27.632,-33.158,-5.526,timeToMaxAnkleDorsiflexionDomDiffHitch,0.191,0.153,-0.038,TorsoVeloPostHitch,0.39,0.772,0.382,BallVeloPostHitch,0.263,0.763,0.5
Player 163,22803,Off the Dribble,Right,4,BallVeloRelease,5.3,5.588,0.287,BallVeloPostHitch,0.375,0.875,0.5,maxAnklePlantarflexionNonDominantPostHitch,-0.845,-1.014,-0.169,ankleTotalROMAvg,-31.391,-37.669,-6.278,maxShoulderFlexionAvgPostHitch,121.813,125.299,3.486
Player 163,22804,Off the Dribble,Right,4,BallVeloRelease,5.216,5.588,0.372,BallVeloPostHitch,0.276,0.776,0.5,maxAnklePlantarflexionNonDominantPostHitch,-0.332,-0.399,-0.066,maxShoulderFlexionAvgPostHitch,121.747,125.299,3.552,ankleTotalROMAvg,-32.147,-38.576,-6.429
Player 163,22805,Off the Dribble,Right,4,BallVeloRelease,5.175,5.588,0.412,BallVeloPostHitch,0.41,0.91,0.5,maxAnklePlantarflexionNonDominantPostHitch,-3.02,-3.624,-0.604,timeToMaxElbowExtensionDomDiffPostHitch,0.033,0.0,-0.033,ankleTotalROMAvg,-33.189,-39.827,-6.638
Player 163,22806,Off the Dribble,Right,3,BallVeloRelease,5.038,5.588,0.55,BallVeloPostHitch,0.389,0.889,0.5,maxAnklePlantarflexionNonDominantPostHitch,-5.235,-6.282,-1.047,TorsoVeloPostHitch,0.581,0.772,0.191,maxElbowFlexionDominantHitch,111.528,114.492,2.964
Player 163,22807,Off the Dribble,Right,3,BallVeloRelease,5.073,5.588,0.515,BallVeloPostHitch,-0.035,0.465,0.5,ankleTotalROMAvg,-28.965,-34.758,-5.793,TorsoVeloPostHitch,0.429,0.772,0.343,maxAnklePlantarflexionNonDominantPostHitch,-1.694,-2.033,-0.339
Player 163,22808,Off the Dribble,Right,3,BallVeloRelease,5.193,5.588,0.394,ankleTotalROMAvg,-27.785,-33.342,-5.557,maxAnklePlantarflexionNonDominantPostHitch,-1.907,-2.289,-0.381,KneeTotalROMAvg,40.021,47.968,7.947,TorsoVeloPostHitch,0.501,0.772,0.27
Player 163,22809,Off the Dribble,Right,3,BallVeloRelease,5.139,5.588,0.448,BallVeloPostHitch,0.123,0.623,0.5,TorsoVeloPostHitch,0.367,0.772,0.405,maxAnklePlantarflexionNonDominantPostHitch,-3.432,-4.119,-0.686,KneeTotalROMAvg,36.493,43.791,7.299
Player 163,22810,Off the Dribble,Right,4,BallVeloRelease,5.09,5.588,0.498,BallVeloPostHitch,0.116,0.616,0.5,timeToMaxAnkleDorsiflexionDomDiffHitch,0.209,0.167,-0.042,ankleTotalROMAvg,-29.582,-35.499,-5.916,TorsoVeloPostHitch,0.52,0.772,0.252
Player 163,22811,Off the Dribble,Right,3,BallVeloRelease,5.225,5.588,0.363,ankleTotalROMAvg,-30.453,-36.543,-6.091,maxAnklePlantarflexionNonDominantPostHitch,-0.861,-1.033,-0.172,BallVeloPostHitch,0.274,0.774,0.5,maxShoulderFlexionAvgPostHitch,120.191,125.299,5.108
Player 163,22812,Catch and Shoot,Right,3,BallVeloRelease,5.152,6.027,0.875,BallVeloPostHitch,0.299,0.799,0.5,TorsoVeloPostHitch,0.416,0.884,0.468,maxAnklePlantarflexionNonDominantPostHitch,-2.428,-2.914,-0.486,maxShoulderFlexionAvgPostHitch,115.756,126.946,11.189
Player 163,22813,Off the Dribble,Right,3,BallVeloRelease,5.098,5.588,0.49,BallVeloPostHitch,0.119,0.619,0.5,timeToMaxAnkleDorsiflexionDomDiffHitch,0.142,0.114,-0.028,TorsoVeloPostHitch,0.288,0.772,0.484,ankleTotalROMAvg,-26.841,-32.209,-5.368
Player 163,22814,Off the Dribble,Right,3,BallVeloRelease,4.929,5.588,0.659,TorsoVeloPostHitch,0.315,0.772,0.456,ankleTotalROMAvg,-28.86,-34.631,-5.772,BallVeloPostHitch,0.202,0.702,0.5,maxAnklePlantarflexionNonDominantPostHitch,-2.397,-2.876,-0.479
Player 163,22815,Off the Dribble,Right,3,BallVeloRelease,4.986,5.588,0.602,BallVeloPostHitch,0.163,0.663,0.5,TorsoVeloPostHitch,0.379,0.772,0.393,ankleTotalROMAvg,-28.955,-34.746,-5.791,maxAnklePlantarflexionNonDominantPostHitch,-3.376,-4.051,-0.675
Player 163,22816,Off the Dribble,Right,3,BallVeloRelease,5.032,5.588,0.556,BallVeloPostHitch,-0.04,0.46,0.5,ankleTotalROMAvg,-25.648,-30.778,-5.13,timeToMaxAnkleDorsiflexionDomDiffHitch,0.183,0.146,-0.037,TorsoVeloPostHitch,0.386,0.772,0.386
Player 163,22817,Off the Dribble,Right,3,BallVeloRelease,4.991,5.588,0.597,BallVeloPostHitch,0.083,0.583,0.5,ankleTotalROMAvg,-28.176,-33.812,-5.635,TorsoVeloPostHitch,0.406,0.772,0.366,maxAnklePlantarflexionNonDominantPostHitch,1.04,0.832,-0.208
Player 163,22818,Off the Dribble,Right,3,BallVeloRelease,5.079,5.588,0.509,BallVeloPostHitch,0.036,0.536,0.5,TorsoVeloPostHitch,0.464,0.772,0.308,maxAnklePlantarflexionNonDominantPostHitch,-3.647,-4.377,-0.729,HipAlignmentPostHitch__zwithin,0.045,0.036,-0.009
Player 163,22819,Off the Dribble,Right,3,BallVeloRelease,5.104,5.588,0.484,BallVeloPostHitch,0.154,0.654,0.5,TorsoVeloPostHitch,0.498,0.772,0.274,maxAnklePlantarflexionNonDominantPostHitch,-3.56,-4.272,-0.712,maxAnklePlantarflexionDomDiffPostHitch,-4.725,-3.78,0.945
Player 163,22820,Off the Dribble,Right,3,BallVeloRelease,5.221,5.588,0.366,BallVeloPostHitch,0.205,0.705,0.5,maxAnklePlantarflexionNonDominantPostHitch,-5.83,-6.996,-1.166,TorsoVeloPostHitch,0.489,0.772,0.282,maxShoulderFlexionAvgPostHitch,121.013,125.299,4.286
Player 163,22821,Off the Dribble,Right,4,BallVeloRelease,5.013,5.588,0.574,BallVeloPostHitch,0.374,0.874,0.5,TorsoVeloPostHitch,0.552,0.772,0.22,maxAnklePlantarflexionNonDominantPostHitch,-1.506,-1.808,-0.301,maxShoulderFlexionAvgPostHitch,119.8,125.299,5.499
Player 163,22822,Off the Dribble,Right,3,BallVeloRelease,5.181,5.588,0.407,BallVeloPostHitch,0.239,0.739,0.5,maxAnklePlantarflexionNonDominantPostHitch,-2.414,-2.896,-0.483,maxElbowFlexionDominantHitch,110.996,114.492,3.496,ankleTotalROMAvg,-32.799,-39.359,-6.56
Player 163,22823,Off the Dribble,Right,3,BallVeloRelease,5.145,5.588,0.443,maxAnklePlantarflexionNonDominantPostHitch,-2.206,-2.647,-0.441,maxShoulderFlexionAvgPostHitch,118.037,125.299,7.262,BallVeloPostHitch,0.451,0.951,0.5,TorsoVeloPostHitch,0.517,0.772,0.255
Player 163,22824,Off the Dribble,Right,4,BallVeloRelease,4.891,5.588,0.697,BallVeloPostHitch,0.242,0.742,0.5,TorsoVeloPostHitch,0.545,0.772,0.227,maxAnklePlantarflexionNonDominantPostHitch,-1.746,-2.096,-0.349,timeToMaxAnkleDorsiflexionDomDiffHitch,0.192,0.154,-0.038
Player 163,22825,Off the Dribble,Right,3,BallVeloRelease,5.195,5.588,0.393,ankleTotalROMAvg,-30.649,-36.779,-6.13,BallVeloPostHitch,0.41,0.91,0.5,maxAnklePlantarflexionNonDominantPostHitch,-3.005,-3.606,-0.601,maxShoulderFlexionAvgPostHitch,122.114,125.299,3.185
Player 163,22826,Off the Dribble,Right,4,BallVeloRelease,4.98,5.588,0.607,BallVeloPostHitch,0.37,0.87,0.5,maxAnklePlantarflexionNonDominantPostHitch,-7.974,-9.569,-1.595,maxElbowFlexionDominantHitch,110.808,114.492,3.684,ankleTotalROMAvg,-36.223,-43.467,-7.245
Player 163,22827,Off the Dribble,Right,4,BallVeloRelease,5.254,5.588,0.334,maxAnklePlantarflexionNonDominantPostHitch,-7.239,-8.687,-1.448,ankleTotalROMAvg,-37.155,-44.586,-7.431,maxShoulderFlexionAvgPostHitch,124.052,125.299,1.247,TorsoVeloPostHitch,0.568,0.772,0.203
Player 163,22828,Off the Dribble,Right,3,BallVeloRelease,5.123,5.588,0.464,BallVeloPostHitch,0.41,0.91,0.5,maxAnklePlantarflexionNonDominantPostHitch,-4.7,-5.64,-0.94,maxShoulderFlexionAvgPostHitch,122.18,125.299,3.12,ankleTotalROMAvg,-35.253,-42.303,-7.051
Player 163,22829,Off the Dribble,Right,3,BallVeloRelease,5.178,5.588,0.409,TorsoVeloPostHitch,0.51,0.772,0.261,BallVeloPostHitch,0.349,0.849,0.5,maxAnklePlantarflexionNonDominantPostHitch,-4.184,-5.021,-0.837,maxAnklePlantarflexionDomDiffPostHitch,-7.606,-6.085,1.521
Player 163,22830,Off the Dribble,Right,3,BallVeloRelease,5.254,5.588,0.333,maxAnklePlantarflexionNonDominantPostHitch,-7.206,-8.647,-1.441,maxAnklePlantarflexionDomDiffPostHitch,-7.117,-5.694,1.423,maxElbowFlexionDominantHitch,111.93,114.492,2.562,ankleTotalROMAvg,-37.522,-45.027,-7.504
Player 163,22831,Off the Dribble,Right,3,BallVeloRelease,5.164,5.588,0.423,BallVeloPostHitch,0.447,0.947,0.5,maxAnklePlantarflexionNonDominantPostHitch,-6.886,-8.263,-1.377,TorsoVeloPostHitch,0.488,0.772,0.284,maxShoulderFlexionAvgPostHitch,123.59,125.299,1.709
Player 163,22832,Off the Dribble,Right,3,BallVeloRelease,4.999,5.588,0.588,BallVeloPostHitch,0.146,0.646,0.5,TorsoVeloPostHitch,0.472,0.772,0.3,maxAnklePlantarflexionNonDominantPostHitch,0.19,0.152,-0.038,HipAlignmentPostHitch__zwithin,0.06,0.048,-0.012
Player 163,22833,Off the Dribble,Right,3,BallVeloRelease,5.01,5.588,0.577,BallVeloPostHitch,0.35,0.85,0.5,TorsoVeloPostHitch,0.522,0.772,0.25,maxAnklePlantarflexionNonDominantPostHitch,-10.518,-12.621,-2.104,maxAnklePlantarflexionDomDiffPostHitch,-8.483,-6.786,1.697
Player 163,22834,Off the Dribble,Right,3,BallVeloRelease,5.266,5.588,0.321,BallVeloPostHitch,0.062,0.562,0.5,ankleTotalROMAvg,-29.228,-35.074,-5.846,TorsoVeloPostHitch,0.345,0.772,0.427,maxAnklePlantarflexionNonDominantPostHitch,-0.026,-0.031,-0.005
Player 163,22835,Catch and Shoot,Right,3,BallVeloRelease,4.937,5.924,0.987,ankleTotalROMAvg,-30.245,-36.294,-6.049,TorsoVeloPostHitch,0.523,0.884,0.361,BallVeloPostHitch,0.25,0.75,0.5,maxAnklePlantarflexionNonDominantPostHitch,-2.464,-2.957,-0.493
Player 163,22836,Off the Dribble,Right,4,BallVeloPostHitch,0.073,0.573,0.5,BallVeloRelease,5.386,5.588,0.201,ankleTotalROMAvg,-28.402,-34.082,-5.68,maxAnklePlantarflexionNonDominantPostHitch,-1.201,-1.441,-0.24,KneeTotalROMAvg,37.474,44.969,7.495
Player 163,22837,Off the Dribble,Right,4,BallVeloRelease,5.164,5.588,0.424,BallVeloPostHitch,0.17,0.67,0.5,ankleTotalROMAvg,-26.028,-31.233,-5.206,TorsoVeloPostHitch,0.348,0.772,0.424,maxAnklePlantarflexionNonDominantPostHitch,3.354,2.683,-0.671
Player 163,22838,Catch and Shoot,Right,4,BallVeloRelease,5.163,6.027,0.864,ankleTotalROMAvg,-28.132,-33.759,-5.626,TorsoVeloPostHitch,0.295,0.795,0.5,maxAnklePlantarflexionNonDominantPostHitch,-0.374,-0.449,-0.075,KneeTotalROMAvg,39.903,47.883,7.981
Player 163,22839,Catch and Shoot,Right,4,BallVeloRelease,5.038,6.027,0.989,Max.Ball.Released..Away.from.body.,0.904,0.723,-0.181,HipAlignmentRelease__zwithin,2.035,1.628,-0.407,maxHipFlexionDominantPostHitch,50.382,38.382,-12.0,timeToMaxShoulderFlexionDomDiffPreHitch__zwithin,0.091,0.001,-0.09
Player 163,22840,Off the Dribble,Right,4,BallVeloRelease,5.126,5.588,0.461,HipAlignmentRelease__zwithin,1.133,0.907,-0.227,maxTorsoFlexionPreHitch__zwithin,-1.434,0.102,1.536,BallVeloRelease__zwithin,-0.88,-0.38,0.5,TorsoVeloRelease__zwithin,-2.259,-1.759,0.5
Player 163,22841,Off the Dribble,Right,4,BallVeloRelease,4.976,5.588,0.611,timeToMaxShoulderFlexionDomDiffHitch__zwithin,-1.348,0.038,1.386,HipAlignmentRelease__zwithin,1.183,0.946,-0.237,HipAlignmentPostHitch__zwithin,1.134,0.907,-0.227,TorsoVeloRelease__zwithin,-2.86,-2.288,0.572
Player 163,22852,Off the Dribble,Right,4,ElbowFlexionAtT0Dominant,37.898,49.898,12.0,ShoulderAlignmentRelease__zwithin,-1.509,-1.207,0.302,BallVeloRelease,5.896,5.588,-0.309,maxAnkleDorsiflexionAvgHitch,30.138,25.171,-4.967,maxShoulderFlexionAvgPostHitch,123.591,125.299,1.708
Player 163,22858,Off the Dribble,Right,4,BallVeloRelease,5.529,5.588,0.058,maxTorsoExtensionHitch__zwithin,2.578,0.32,-2.258,ShoulderAlignmentRelease__zwithin,-1.409,-1.127,0.282,maxTorsoExtensionHitch,5.854,1.301,-4.553,FeetAlignmentHitch__zwithin,2.141,1.713,-0.428
Player 163,22865,Off the Dribble,Right,4,ElbowFlexionAtT0Dominant,52.899,64.899,12.0,maxAnkleDorsiflexionAvgHitch,29.663,25.171,-4.492,maxAnklePlantarflexionNonDominantHitch,26.625,21.3,-5.325,maxShoulderFlexionAvgPostHitch,123.51,125.299,1.789,ShoulderTotalROMDominant,118.168,123.443,5.275
Player 163,22879,Catch and Shoot,Right,4,BallVeloRelease,5.484,6.027,0.543,HipAlignmentPreHitch__zwithin,0.977,0.782,-0.195,HipAlignmentRelease__zwithin,1.058,0.847,-0.212,HipAlignmentPostHitch__zwithin,1.023,0.818,-0.205,maxShoulderFlexionAvgPostHitch,122.236,126.946,4.709
Player 163,22880,Catch and Shoot,Right,4,HipAlignmentPreHitch__zwithin,1.088,0.87,-0.218,HipAlignmentPostHitch__zwithin,1.038,0.83,-0.208,HipAlignmentRelease__zwithin,1.167,0.933,-0.233,ShoulderAlignmentPostHitch__zwithin,1.058,0.846,-0.212,maxHipExtensionAvgHitch__zwithin,-0.287,0.384,0.671
Player 163,22881,Off the Dribble,Right,4,BallVeloRelease,5.729,5.588,-0.142,HipAlignmentPreHitch__zwithin,1.526,1.221,-0.305,HipAlignmentRelease__zwithin,1.602,1.282,-0.32,HipAlignmentPostHitch__zwithin,1.536,1.229,-0.307,ShoulderAlignmentRelease__zwithin,1.793,1.434,-0.359
Player 163,22882,Off the Dribble,Right,4,BallVeloRelease,5.829,5.588,-0.241,HipAlignmentPreHitch__zwithin,1.605,1.284,-0.321,HipAlignmentRelease__zwithin,1.606,1.285,-0.321,HipAlignmentPostHitch__zwithin,1.629,1.303,-0.326,ShoulderAlignmentPostHitch__zwithin,1.809,1.447,-0.362
Player 163,22884,Off the Dribble,Right,4,BallVeloRelease,5.667,5.588,-0.079,HipAlignmentRelease__zwithin,1.781,1.425,-0.356,HipAlignmentPostHitch__zwithin,1.725,1.38,-0.345,HipAlignmentPreHitch__zwithin,1.774,1.419,-0.355,BallVeloStart__zwithin,-2.061,-1.561,0.5
Player 163,22886,Off the Dribble,Right,4,HipAlignmentPreHitch__zwithin,1.663,1.33,-0.333,HipAlignmentRelease__zwithin,1.696,1.357,-0.339,HipAlignmentPostHitch__zwithin,1.532,1.225,-0.306,ShoulderAlignmentPostHitch__zwithin,1.794,1.435,-0.359,ShoulderAlignmentRelease__zwithin,1.799,1.439,-0.36
Player 163,22887,Off the Dribble,Right,4,maxShoulderExtensionAvgHitch,80.149,68.149,-12.0,HipAlignmentRelease__zwithin,1.786,1.429,-0.357,HipAlignmentPreHitch__zwithin,1.841,1.473,-0.368,ShoulderAlignmentPostHitch__zwithin,1.74,1.392,-0.348,timeToMaxAnkleDorsiflexionDominantHitch,0.109,0.131,0.022
Player 163,22889,Off the Dribble,Right,4,BallVeloRelease,5.696,5.588,-0.109,HipAlignmentPreHitch__zwithin,1.507,1.206,-0.301,HipAlignmentRelease__zwithin,1.609,1.287,-0.322,HipAlignmentPostHitch__zwithin,1.699,1.359,-0.34,ShoulderAlignmentPostHitch__zwithin,1.843,1.474,-0.369
Player 163,22890,Off the Dribble,Right,4,BallVeloRelease,5.763,5.588,-0.175,ShoulderAlignmentPostHitch__zwithin,1.867,1.494,-0.373,maxTorsoFlexionPreHitch,-15.442,-7.148,8.293,HipAlignmentPreHitch__zwithin,2.053,1.643,-0.411,MaxStanceGapPostHitch,0.396,0.44,0.044
Player 163,22892,Off the Dribble,Right,4,ShoulderAlignmentPostHitch__zwithin,1.923,1.538,-0.385,HipAlignmentPostHitch__zwithin,1.832,1.466,-0.366,HipAlignmentRelease__zwithin,1.598,1.279,-0.32,FeetAlignmentRelease,-161.856,-129.485,32.371,maxTorsoExtensionPreHitch,-14.012,-4.018,9.994
Player 163,22893,Catch and Shoot,Right,4,BallVeloRelease,5.82,6.027,0.206,HipAlignmentRelease__zwithin,1.537,1.229,-0.307,HipAlignmentPostHitch__zwithin,1.565,1.252,-0.313,HipAlignmentPreHitch__zwithin,1.75,1.4,-0.35,maxAnklePlantarflexionDomDiffPostHitch,-5.596,-4.477,1.119
Player 163,22895,Catch and Shoot,Right,4,BallVeloRelease,2.202,2.702,0.5,TorsoVeloRelease,1.922,1.422,-0.5,TorsoVeloRelease__zwithin,3.311,2.649,-0.662,maxKneeFlexionDominantPreHitch,-46.75,-58.75,-12.0,KneeTotalROMAvg,39.772,47.726,7.954
Player 163,22896,Off the Dribble,Right,4,HipAlignmentPostHitch__zwithin,1.621,1.297,-0.324,BallVeloRelease,5.882,5.588,-0.294,HipAlignmentRelease__zwithin,1.643,1.314,-0.329,HipAlignmentPreHitch__zwithin,1.735,1.388,-0.347,ShoulderAlignmentPostHitch__zwithin,1.915,1.532,-0.383
Player 163,22897,Catch and Shoot,Right,4,BallVeloRelease,5.801,6.027,0.226,HipAlignmentRelease__zwithin,1.819,1.455,-0.364,HipAlignmentPreHitch__zwithin,1.993,1.594,-0.399,HipAlignmentPostHitch__zwithin,1.956,1.565,-0.391,ShoulderAlignmentPostHitch__zwithin,1.922,1.537,-0.384
Player 163,22898,Catch and Shoot,Right,4,HipAlignmentPreHitch__zwithin,1.84,1.472,-0.368,HipAlignmentRelease__zwithin,1.596,1.277,-0.319,HipAlignmentPostHitch__zwithin,1.744,1.395,-0.349,ShoulderAlignmentPostHitch__zwithin,1.817,1.453,-0.363,maxTorsoExtensionPreHitch,-10.245,-4.889,5.357
Player 163,22899,Catch and Shoot,Right,4,BallVeloRelease,5.908,6.027,0.119,HipAlignmentRelease__zwithin,1.665,1.332,-0.333,HipAlignmentPostHitch__zwithin,1.701,1.361,-0.34,HipAlignmentPreHitch__zwithin,1.692,1.353,-0.338,maxElbowFlexionDominantPreHitch,81.84,93.84,12.0
Player 163,22900,Off the Dribble,Right,4,ElbowFlexionAtT0Dominant,38.313,50.313,12.0,HipAlignmentPreHitch__zwithin,1.514,1.211,-0.303,HipAlignmentPostHitch__zwithin,1.596,1.277,-0.319,TorsoFlexionAtT0,4.599,-5.274,-9.873,ShoulderAlignmentRelease__zwithin,1.939,1.551,-0.388
Player 163,22901,Catch and Shoot,Right,4,HipAlignmentPreHitch__zwithin,1.789,1.431,-0.358,HipAlignmentRelease__zwithin,1.657,1.326,-0.331,HipAlignmentPostHitch__zwithin,1.689,1.351,-0.338,ShoulderAlignmentPostHitch__zwithin,1.781,1.424,-0.356,FeetAlignmentRelease,-138.78,-111.024,27.756
Player 163,22902,Off the Dribble,Right,4,ElbowFlexionAtT0Dominant,57.487,69.487,12.0,HipAlignmentPreHitch__zwithin,1.635,1.308,-0.327,HipAlignmentPostHitch__zwithin,1.536,1.229,-0.307,timeToMaxKneeFlexionDomDiffHitch,0.034,0.0,-0.034,maxHipExtensionAvgHitch__zwithin,-0.197,-0.312,-0.115
Player 163,22903,Off the Dribble,Right,4,ElbowFlexionAtT0Dominant,45.547,57.547,12.0,HipAlignmentPostHitch__zwithin,1.601,1.281,-0.32,HipAlignmentPreHitch__zwithin,1.549,1.239,-0.31,timeToMaxTorsoFlexionPostHitch__zwithin,2.126,0.449,-1.676,ShoulderAlignmentPostHitch__zwithin,1.71,1.368,-0.342
Player 163,22910,Off the Dribble,Right,4,BallVeloRelease,5.144,5.588,0.444,BallVeloPostHitch,-0.087,0.412,0.5,TorsoVeloPostHitch,0.377,0.772,0.394,ankleTotalROMAvg,-29.604,-35.524,-5.921,maxAnklePlantarflexionNonDominantPostHitch,-0.027,-0.033,-0.005
Player 163,22911,Off the Dribble,Right,4,BallVeloRelease,5.01,5.588,0.577,BallVeloPostHitch,-0.009,0.491,0.5,TorsoVeloPostHitch,0.362,0.772,0.41,maxAnklePlantarflexionNonDominantPostHitch,-2.141,-2.57,-0.428,KneeTotalROMAvg,34.087,40.905,6.817
Player 163,22912,Off the Dribble,Right,4,BallVeloRelease,5.244,5.588,0.343,ankleTotalROMAvg,-25.56,-30.672,-5.112,BallVeloPostHitch,0.101,0.601,0.5,TorsoVeloPostHitch,0.323,0.772,0.449,KneeTotalROMAvg,32.231,38.677,6.446
Player 163,22913,Off the Dribble,Right,3,BallVeloRelease,5.178,5.588,0.409,TorsoVeloPostHitch,0.242,0.742,0.5,ankleTotalROMAvg,-26.371,-31.645,-5.274,KneeTotalROMAvg,27.009,32.411,5.402,maxAnklePlantarflexionNonDominantPostHitch,-0.249,-0.299,-0.05
Player 163,22914,Off the Dribble,Right,3,BallVeloRelease,5.127,5.588,0.461,BallVeloPostHitch,0.177,0.677,0.5,TorsoVeloPostHitch,0.447,0.772,0.324,KneeTotalROMAvg,35.111,42.134,7.022,maxAnklePlantarflexionNonDominantPostHitch,-1.837,-2.205,-0.367
Player 163,22915,Off the Dribble,Right,4,BallVeloRelease,5.273,5.588,0.315,BallVeloPostHitch,0.169,0.669,0.5,TorsoVeloPostHitch,0.42,0.772,0.352,KneeTotalROMAvg,33.868,40.642,6.774,maxAnklePlantarflexionNonDominantPostHitch,-3.078,-3.694,-0.616
Player 163,22916,Off the Dribble,Right,4,BallVeloRelease,5.022,5.588,0.565,BallVeloPostHitch,0.154,0.654,0.5,TorsoVeloPostHitch,0.405,0.772,0.367,maxAnklePlantarflexionNonDominantPostHitch,-5.163,-6.196,-1.033,KneeTotalROMAvg,38.814,46.577,7.763
Player 163,22917,Off the Dribble,Right,3,BallVeloRelease,3.146,3.775,0.629,timeToMaxShoulderFlexionDomDiffHitch__zwithin,-1.698,0.038,1.736,BallVeloRelease__zwithin,-3.777,-3.022,0.755,maxShoulderFlexionDomDiffHitch,-51.328,-39.328,12.0,TorsoVeloPostHitch,0.444,0.772,0.328
Player 163,22922,Off the Dribble,Right,4,BallVeloRelease,5.695,5.588,-0.108,BallVeloRelease__zwithin,-0.048,-0.206,-0.158,ShoulderAlignmentRelease__zwithin,-1.369,-1.095,0.274,maxHipFlexionDominantPostHitch,35.701,23.701,-12.0,MaxStanceGapHitch,0.328,0.394,0.066
Player 163,22923,Catch and Shoot,Right,4,HipAlignmentPreHitch__zwithin,1.379,1.103,-0.276,HipAlignmentRelease__zwithin,1.38,1.104,-0.276,HipAlignmentPostHitch__zwithin,1.403,1.123,-0.281,ShoulderAlignmentPostHitch__zwithin,1.425,1.14,-0.285,MaxStanceGapHitch,0.404,0.454,0.05
Player 163,22925,Catch and Shoot,Right,4,BallVeloRelease,5.788,6.027,0.238,HipAlignmentRelease__zwithin,1.652,1.321,-0.33,HipAlignmentPreHitch__zwithin,1.728,1.382,-0.346,timeToMaxAnkleDorsiflexionDomDiffPreHitch__zwithin,-3.298,-2.638,0.66,BallVeloRelease__zwithin,0.087,0.436,0.349
Player 163,22940,Off the Dribble,Right,4,BallVeloRelease,4.836,5.588,0.751,ElbowFlexionAtT0Dominant,58.221,70.221,12.0,ankleTotalROMAvg,-26.141,-31.369,-5.228,TorsoVeloPostHitch,0.133,0.633,0.5,BallVeloPostHitch,0.052,0.552,0.5
Player 163,22941,Off the Dribble,Right,4,BallVeloRelease,5.898,5.588,-0.311,BallVeloRelease__zwithin,0.248,-0.206,-0.454,maxKneeExtensionDomDiffHitch,-7.627,-3.378,4.249,maxKneeExtensionAvgPostHitch,-20.058,-14.28,5.778,maxAnklePlantarflexionDomDiffPostHitch,-1.831,-2.197,-0.366
Player 163,22981,Off the Dribble,Right,4,BallVeloRelease,5.049,5.588,0.539,TorsoVeloPostHitch,0.533,0.772,0.239,maxAnklePlantarflexionNonDominantPostHitch,-5.435,-6.522,-1.087,maxAnklePlantarflexionDomDiffPostHitch,-11.054,-8.844,2.211,TorsoVeloRelease__zwithin,-1.526,-1.026,0.5
Player 163,22982,Off the Dribble,Right,4,BallVeloRelease,5.014,5.588,0.573,maxAnklePlantarflexionNonDominantPostHitch,-9.231,-11.077,-1.846,TorsoVeloRelease__zwithin,-1.483,-0.983,0.5,BallVeloRelease__zwithin,-1.044,-0.544,0.5,maxAnklePlantarflexionDomDiffPostHitch,-7.637,-6.11,1.527
Player 163,22983,Off the Dribble,Right,4,BallVeloRelease,4.888,5.588,0.7,BallVeloPostHitch,0.152,0.652,0.5,TorsoVeloPostHitch,0.497,0.772,0.275,BallVeloRelease__zwithin,-1.23,-0.73,0.5,maxAnklePlantarflexionNonDominantPostHitch,-5.456,-6.547,-1.091
Player 163,23018,Off the Dribble,Right,4,BallVeloRelease,5.051,5.588,0.537,ankleTotalROMAvg,-29.976,-35.971,-5.995,TorsoVeloPostHitch,0.423,0.772,0.348,maxAnklePlantarflexionNonDominantPostHitch,0.233,0.186,-0.047,KneeTotalROMAvg,39.069,46.883,7.814
Player 163,23019,Off the Dribble,Right,4,BallVeloRelease,4.994,5.588,0.594,maxAnklePlantarflexionNonDominantPostHitch,-3.631,-4.357,-0.726,TorsoVeloPostHitch,0.656,0.772,0.115,ankleTotalROMAvg,-36.574,-43.888,-7.315,BallVeloRelease__zwithin,-1.074,-0.574,0.5
Player 163,23020,Off the Dribble,Right,4,BallVeloRelease,4.934,5.588,0.654,TorsoVeloPostHitch,0.443,0.772,0.329,TorsoVeloRelease__zwithin,-1.607,-1.107,0.5,maxAnklePlantarflexionNonDominantPostHitch,-2.017,-2.421,-0.403,BallVeloRelease__zwithin,-1.162,-0.662,0.5
Player 163,23021,Off the Dribble,Right,4,BallVeloRelease,4.979,5.588,0.609,TorsoVeloPostHitch,0.456,0.772,0.316,KneeTotalROMAvg,39.537,47.444,7.907,maxAnklePlantarflexionNonDominantPostHitch,-2.223,-2.667,-0.445,BallVeloRelease__zwithin,-1.096,-0.596,0.5
Player 163,23022,Off the Dribble,Right,4,BallVeloRelease,5.036,5.588,0.551,TorsoVeloPostHitch,0.437,0.772,0.335,maxAnklePlantarflexionNonDominantPostHitch,-3.08,-3.697,-0.616,ankleTotalROMAvg,-33.528,-40.234,-6.706,BallVeloRelease__zwithin,-1.012,-0.512,0.5
Player 163,23023,Catch and Shoot,Right,3,BallVeloRelease,3.827,4.593,0.765,BallVeloRelease__zwithin,-2.78,-2.224,0.556,TorsoVeloPostHitch,0.266,0.766,0.5,TorsoVeloRelease__zwithin,-1.392,-0.892,0.5,maxAnklePlantarflexionNonDominantPostHitch,-8.724,-10.469,-1.745
Player 163,23024,Off the Dribble,Right,3,BallVeloRelease,3.735,4.482,0.747,BallVeloRelease__zwithin,-2.914,-2.332,0.583,TorsoVeloPostHitch,0.404,0.772,0.368,ankleTotalROMAvg,-34.452,-41.342,-6.89,KneeTotalROMAvg,37.994,45.593,7.599
Player 163,23025,Catch and Shoot,Right,3,BallVeloRelease,4.071,4.885,0.814,BallVeloRelease__zwithin,-2.424,-1.924,0.5,TorsoVeloPostHitch,0.386,0.884,0.498,ankleTotalROMAvg,-36.448,-43.737,-7.29,maxAnklePlantarflexionNonDominantPostHitch,-9.786,-11.743,-1.957
Player 163,23026,Catch and Shoot,Right,3,BallVeloRelease,4.079,4.895,0.816,TorsoVeloPostHitch,0.316,0.816,0.5,BallVeloRelease__zwithin,-2.412,-1.912,0.5,ankleTotalROMAvg,-37.475,-44.97,-7.495,TorsoVeloRelease__zwithin,-1.894,-1.394,0.5
Player 163,23027,Off the Dribble,Right,3,BallVeloRelease,3.869,4.643,0.774,TorsoVeloPostHitch,0.359,0.772,0.413,BallVeloRelease__zwithin,-2.719,-2.175,0.544,timeToMaxAnkleDorsiflexionDomDiffHitch,0.192,0.154,-0.038,KneeTotalROMAvg,30.687,36.825,6.137
Player 163,23028,Off the Dribble,Right,3,BallVeloRelease,3.762,4.514,0.752,BallVeloRelease__zwithin,-2.876,-2.301,0.575,TorsoVeloPostHitch,0.408,0.772,0.364,ankleTotalROMAvg,-33.105,-39.725,-6.621,maxKneeFlexionDominantPreHitch,-39.39,-51.39,-12.0
Player 163,23029,Off the Dribble,Right,3,BallVeloRelease,4.219,5.062,0.844,TorsoVeloPostHitch,0.345,0.772,0.427,BallVeloRelease__zwithin,-2.208,-1.708,0.5,ankleTotalROMAvg,-28.451,-34.141,-5.69,Max.Ball.Released..Away.from.body.,0.364,0.437,0.073
Player 163,23030,Catch and Shoot,Right,3,BallVeloRelease,4.452,5.343,0.89,BallVeloRelease__zwithin,-1.866,-1.366,0.5,maxElbowFlexionAvgPreHitch,116.775,104.775,-12.0,TorsoVeloPostHitch,0.503,0.884,0.381,maxKneeFlexionDominantPreHitch,-48.883,-60.883,-12.0
Player 163,23031,Catch and Shoot,Right,3,BallVeloRelease,4.123,4.947,0.825,BallVeloRelease__zwithin,-2.348,-1.848,0.5,TorsoVeloPostHitch,0.516,0.884,0.368,maxKneeFlexionDominantPreHitch,-51.223,-63.223,-12.0,KneeTotalROMAvg,40.6,48.72,8.12
Player 163,23032,Off the Dribble,Right,3,BallVeloRelease,3.731,4.477,0.746,ankleTotalROMAvg,-25.327,-30.392,-5.065,TorsoVeloPostHitch,0.359,0.772,0.413,BallVeloRelease__zwithin,-2.921,-2.337,0.584,maxAnklePlantarflexionNonDominantPostHitch,-4.025,-4.83,-0.805
Player 163,23033,Catch and Shoot,Right,3,BallVeloRelease,4.2,5.041,0.84,BallVeloRelease__zwithin,-2.234,-1.734,0.5,TorsoVeloPostHitch,0.506,0.884,0.378,maxKneeFlexionDominantPreHitch,-49.691,-61.691,-12.0,KneeTotalROMAvg,39.558,47.47,7.912
Player 163,23034,Catch and Shoot,Right,3,BallVeloRelease,3.938,4.725,0.788,ankleTotalROMAvg,-24.855,-29.826,-4.971,BallVeloRelease__zwithin,-2.618,-2.095,0.524,TorsoVeloPostHitch,0.422,0.884,0.461,maxAnklePlantarflexionNonDominantPostHitch,-7.78,-9.336,-1.556
Player 163,23035,Catch and Shoot,Right,3,BallVeloRelease,3.797,4.557,0.76,ankleTotalROMAvg,-29.126,-34.952,-5.825,BallVeloRelease__zwithin,-2.824,-2.259,0.565,TorsoVeloPostHitch,0.431,0.884,0.453,maxAnklePlantarflexionNonDominantPostHitch,-8.492,-10.19,-1.698
Player 163,23036,Off the Dribble,Right,3,BallVeloRelease,3.619,4.343,0.724,BallVeloRelease__zwithin,-3.084,-2.467,0.617,TorsoVeloPostHitch,0.42,0.772,0.351,TorsoVeloRelease__zwithin,-1.527,-1.027,0.5,maxKneeFlexionDominantPreHitch,-42.493,-54.493,-12.0
Player 163,23037,Catch and Shoot,Right,3,BallVeloRelease,4.192,5.03,0.838,ElbowFlexionAtT0NonDominant,113.343,101.343,-12.0,BallVeloRelease__zwithin,-2.247,-1.747,0.5,TorsoVeloPostHitch,0.551,0.884,0.333,KneeTotalROMAvg,30.038,36.045,6.008
Player 163,23057,Catch and Shoot,Right,4,BallVeloRelease,5.463,6.027,0.563,BallVeloRelease__zwithin,-0.387,0.113,0.5,maxElbowExtensionDominantPreHitch,118.516,106.516,-12.0,HipAlignmentRelease__zwithin,0.106,0.085,-0.021,ShoulderTotalROMDominant,96.569,115.883,19.314
Player 163,23058,Catch and Shoot,Right,4,BallVeloRelease,5.338,6.027,0.689,BallVeloRelease__zwithin,-0.571,-0.071,0.5,ShoulderTotalROMDominant,84.16,100.992,16.832,HipAlignmentRelease__zwithin,0.043,0.047,0.004,maxShoulderExtensionAvgHitch,75.209,63.208,-12.0
Player 163,23059,Catch and Shoot,Right,4,BallVeloRelease,5.558,6.027,0.469,maxShoulderFlexionAvgPostHitch,123.175,126.946,3.77,BallVeloRelease__zwithin,-0.249,0.251,0.5,ShoulderTotalROMDominant,93.045,111.654,18.609,maxShoulderFlexionNonDominantPostHitch,120.967,124.484,3.517
Player 163,23060,Catch and Shoot,Right,4,ShoulderTotalROMDominant,92.632,111.159,18.526,maxShoulderFlexionAvgPostHitch,128.511,126.946,-1.565,maxHipExtensionNonDominantHitch,38.225,27.744,-10.482,maxAnkleDorsiflexionAvgPreHitch__zwithin,1.86,1.488,-0.372,maxHipFlexionNonDominantHitch,55.859,43.859,-12.0
Player 163,23061,Catch and Shoot,Right,4,BallVeloRelease,5.529,6.027,0.498,BallVeloRelease__zwithin,-0.292,0.208,0.5,HipAlignmentRelease__zwithin,0.02,0.024,0.004,ShoulderTotalROMDominant,92.769,111.323,18.554,maxHipExtensionNonDominantHitch,39.332,27.744,-11.589
Player 163,23082,Off the Dribble,Right,4,BallVeloRelease,4.953,5.588,0.634,ankleTotalROMAvg,-39.777,-47.732,-7.955,maxAnklePlantarflexionNonDominantPostHitch,-8.523,-10.227,-1.704,BallVeloRelease__zwithin,-1.133,-0.633,0.5,TorsoVeloPostHitch,0.67,0.772,0.102
Player 163,23083,Off the Dribble,Right,4,BallVeloRelease,5.106,5.588,0.482,maxAnklePlantarflexionNonDominantPostHitch,-9.357,-11.228,-1.871,BallVeloRelease__zwithin,-0.91,-0.41,0.5,TorsoVeloRelease__zwithin,-1.252,-0.752,0.5,maxAnklePlantarflexionDomDiffPostHitch,-7.031,-5.625,1.406
Player 163,23084,Off the Dribble,Right,4,BallVeloRelease,4.927,5.588,0.661,maxAnklePlantarflexionNonDominantPostHitch,-5.48,-6.576,-1.096,BallVeloRelease__zwithin,-1.172,-0.672,0.5,TorsoVeloPostHitch,0.603,0.772,0.169,TorsoVeloRelease__zwithin,-1.603,-1.103,0.5
Player 163,23085,Off the Dribble,Right,4,BallVeloRelease,4.987,5.588,0.601,maxAnklePlantarflexionNonDominantPostHitch,-7.693,-9.232,-1.539,BallVeloRelease__zwithin,-1.085,-0.585,0.5,maxAnklePlantarflexionDomDiffPostHitch,-6.253,-5.003,1.251,TorsoVeloRelease__zwithin,-1.656,-1.156,0.5
Player 163,23086,Off the Dribble,Right,4,BallVeloRelease,5.128,5.588,0.459,BallVeloRelease__zwithin,-0.877,-0.377,0.5,maxAnklePlantarflexionNonDominantPostHitch,-10.151,-12.181,-2.03,TorsoVeloRelease__zwithin,-1.318,-0.818,0.5,maxAnklePlantarflexionDomDiffPostHitch,-7.249,-5.799,1.45
Player 163,23087,Off the Dribble,Right,4,BallVeloRelease,5.162,5.588,0.425,maxAnklePlantarflexionNonDominantPostHitch,-11.666,-13.999,-2.333,TorsoVeloRelease__zwithin,-1.348,-0.848,0.5,BallVeloRelease__zwithin,-0.828,-0.328,0.5,maxShoulderFlexionAvgPostHitch,122.717,125.299,2.582
Player 163,23088,Off the Dribble,Right,4,BallVeloRelease,4.791,5.588,0.796,KneeTotalROMAvg,39.782,47.739,7.956,maxKneeFlexionDominantPreHitch,-52.699,-59.157,-6.458,BallVeloRelease__zwithin,-1.371,-0.871,0.5,maxShoulderFlexionAvgPostHitch,121.397,125.299,3.902
Player 163,23089,Off the Dribble,Right,3,BallVeloRelease,4.754,5.588,0.834,TorsoVeloPostHitch,0.579,0.772,0.193,maxAnklePlantarflexionNonDominantPostHitch,-9.198,-11.038,-1.84,ankleTotalROMAvg,-36.573,-43.888,-7.315,maxShoulderFlexionAvgPostHitch,119.311,125.299,5.989
Player 163,23090,Off the Dribble,Right,4,BallVeloRelease,5.143,5.588,0.445,maxAnklePlantarflexionNonDominantPostHitch,-12.692,-15.23,-2.538,BallVeloRelease__zwithin,-0.857,-0.357,0.5,TorsoVeloRelease__zwithin,-1.276,-0.776,0.5,maxShoulderFlexionAvgPostHitch,124.218,125.299,1.081
Player 163,23091,Off the Dribble,Right,4,BallVeloRelease,4.672,5.588,0.916,BallVeloRelease__zwithin,-1.545,-1.045,0.5,maxAnklePlantarflexionNonDominantPostHitch,-12.938,-15.526,-2.588,TorsoVeloPostHitch,0.683,0.772,0.089,TorsoVeloRelease__zwithin,-1.293,-0.793,0.5
Player 163,23092,Off the Dribble,Right,4,BallVeloRelease,4.949,5.588,0.638,maxShoulderFlexionAvgPostHitch,122.187,125.299,3.112,maxAnklePlantarflexionNonDominantPostHitch,-13.775,-16.53,-2.755,BallVeloRelease__zwithin,-1.14,-0.64,0.5,TorsoVeloRelease__zwithin,-1.357,-0.857,0.5
Player 163,23093,Off the Dribble,Right,4,BallVeloRelease,4.901,5.588,0.686,BallVeloRelease__zwithin,-1.21,-0.71,0.5,maxAnklePlantarflexionNonDominantPostHitch,-13.399,-16.079,-2.68,TorsoVeloRelease__zwithin,-1.486,-0.986,0.5,maxShoulderFlexionAvgPostHitch,123.107,125.299,2.192
Player 163,23094,Off the Dribble,Right,4,BallVeloRelease,5.005,5.588,0.583,BallVeloRelease__zwithin,-1.058,-0.558,0.5,maxAnklePlantarflexionNonDominantPostHitch,-10.423,-12.507,-2.085,TorsoVeloRelease__zwithin,-1.392,-0.892,0.5,maxHipExtensionAvgHitch__zwithin,-0.682,-0.312,0.371
Player 163,23095,Catch and Shoot,Right,4,BallVeloRelease,4.765,5.718,0.953,TorsoVeloPostHitch,0.576,0.884,0.308,maxAnklePlantarflexionNonDominantPostHitch,-5.976,-7.172,-1.195,BallVeloRelease__zwithin,-1.409,-0.909,0.5,ankleTotalROMAvg,-38.184,-45.821,-7.637
Player 163,23106,Catch and Shoot,Right,4,BallVeloRelease,5.798,6.027,0.229,BallVeloRelease__zwithin,0.102,0.436,0.334,maxAnklePlantarflexionDomDiffPostHitch,-6.553,-5.242,1.311,maxKneeFlexionDominantPreHitch,-53.808,-64.418,-10.609,KneeTotalROMAvg,46.264,51.313,5.049
Player 163,23119,Off the Dribble,Right,3,BallVeloRelease,4.73,5.588,0.857,BallVeloRelease__zwithin,-1.459,-0.959,0.5,maxAnklePlantarflexionNonDominantPostHitch,-11.684,-14.02,-2.337,TorsoVeloRelease__zwithin,-1.571,-1.071,0.5,maxShoulderFlexionAvgPostHitch,123.29,125.299,2.009
Player 163,23120,Off the Dribble,Right,4,BallVeloRelease,4.949,5.588,0.638,TorsoVeloPostHitch,0.541,0.772,0.231,maxAnklePlantarflexionNonDominantPostHitch,-4.633,-5.56,-0.927,BallVeloRelease__zwithin,-1.14,-0.64,0.5,TorsoVeloRelease__zwithin,-1.621,-1.121,0.5
Player 163,23121,Off the Dribble,Right,4,BallVeloRelease,4.88,5.588,0.707,TorsoVeloPostHitch,0.487,0.772,0.285,BallVeloRelease__zwithin,-1.24,-0.74,0.5,maxAnklePlantarflexionNonDominantPostHitch,-8.921,-10.705,-1.784,TorsoVeloRelease__zwithin,-1.464,-0.964,0.5
Player 163,23122,Catch and Shoot,Right,4,BallVeloRelease,4.943,5.931,0.989,BallVeloRelease__zwithin,-1.149,-0.649,0.5,KneeTotalROMAvg,41.496,49.795,8.299,maxAnklePlantarflexionNonDominantPostHitch,-1.334,-1.601,-0.267,ankleTotalROMAvg,-31.055,-37.266,-6.211
Player 163,23145,Off the Dribble,Right,4,BallVeloRelease,4.672,5.588,0.916,TorsoVeloPostHitch,0.483,0.772,0.289,BallVeloRelease__zwithin,-1.545,-1.045,0.5,KneeTotalROMAvg,36.271,43.525,7.254,maxAnklePlantarflexionNonDominantPostHitch,-8.225,-9.87,-1.645
Player 163,23146,Off the Dribble,Right,4,BallVeloRelease,5.13,5.588,0.458,TorsoVeloPostHitch,0.533,0.772,0.239,BallVeloRelease__zwithin,-0.876,-0.376,0.5,KneeTotalROMAvg,38.341,46.01,7.668,maxAnklePlantarflexionNonDominantPostHitch,-1.704,-2.044,-0.341
Player 163,23147,Off the Dribble,Right,4,BallVeloRelease,4.972,5.588,0.615,KneeTotalROMAvg,38.943,46.732,7.789,maxAnklePlantarflexionNonDominantPostHitch,-4.902,-5.882,-0.98,maxKneeFlexionDominantPreHitch,-53.567,-59.157,-5.59,ankleTotalROMAvg,-34.086,-40.903,-6.817
Player 163,23148,Off the Dribble,Right,4,BallVeloRelease,5.12,5.588,0.468,BallVeloRelease__zwithin,-0.89,-0.39,0.5,maxAnklePlantarflexionNonDominantPostHitch,-10.143,-12.171,-2.029,KneeTotalROMAvg,44.519,47.968,3.449,maxHipExtensionAvgHitch__zwithin,-0.842,-0.312,0.53
Player 163,23149,Off the Dribble,Right,4,BallVeloRelease,5.339,5.588,0.249,maxAnklePlantarflexionNonDominantPostHitch,-8.951,-10.742,-1.79,TorsoVeloPostHitch,0.434,0.772,0.338,ankleTotalROMAvg,-38.26,-45.912,-7.652,BallVeloRelease__zwithin,-0.57,-0.206,0.364
Player 163,23150,Off the Dribble,Right,4,BallVeloRelease,5.066,5.588,0.522,BallVeloRelease__zwithin,-0.969,-0.469,0.5,KneeTotalROMAvg,39.599,47.519,7.92,maxAnklePlantarflexionNonDominantPostHitch,-9.234,-11.08,-1.847,ankleTotalROMAvg,-39.062,-46.874,-7.812
Player 163,23151,Catch and Shoot,Right,4,BallVeloRelease,5.759,6.027,0.267,BallVeloRelease__zwithin,0.045,0.436,0.391,ShoulderAlignmentRelease__zwithin,-1.517,-1.213,0.303,maxKneeFlexionDomDiffPostHitch,-13.109,-4.147,8.962,ShoulderTotalROMDominant,111.698,117.081,5.383
Player 163,23152,Catch and Shoot,Right,4,BallVeloRelease,5.906,6.027,0.12,ShoulderAlignmentRelease__zwithin,-1.73,-1.384,0.346,maxKneeExtensionDomDiffHitch,-17.849,-5.849,12.0,BallVeloRelease__zwithin,0.26,0.436,0.176,ShoulderTotalROMDominant,103.675,117.081,13.406
Player 163,23153,Catch and Shoot,Right,4,BallVeloRelease,5.842,6.027,0.184,BallVeloRelease__zwithin,0.167,0.436,0.269,KneeTotalROMAvg,44.389,51.313,6.924,ShoulderAlignmentRelease__zwithin,-1.597,-1.278,0.319,BallVeloStart__zwithin,-1.132,-0.632,0.5
Player 163,23154,Catch and Shoot,Right,4,BallVeloRelease,5.741,6.027,0.285,BallVeloRelease__zwithin,0.019,0.436,0.417,ShoulderAlignmentRelease__zwithin,-1.587,-1.27,0.317,maxTorsoFlexionPreHitch__zwithin,-1.615,0.029,1.644,HipAlignmentPreHitch__zwithin,-1.615,-1.292,0.323
Player 163,23234,Catch and Shoot,Right,4,HipAlignmentPreHitch__zwithin,1.783,1.426,-0.357,HipAlignmentRelease__zwithin,1.499,1.199,-0.3,HipAlignmentPostHitch__zwithin,1.656,1.325,-0.331,maxKneeExtensionAvgPostHitch,-21.144,-16.009,5.134,maxShoulderFlexionAvgPostHitch,121.807,126.946,5.138
Player 163,23235,Catch and Shoot,Right,4,BallVeloRelease,5.922,6.027,0.105,HipAlignmentRelease__zwithin,1.615,1.292,-0.323,HipAlignmentPreHitch__zwithin,1.694,1.355,-0.339,maxKneeExtensionAvgPostHitch,-22.885,-16.009,6.875,KneeTotalROMAvg,45.264,51.313,6.049
Player 163,23237,Catch and Shoot,Right,4,HipAlignmentPreHitch__zwithin,1.479,1.183,-0.296,HipAlignmentRelease__zwithin,1.606,1.285,-0.321,HipAlignmentPostHitch__zwithin,1.436,1.149,-0.287,maxKneeExtensionAvgPostHitch,-20.593,-16.009,4.584,maxKneeFlexionDominantPreHitch,-52.172,-64.172,-12.0
Player 163,23238,Catch and Shoot,Right,4,HipAlignmentRelease__zwithin,1.573,1.259,-0.315,HipAlignmentPreHitch__zwithin,1.594,1.275,-0.319,HipAlignmentPostHitch__zwithin,1.677,1.342,-0.335,maxKneeExtensionAvgPostHitch,-22.795,-16.009,6.785,maxKneeExtensionNonDominantPostHitch,-22.892,-15.941,6.952
Player 163,23239,Catch and Shoot,Right,4,HipAlignmentPostHitch__zwithin,1.582,1.266,-0.316,HipAlignmentPreHitch__zwithin,1.631,1.305,-0.326,HipAlignmentRelease__zwithin,1.65,1.32,-0.33,ShoulderAlignmentPostHitch__zwithin,1.549,1.239,-0.31,maxKneeFlexionDominantPreHitch,-54.303,-64.418,-10.114
Player 163,23240,Off the Dribble,Right,3,BallVeloRelease,5.074,5.588,0.514,BallVeloRelease__zwithin,-0.957,-0.457,0.5,ankleTotalROMAvg,-38.331,-45.998,-7.666,maxShoulderFlexionAvgPostHitch,121.422,125.299,3.877,maxAnklePlantarflexionNonDominantPostHitch,-12.012,-14.414,-2.402
Player 163,23241,Off the Dribble,Right,3,BallVeloRelease,4.73,5.588,0.857,BallVeloRelease__zwithin,-1.459,-0.959,0.5,maxElbowFlexionAvgPreHitch,114.912,102.912,-12.0,maxShoulderFlexionAvgPostHitch,122.295,125.299,3.004,TorsoVeloRelease__zwithin,-1.902,-1.402,0.5
Player 163,23242,Off the Dribble,Right,4,BallVeloRelease,4.9,5.588,0.687,BallVeloRelease__zwithin,-1.211,-0.711,0.5,maxShoulderFlexionAvgPostHitch,122.502,125.299,2.797,maxAnklePlantarflexionNonDominantPostHitch,-12.749,-15.299,-2.55,TorsoVeloRelease__zwithin,-1.569,-1.069,0.5
Player 163,23243,Off the Dribble,Right,4,BallVeloRelease,4.893,5.588,0.694,BallVeloRelease__zwithin,-1.222,-0.722,0.5,maxAnklePlantarflexionNonDominantPostHitch,-11.868,-14.242,-2.374,TorsoVeloRelease__zwithin,-1.648,-1.148,0.5,maxElbowExtensionDominantPreHitch,116.445,104.445,-12.0
Player 163,23244,Off the Dribble,Right,3,BallVeloRelease,5.016,5.588,0.572,BallVeloRelease__zwithin,-1.042,-0.542,0.5,timeToMaxTorsoFlexionPostHitch__zwithin,1.552,0.449,-1.103,maxShoulderFlexionAvgPostHitch,123.436,125.299,1.863,TorsoVeloRelease__zwithin,-1.239,-0.739,0.5
Player 163,23245,Off the Dribble,Right,4,BallVeloRelease,5.261,5.588,0.326,BallVeloRelease__zwithin,-0.683,-0.206,0.477,maxShoulderFlexionAvgPostHitch,122.915,125.299,2.384,TorsoVeloRelease__zwithin,-1.6,-1.1,0.5,maxShoulderExtensionDomDiffHitch,-27.02,-15.02,12.0
Player 163,23246,Catch and Shoot,Right,3,BallVeloRelease,4.982,5.978,0.996,maxAnklePlantarflexionNonDominantPostHitch,-8.768,-10.521,-1.754,ankleTotalROMAvg,-38.826,-46.591,-7.765,BallVeloRelease__zwithin,-1.092,-0.592,0.5,TorsoVeloPostHitch,0.632,0.884,0.252
Player 163,23247,Off the Dribble,Right,4,BallVeloRelease,5.111,5.588,0.476,BallVeloRelease__zwithin,-0.902,-0.402,0.5,maxAnklePlantarflexionNonDominantPostHitch,-7.388,-8.865,-1.478,ankleTotalROMAvg,-36.647,-43.976,-7.329,TorsoVeloRelease__zwithin,-1.501,-1.001,0.5
Player 163,23248,Off the Dribble,Right,4,BallVeloRelease,5.044,5.588,0.544,maxAnklePlantarflexionNonDominantPostHitch,-7.72,-9.264,-1.544,maxShoulderFlexionAvgPostHitch,122.569,125.299,2.73,BallVeloRelease__zwithin,-1.001,-0.501,0.5,ankleTotalROMAvg,-38.75,-46.5,-7.75
Player 163,23249,Off the Dribble,Right,3,BallVeloRelease,4.513,5.416,0.903,BallVeloRelease__zwithin,-1.777,-1.277,0.5,maxAnklePlantarflexionNonDominantPostHitch,-10.881,-13.057,-2.176,TorsoVeloPostHitch,0.671,0.772,0.101,TorsoVeloRelease__zwithin,-1.333,-0.833,0.5
Player 163,23250,Off the Dribble,Right,4,BallVeloRelease,4.904,5.588,0.684,BallVeloRelease__zwithin,-1.206,-0.706,0.5,maxShoulderFlexionAvgPostHitch,121.474,125.299,3.825,maxAnkleDorsiflexionAvgPreHitch__zwithin,1.856,1.485,-0.371,TorsoVeloRelease__zwithin,-1.128,-0.628,0.5
Player 163,23251,Off the Dribble,Right,4,BallVeloRelease,4.869,5.588,0.719,BallVeloRelease__zwithin,-1.257,-0.757,0.5,maxAnklePlantarflexionNonDominantPostHitch,-13.558,-16.27,-2.712,TorsoVeloRelease__zwithin,-1.416,-0.916,0.5,maxElbowExtensionDominantPreHitch,116.287,104.286,-12.0
Player 163,23252,Off the Dribble,Right,4,BallVeloRelease,5.077,5.588,0.51,BallVeloRelease__zwithin,-0.952,-0.452,0.5,maxAnklePlantarflexionNonDominantPostHitch,-13.119,-15.742,-2.624,TorsoVeloRelease__zwithin,-1.222,-0.722,0.5,maxAnkleDorsiflexionAvgPreHitch__zwithin,1.84,1.472,-0.368
Player 163,23253,Off the Dribble,Right,4,BallVeloRelease,5.083,5.588,0.505,BallVeloRelease__zwithin,-0.944,-0.444,0.5,maxShoulderFlexionAvgPostHitch,123.526,125.299,1.773,TorsoVeloRelease__zwithin,-1.18,-0.68,0.5,maxAnklePlantarflexionDomDiffPostHitch,-6.356,-5.085,1.271
Player 163,23254,Off the Dribble,Right,4,BallVeloRelease,5.223,5.588,0.365,maxAnklePlantarflexionNonDominantPostHitch,-11.749,-14.098,-2.35,maxAnkleDorsiflexionAvgPreHitch__zwithin,1.835,1.468,-0.367,BallVeloRelease__zwithin,-0.74,-0.24,0.5,maxShoulderFlexionAvgPostHitch,124.278,125.299,1.021
Player 163,23255,Off the Dribble,Right,4,BallVeloRelease,5.224,5.588,0.363,maxShoulderFlexionAvgPostHitch,122.32,125.299,2.979,maxAnkleDorsiflexionAvgPreHitch__zwithin,1.825,1.46,-0.365,BallVeloRelease__zwithin,-0.737,-0.237,0.5,TorsoVeloRelease__zwithin,-0.916,-0.416,0.5
Player 163,23256,Off the Dribble,Right,4,BallVeloRelease,4.574,5.489,0.915,BallVeloRelease__zwithin,-1.688,-1.188,0.5,maxShoulderFlexionAvgPostHitch,119.965,125.299,5.334,maxAnkleDorsiflexionAvgPreHitch__zwithin,1.923,1.539,-0.385,TorsoVeloRelease__zwithin,-0.973,-0.473,0.5
Player 163,23257,Catch and Shoot,Right,3,BallVeloRelease,4.633,5.559,0.927,TorsoVeloPostHitch,-0.13,0.37,0.5,ShoulderAlignmentRelease__zwithin,-2.0,-1.6,0.4,BallVeloRelease__zwithin,-1.602,-1.102,0.5,ShoulderAlignmentPostHitch__zwithin,-1.645,-1.316,0.329
Player 163,23258,Catch and Shoot,Right,3,BallVeloRelease,4.596,5.515,0.919,TorsoVeloPostHitch,-0.378,0.122,0.5,ShoulderAlignmentRelease__zwithin,-1.873,-1.499,0.375,timeToMaxShoulderFlexionDominantPostHitch,0.55,0.6,0.05,ElbowFlexionAtT0NonDominant,116.896,104.896,-12.0
Player 163,23259,Off the Dribble,Right,4,BallVeloRelease,4.685,5.588,0.903,TorsoVeloPostHitch,-0.476,0.024,0.5,ShoulderAlignmentRelease__zwithin,-1.784,-1.427,0.357,BallVeloRelease__zwithin,-1.526,-1.026,0.5,timeToMaxElbowFlexionDomDiffPostHitch__zwithin,0.494,0.007,-0.486
Player 163,23260,Off the Dribble,Right,3,BallVeloPostHitch,-0.173,0.327,0.5,TorsoVeloPostHitch,-0.117,0.383,0.5,maxShoulderFlexionNonDominantPreHitch,12.554,24.554,12.0,maxShoulderExtensionDominantHitch,1.579,13.579,12.0,maxShoulderFlexionDominantPostHitch,104.676,116.676,12.0
Player 163,23261,Off the Dribble,Right,3,BallVeloRelease,5.34,5.588,0.247,MaxStanceGapHitch,0.251,0.302,0.05,TorsoVeloPostHitch,-0.44,0.06,0.5,maxAnkleDorsiflexionAvgHitch,10.825,12.99,2.165,ankleTotalROMAvg,-36.1,-43.321,-7.22
Player 163,23262,Off the Dribble,Right,3,BallVeloRelease,4.813,5.588,0.774,TorsoVeloPostHitch,-0.059,0.441,0.5,BallVeloPostHitch,-0.004,0.496,0.5,ankleTotalROMAvg,-38.087,-45.704,-7.617,BallVeloRelease__zwithin,-1.338,-0.838,0.5
Player 163,23263,Off the Dribble,Right,3,BallVeloPostHitch,-0.158,0.342,0.5,BallVeloRelease,5.615,5.588,-0.027,TorsoVeloPostHitch,-0.269,0.231,0.5,maxShoulderFlexionNonDominantPreHitch,3.48,15.48,12.0,Max.Ball.Released..Away.from.body.,1.05,0.84,-0.21
Player 163,23264,Off the Dribble,Right,3,BallVeloRelease,5.35,5.588,0.238,Max.Ball.Released..Away.from.body.,0.323,0.388,0.065,ShoulderAlignmentRelease__zwithin,-1.922,-1.537,0.384,TorsoTotalROMAvg__zwithin,2.495,1.996,-0.499,TorsoVeloRelease__zwithin,-1.215,-0.715,0.5
Player 163,23265,Off the Dribble,Right,3,BallVeloRelease,5.26,5.588,0.328,ShoulderAlignmentRelease__zwithin,-1.79,-1.432,0.358,MaxStanceGapHitch,0.242,0.29,0.048,ShoulderAlignmentPostHitch__zwithin,-1.724,-1.379,0.345,KneeTotalROMAvg,41.201,47.968,6.767
Player 163,23266,Off the Dribble,Right,3,BallVeloPostHitch,-0.073,0.427,0.5,TorsoVeloPostHitch,-0.026,0.474,0.5,Max.Ball.Released..Away.from.body.,1.123,0.899,-0.225,maxShoulderFlexionNonDominantPreHitch,14.251,26.251,12.0,maxShoulderExtensionDominantPostHitch,18.901,30.901,12.0
Player 163,23267,Off the Dribble,Right,3,BallVeloPostHitch,0.06,0.56,0.5,maxShoulderExtensionDominantHitch,6.524,18.524,12.0,TorsoVeloPostHitch,-0.334,0.166,0.5,Max.Ball.Released..Away.from.body.,1.045,0.836,-0.209,timeToMaxShoulderFlexionDominantPreHitch,0.066,0.192,0.126
Player 163,23268,Off the Dribble,Right,3,BallVeloPostHitch,-0.1,0.4,0.5,TorsoVeloPostHitch,-0.472,0.028,0.5,Max.Ball.Released..Away.from.body.,0.907,0.726,-0.181,maxShoulderFlexionNonDominantPreHitch,13.479,25.479,12.0,maxShoulderExtensionDominantHitch,-2.703,9.297,12.0
Player 163,23271,Catch and Shoot,Right,4,BallVeloRelease,5.679,6.027,0.348,BallVeloRelease__zwithin,-0.073,0.427,0.5,maxHipFlexionDominantPostHitch,39.16,30.845,-8.315,ShoulderAlignmentRelease__zwithin,-1.551,-1.241,0.31,timeToMaxElbowFlexionDomDiffHitch,-0.134,0.0,0.134
Player 163,23280,Catch and Shoot,Right,4,BallVeloRelease,5.702,6.027,0.324,maxHipFlexionDominantPostHitch,40.25,30.845,-9.405,BallVeloRelease__zwithin,-0.038,0.436,0.474,ShoulderAlignmentRelease__zwithin,-1.635,-1.308,0.327,ShoulderTotalROMDominant,93.885,112.662,18.777
Player 163,23360,Off the Dribble,Right,4,HipAlignmentPreHitch__zwithin,1.728,1.382,-0.346,HipAlignmentPostHitch__zwithin,1.588,1.27,-0.318,TorsoTotalROMAvg__zwithin,2.128,1.702,-0.426,HipAlignmentRelease__zwithin,1.544,1.235,-0.309,maxAnklePlantarflexionDomDiffPostHitch,-7.231,-5.785,1.446
Player 163,23364,Catch and Shoot,Right,4,BallVeloRelease,1.454,1.954,0.5,TorsoVeloPostHitch,0.42,0.884,0.464,timeToMaxShoulderFlexionDominantPostHitch,0.417,0.6,0.183,ankleTotalROMAvg,-18.299,-21.959,-3.66,maxShoulderExtensionAvgHitch,76.383,64.383,-12.0
Player 163,23367,Catch and Shoot,Right,4,BallVeloRelease,5.448,6.027,0.578,HipAlignmentRelease__zwithin,1.581,1.265,-0.316,maxShoulderExtensionDomDiffHitch__zwithin,0.68,-0.006,-0.686,HipAlignmentPreHitch__zwithin,1.5,1.2,-0.3,BallVeloRelease__zwithin,-0.41,0.09,0.5
Player 163,23368,Off the Dribble,Right,4,BallVeloRelease,5.068,5.588,0.52,TorsoVeloPostHitch,0.513,0.772,0.258,maxAnklePlantarflexionNonDominantPostHitch,-9.42,-11.304,-1.884,ankleTotalROMAvg,-38.267,-45.921,-7.653,BallVeloRelease__zwithin,-0.966,-0.466,0.5
Player 163,23369,Off the Dribble,Right,4,BallVeloRelease,4.959,5.588,0.628,BallVeloRelease__zwithin,-1.125,-0.625,0.5,ankleTotalROMAvg,-39.379,-47.255,-7.876,maxAnklePlantarflexionNonDominantPostHitch,-10.138,-12.165,-2.028,maxShoulderFlexionAvgPostHitch,123.846,125.299,1.453
Player 163,23370,Off the Dribble,Right,4,BallVeloRelease,5.281,5.588,0.307,maxAnklePlantarflexionNonDominantPostHitch,-12.995,-15.594,-2.599,KneeTotalROMAvg,44.77,47.968,3.198,BallVeloRelease__zwithin,-0.655,-0.206,0.448,maxElbowExtensionDominantPreHitch,117.182,105.182,-12.0
Player 163,23371,Off the Dribble,Right,4,BallVeloRelease,5.541,5.588,0.047,maxAnklePlantarflexionNonDominantPostHitch,-5.796,-6.956,-1.159,ankleTotalROMAvg,-36.674,-44.008,-7.335,BallVeloRelease__zwithin,-0.274,-0.206,0.068,maxShoulderFlexionAvgPostHitch,123.522,125.299,1.777
Player 163,23372,Off the Dribble,Right,4,BallVeloRelease,5.092,5.588,0.496,maxAnklePlantarflexionNonDominantPostHitch,-8.218,-9.861,-1.644,BallVeloRelease__zwithin,-0.931,-0.431,0.5,ankleTotalROMAvg,-39.263,-47.115,-7.852,TorsoVeloRelease__zwithin,-1.647,-1.147,0.5
Player 163,23373,Off the Dribble,Right,4,BallVeloRelease,5.075,5.588,0.513,maxAnklePlantarflexionNonDominantPostHitch,-7.686,-9.223,-1.537,BallVeloRelease__zwithin,-0.956,-0.456,0.5,ankleTotalROMAvg,-38.221,-45.866,-7.644,TorsoVeloRelease__zwithin,-0.983,-0.483,0.5
Player 163,23374,Off the Dribble,Right,4,BallVeloRelease,4.91,5.588,0.677,BallVeloRelease__zwithin,-1.196,-0.696,0.5,maxAnklePlantarflexionNonDominantPostHitch,-13.311,-15.973,-2.662,KneeTotalROMAvg,43.538,47.968,4.43,TorsoVeloPostHitch,0.693,0.772,0.078
Player 163,23375,Off the Dribble,Right,4,BallVeloRelease,5.16,5.588,0.427,ankleTotalROMAvg,-39.783,-47.74,-7.957,maxAnklePlantarflexionNonDominantPostHitch,-9.402,-11.283,-1.88,timeToMaxAnkleDorsiflexionDomDiffHitch,0.142,0.114,-0.028,BallVeloRelease__zwithin,-0.831,-0.331,0.5
Player 163,23376,Off the Dribble,Right,4,BallVeloRelease,5.002,5.588,0.586,BallVeloRelease__zwithin,-1.063,-0.563,0.5,TorsoVeloRelease__zwithin,-2.012,-1.512,0.5,timeToMaxElbowExtensionDomDiffHitch,0.058,0.0,-0.058,KneeTotalROMAvg,45.36,47.968,2.608
Player 163,23377,Catch and Shoot,Right,4,BallVeloRelease,5.102,6.027,0.925,BallVeloRelease__zwithin,-0.916,-0.416,0.5,maxAnklePlantarflexionNonDominantPostHitch,-11.68,-14.016,-2.336,ankleTotalROMAvg,-39.782,-47.738,-7.956,KneeTotalROMAvg,43.789,51.313,7.524
Player 163,23378,Catch and Shoot,Right,4,BallVeloRelease,5.112,6.027,0.914,BallVeloRelease__zwithin,-0.901,-0.401,0.5,timeToMaxElbowExtensionDomDiffHitch,0.083,0.0,-0.083,maxAnklePlantarflexionNonDominantPostHitch,-11.301,-13.561,-2.26,maxElbowExtensionDominantPreHitch,114.901,102.902,-12.0
Player 163,23379,Off the Dribble,Right,4,ShoulderAlignmentPostHitch__zwithin,1.893,1.514,-0.379,maxShoulderExtensionAvgHitch,82.063,70.063,-12.0,HipAlignmentPreHitch__zwithin,1.795,1.436,-0.359,HipAlignmentRelease__zwithin,1.663,1.331,-0.333,TorsoTotalROMAvg__zwithin,2.947,2.357,-0.589
Player 163,23383,Off the Dribble,Right,4,maxShoulderExtensionAvgHitch,78.388,66.388,-12.0,HipAlignmentPreHitch__zwithin,1.761,1.409,-0.352,HipAlignmentRelease__zwithin,1.626,1.301,-0.325,ShoulderAlignmentPostHitch__zwithin,1.72,1.376,-0.344,TorsoFlexionAtT0__zwithin,-2.769,0.198,2.967
Player 163,23385,Off the Dribble,Right,4,HipAlignmentPreHitch__zwithin,1.758,1.406,-0.352,HipAlignmentRelease__zwithin,1.608,1.286,-0.322,timeToMaxElbowExtensionDomDiffPostHitch,0.042,0.0,-0.042,HipAlignmentPostHitch__zwithin,1.55,1.24,-0.31,ShoulderAlignmentRelease__zwithin,1.766,1.412,-0.353
Player 163,23395,Catch and Shoot,Right,4,BallVeloRelease,1.219,1.719,0.5,TorsoVeloPostHitch,0.503,0.884,0.38,timeToMaxShoulderFlexionDominantPostHitch,0.3,0.6,0.3,ankleTotalROMAvg,-6.699,-8.039,-1.34,maxShoulderExtensionAvgHitch,79.329,67.329,-12.0
Player 163,23396,Off the Dribble,Right,4,BallVeloRelease,1.11,1.61,0.5,TorsoVeloPostHitch,0.445,0.772,0.326,timeToMaxShoulderFlexionDominantPostHitch,0.342,0.692,0.35,ankleTotalROMAvg,-10.278,-12.334,-2.056,maxShoulderExtensionAvgHitch,81.283,69.283,-12.0
Player 163,23399,Catch and Shoot,Right,4,TorsoTotalROMAvg__zwithin,3.085,2.468,-0.617,HipAlignmentPreHitch__zwithin,1.75,1.4,-0.35,HipAlignmentRelease__zwithin,1.574,1.259,-0.315,HipAlignmentPostHitch__zwithin,1.662,1.33,-0.332,maxTorsoFlexionPreHitch__zwithin,-2.948,0.029,2.978
Player 163,23400,Off the Dribble,Right,4,TorsoTotalROMAvg__zwithin,2.976,2.381,-0.595,HipAlignmentRelease__zwithin,1.595,1.276,-0.319,HipAlignmentPreHitch__zwithin,1.774,1.419,-0.355,HipAlignmentPostHitch__zwithin,1.677,1.342,-0.335,maxAnklePlantarflexionDomDiffPostHitch,-7.742,-6.194,1.548
Player 163,23408,Off the Dribble,Right,4,BallVeloRelease,4.883,5.588,0.705,TorsoVeloPostHitch,0.463,0.772,0.309,BallVeloRelease__zwithin,-1.236,-0.736,0.5,maxAnklePlantarflexionNonDominantPostHitch,-5.217,-6.261,-1.043,KneeTotalROMAvg,41.62,47.968,6.348
Player 163,23409,Off the Dribble,Right,4,BallVeloRelease,5.268,5.588,0.32,maxElbowExtensionDominantPreHitch,123.089,111.089,-12.0,maxAnklePlantarflexionNonDominantPostHitch,-7.742,-9.29,-1.548,KneeTotalROMAvg,41.079,47.968,6.889,timeToMaxElbowExtensionDomDiffHitch,0.05,0.0,-0.05
Player 163,23410,Off the Dribble,Right,4,BallVeloRelease,5.316,5.588,0.271,maxAnklePlantarflexionNonDominantPostHitch,-9.844,-11.813,-1.969,ankleTotalROMAvg,-38.858,-46.629,-7.772,TorsoVeloRelease__zwithin,-1.581,-1.081,0.5,BallVeloRelease__zwithin,-0.603,-0.206,0.397
Player 163,23411,Off the Dribble,Right,4,BallVeloRelease,5.037,5.588,0.55,KneeTotalROMAvg,41.298,47.968,6.67,BallVeloRelease__zwithin,-1.01,-0.51,0.5,ankleTotalROMAvg,-39.681,-47.617,-7.936,maxAnklePlantarflexionNonDominantPostHitch,-11.183,-13.419,-2.237
Player 163,23412,Off the Dribble,Right,4,BallVeloRelease,5.164,5.588,0.424,BallVeloRelease__zwithin,-0.826,-0.326,0.5,TorsoVeloRelease__zwithin,-1.268,-0.768,0.5,timeToMaxKneeFlexionDomDiffHitch,0.041,0.0,-0.041,maxAnklePlantarflexionDomDiffPostHitch,-4.126,-3.301,0.825
Player 163,23413,Catch and Shoot,Right,4,BallVeloRelease,5.422,6.027,0.604,KneeTotalROMAvg,39.022,46.826,7.804,maxAnklePlantarflexionNonDominantPostHitch,-11.484,-13.781,-2.297,BallVeloRelease__zwithin,-0.448,0.052,0.5,TorsoVeloRelease__zwithin,-1.412,-0.912,0.5
Player 163,23414,Catch and Shoot,Right,4,BallVeloRelease,5.227,6.027,0.8,BallVeloRelease__zwithin,-0.734,-0.234,0.5,TorsoVeloRelease__zwithin,-1.132,-0.632,0.5,timeToMaxShoulderExtensionDomDiffHitch__zwithin,0.051,-0.002,-0.053,maxAnkleDorsiflexionAvgPreHitch__zwithin,2.07,1.656,-0.414
Player 163,23415,Off the Dribble,Right,4,BallVeloRelease,5.491,5.588,0.097,BallVeloRelease__zwithin,-0.347,-0.206,0.141,TorsoVeloRelease__zwithin,-1.168,-0.668,0.5,KneeTotalROMAvg,45.353,47.968,2.615,maxHipExtensionNonDominantHitch,31.092,22.295,-8.796
Player 163,23416,Off the Dribble,Right,4,BallVeloRelease,5.401,5.588,0.187,BallVeloRelease__zwithin,-0.48,-0.206,0.273,maxAnkleDorsiflexionDominantPreHitch,30.77,24.616,-6.154,ElbowTotalROMDominant,-81.547,-97.857,-16.309,TorsoVeloRelease__zwithin,-0.676,-0.227,0.45
Player 163,23417,Off the Dribble,Right,4,BallVeloRelease,5.025,5.588,0.562,BallVeloRelease__zwithin,-1.028,-0.528,0.5,TorsoVeloRelease__zwithin,-0.754,-0.254,0.5,maxElbowFlexionDominantHitch,110.897,114.492,3.596,ElbowTotalROMDominant,-80.448,-96.537,-16.09
Player 163,23418,Catch and Shoot,Right,4,BallVeloRelease,5.148,6.027,0.879,KneeTotalROMAvg,41.852,50.222,8.37,BallVeloRelease__zwithin,-0.849,-0.349,0.5,maxAnklePlantarflexionNonDominantPostHitch,-10.478,-12.573,-2.096,maxAnklePlantarflexionDomDiffPostHitch,-6.023,-4.818,1.205
Player 163,23419,Off the Dribble,Right,4,BallVeloRelease,5.24,5.588,0.347,BallVeloRelease__zwithin,-0.714,-0.214,0.5,TorsoVeloRelease__zwithin,-0.977,-0.477,0.5,timeToMaxKneeFlexionNonDominantPreHitch,0.008,0.125,0.117,maxHipExtensionNonDominantHitch,30.718,22.295,-8.423
Player 163,23420,Off the Dribble,Right,4,BallVeloRelease,4.679,5.588,0.908,BallVeloRelease__zwithin,-1.534,-1.034,0.5,TorsoFlexionAtT0__zwithin,-2.415,0.198,2.612,TorsoVeloRelease__zwithin,-1.273,-0.773,0.5,TorsoVeloPostHitch,0.781,0.772,-0.009
Player 163,23421,Off the Dribble,Right,4,BallVeloRelease,5.015,5.588,0.572,maxShoulderFlexionAvgPostHitch,121.662,125.299,3.637,BallVeloRelease__zwithin,-1.043,-0.543,0.5,TorsoVeloRelease__zwithin,-0.705,-0.227,0.478,maxElbowFlexionDominantHitch,111.64,114.492,2.853
Player 163,23422,Off the Dribble,Right,4,BallVeloRelease,4.934,5.588,0.653,BallVeloRelease__zwithin,-1.161,-0.661,0.5,TorsoVeloRelease__zwithin,-1.571,-1.071,0.5,maxAnkleDorsiflexionAvgPreHitch__zwithin,2.024,1.619,-0.405,maxShoulderFlexionAvgPostHitch,124.626,125.299,0.673
Player 163,23463,Catch and Shoot,Right,4,BallVeloRelease,5.685,6.027,0.341,BallVeloRelease__zwithin,-0.063,0.436,0.499,ShoulderAlignmentRelease__zwithin,-1.606,-1.285,0.321,TorsoVeloHitch,-0.614,-0.346,0.268,timeToMaxAnkleDorsiflexionDomDiffHitch,0.134,0.107,-0.027
Player 163,23464,Catch and Shoot,Right,4,BallVeloRelease,5.817,6.027,0.21,BallVeloRelease__zwithin,0.129,0.436,0.307,KneeTotalROMAvg,44.887,51.313,6.426,ShoulderAlignmentRelease__zwithin,-1.578,-1.262,0.316,maxKneeExtensionDominantPostHitch,-27.546,-16.026,11.52
Player 163,23467,Catch and Shoot,Right,4,BallVeloRelease,5.911,6.027,0.116,ShoulderAlignmentRelease__zwithin,-1.574,-1.26,0.315,BallVeloRelease__zwithin,0.267,0.436,0.169,maxHipFlexionDominantPostHitch,38.775,30.845,-7.93,maxHipFlexionNonDominantPreHitch__zwithin,-0.689,-0.0,0.689
Player 163,23468,Catch and Shoot,Right,4,BallVeloRelease,5.553,6.027,0.473,maxHipFlexionDominantPostHitch,42.457,30.845,-11.612,BallVeloRelease__zwithin,-0.256,0.244,0.5,TorsoVeloPostHitch,0.552,0.884,0.331,ShoulderTotalROMDominant,96.78,116.136,19.356
Player 163,23473,Catch and Shoot,Right,4,BallVeloRelease,5.69,6.027,0.337,BallVeloRelease__zwithin,-0.057,0.436,0.493,maxTorsoFlexionPreHitch__zwithin,-1.278,0.029,1.307,ShoulderAlignmentRelease__zwithin,-1.596,-1.277,0.319,maxHipFlexionDominantPostHitch,37.764,30.845,-6.918
Player 163,23475,Off the Dribble,Right,4,BallVeloRelease,5.289,5.588,0.298,maxAnklePlantarflexionNonDominantPostHitch,-8.743,-10.492,-1.749,BallVeloRelease__zwithin,-0.642,-0.206,0.436,TorsoVeloRelease__zwithin,-1.988,-1.488,0.5,maxAnklePlantarflexionDomDiffPostHitch,-3.279,-2.623,0.656
Player 163,23476,Off the Dribble,Right,4,BallVeloRelease,4.907,5.588,0.68,BallVeloRelease__zwithin,-1.201,-0.701,0.5,maxAnklePlantarflexionNonDominantPostHitch,-10.267,-12.32,-2.053,ankleTotalROMAvg,-38.995,-46.794,-7.799,maxShoulderFlexionAvgPostHitch,123.793,125.299,1.506
Player 163,23477,Off the Dribble,Right,4,BallVeloRelease,4.979,5.588,0.609,BallVeloRelease__zwithin,-1.096,-0.596,0.5,maxAnklePlantarflexionNonDominantPostHitch,-11.08,-13.296,-2.216,maxShoulderFlexionAvgPostHitch,122.611,125.299,2.688,TorsoVeloRelease__zwithin,-1.68,-1.18,0.5
Player 163,23478,Off the Dribble,Right,4,BallVeloRelease,4.927,5.588,0.661,BallVeloRelease__zwithin,-1.172,-0.672,0.5,maxAnklePlantarflexionNonDominantPostHitch,-9.254,-11.104,-1.851,KneeTotalROMAvg,41.701,47.968,6.267,TorsoVeloPostHitch,0.672,0.772,0.099
Player 163,23479,Off the Dribble,Right,4,BallVeloRelease,4.587,5.505,0.917,BallVeloRelease__zwithin,-1.669,-1.169,0.5,maxAnklePlantarflexionNonDominantPostHitch,-11.483,-13.78,-2.297,TorsoVeloRelease__zwithin,-1.187,-0.687,0.5,maxShoulderFlexionAvgPostHitch,123.297,125.299,2.002
Player 163,23480,Off the Dribble,Right,4,BallVeloRelease,5.371,5.588,0.217,maxAnklePlantarflexionNonDominantPostHitch,-12.255,-14.706,-2.451,maxShoulderFlexionAvgPostHitch,121.16,125.299,4.139,TorsoVeloRelease__zwithin,-1.23,-0.73,0.5,BallVeloRelease__zwithin,-0.523,-0.206,0.317
Player 163,23481,Off the Dribble,Right,4,BallVeloRelease,4.744,5.588,0.844,BallVeloRelease__zwithin,-1.44,-0.94,0.5,maxShoulderFlexionAvgPostHitch,121.799,125.299,3.5,maxAnklePlantarflexionNonDominantPostHitch,-11.124,-13.349,-2.225,TorsoVeloPostHitch,0.804,0.772,-0.032
Player 163,23482,Off the Dribble,Right,4,BallVeloRelease,4.756,5.588,0.831,TorsoVeloPostHitch,0.422,0.772,0.349,BallVeloRelease__zwithin,-1.421,-0.921,0.5,maxAnklePlantarflexionNonDominantPostHitch,-8.009,-9.611,-1.602,ankleTotalROMAvg,-35.167,-42.201,-7.033
Player 163,23483,Catch and Shoot,Right,4,BallVeloRelease,4.958,5.949,0.992,TorsoVeloPostHitch,0.546,0.884,0.338,maxAnklePlantarflexionNonDominantPostHitch,-7.084,-8.501,-1.417,timeToMaxAnkleDorsiflexionDomDiffHitch,0.134,0.107,-0.027,KneeTotalROMAvg,40.35,48.42,8.07
Player 163,23484,Catch and Shoot,Right,4,BallVeloRelease,5.005,6.006,1.001,TorsoVeloPostHitch,0.507,0.884,0.376,maxAnklePlantarflexionNonDominantPostHitch,-8.732,-10.479,-1.746,maxKneeFlexionDominantPreHitch,-55.147,-64.418,-9.271,ankleTotalROMAvg,-36.571,-43.885,-7.314
Player 163,23487,Off the Dribble,Right,4,BallVeloRelease,5.557,5.588,0.03,BallVeloRelease__zwithin,-0.25,-0.206,0.044,maxKneeExtensionDomDiffHitch,-17.627,-5.627,12.0,ShoulderAlignmentRelease__zwithin,-1.623,-1.298,0.325,KneeTotalROMAvg,45.098,47.968,2.87
Player 163,23489,Catch and Shoot,Right,4,BallVeloRelease,5.492,6.027,0.534,maxHipFlexionDominantPostHitch,39.445,30.845,-8.6,BallVeloRelease__zwithin,-0.345,0.155,0.5,ShoulderAlignmentRelease__zwithin,-1.529,-1.223,0.306,timeToMaxElbowFlexionDomDiffHitch,-0.117,0.0,0.117
Player 163,23492,Catch and Shoot,Right,4,BallVeloRelease,5.771,6.027,0.256,BallVeloRelease__zwithin,0.062,0.436,0.374,ShoulderAlignmentRelease__zwithin,-1.548,-1.239,0.31,HipAlignmentPostHitch__zwithin,-1.597,-1.278,0.319,maxHipFlexionDominantPostHitch,37.819,30.845,-6.973
Player 163,23498,Catch and Shoot,Right,4,BallVeloRelease,5.664,6.027,0.362,ShoulderAlignmentRelease__zwithin,-1.646,-1.317,0.329,BallVeloRelease__zwithin,-0.094,0.406,0.5,maxHipFlexionDominantPostHitch,39.09,30.845,-8.245,ShoulderTotalROMDominant,94.789,113.747,18.958
Player 163,23499,Catch and Shoot,Right,4,BallVeloRelease,5.737,6.027,0.29,KneeTotalROMAvg,44.324,51.313,6.989,BallVeloRelease__zwithin,0.012,0.436,0.424,ShoulderAlignmentRelease__zwithin,-1.613,-1.291,0.323,maxTorsoFlexionPreHitch__zwithin,-1.05,0.029,1.08
Player 163,23501,Catch and Shoot,Right,4,BallVeloRelease,5.83,6.027,0.197,maxShoulderFlexionAvgPreHitch,81.353,69.353,-12.0,maxHipFlexionDominantPostHitch,44.02,32.02,-12.0,KneeTotalROMAvg,44.535,51.313,6.779,BallVeloRelease__zwithin,0.148,0.436,0.288
Player 163,23503,Catch and Shoot,Right,4,BallVeloRelease,5.627,6.027,0.399,timeToMaxAnkleDorsiflexionDomDiffHitch,0.167,0.134,-0.033,BallVeloRelease__zwithin,-0.148,0.352,0.5,timeToMaxElbowFlexionDomDiffHitch,-0.1,0.0,0.1,maxHipFlexionDominantPostHitch,37.208,30.845,-6.362
Player 163,23504,Catch and Shoot,Right,4,BallVeloRelease,5.529,6.027,0.497,BallVeloRelease__zwithin,-0.291,0.209,0.5,ShoulderAlignmentRelease__zwithin,-1.559,-1.247,0.312,ShoulderTotalROMDominant,104.287,117.081,12.795,maxHipFlexionDominantPostHitch,36.619,30.845,-5.773
Player 163,23516,Catch and Shoot,Right,4,BallVeloRelease,5.664,6.027,0.362,BallVeloRelease__zwithin,-0.094,0.406,0.5,TorsoVeloPostHitch,0.557,0.884,0.327,maxKneeExtensionDomDiffHitch,-9.328,-3.816,5.511,ShoulderTotalROMDominant,76.214,91.457,15.243
Player 163,23538,Off the Dribble,Right,4,BallVeloRelease,5.039,5.588,0.549,BallVeloRelease__zwithin,-1.009,-0.509,0.5,maxAnklePlantarflexionNonDominantPostHitch,-11.091,-13.309,-2.218,maxAnkleDorsiflexionAvgPreHitch__zwithin,1.912,1.53,-0.382,TorsoVeloRelease__zwithin,-1.308,-0.808,0.5
Player 163,23539,Off the Dribble,Right,4,BallVeloRelease,4.878,5.588,0.709,maxKneeFlexionDominantPreHitch,-53.851,-59.157,-5.306,KneeTotalROMAvg,38.012,45.614,7.602,maxAnklePlantarflexionNonDominantPostHitch,-6.559,-7.871,-1.312,BallVeloRelease__zwithin,-1.243,-0.743,0.5
Player 163,23540,Off the Dribble,Right,4,BallVeloRelease,5.018,5.588,0.569,TorsoVeloPostHitch,0.482,0.772,0.29,maxAnklePlantarflexionNonDominantPostHitch,-12.994,-15.593,-2.599,BallVeloRelease__zwithin,-1.038,-0.538,0.5,TorsoVeloRelease__zwithin,-1.365,-0.865,0.5
Player 163,23541,Off the Dribble,Right,4,BallVeloRelease,5.023,5.588,0.564,maxAnklePlantarflexionNonDominantPostHitch,-10.085,-12.102,-2.017,BallVeloRelease__zwithin,-1.031,-0.531,0.5,KneeTotalROMAvg,44.221,47.968,3.746,TorsoVeloPostHitch,0.745,0.772,0.027
Player 163,23542,Off the Dribble,Right,4,BallVeloRelease,4.896,5.588,0.691,BallVeloRelease__zwithin,-1.217,-0.717,0.5,maxAnklePlantarflexionAvgPreHitch,22.093,18.754,-3.339,TorsoVeloRelease__zwithin,-1.16,-0.66,0.5,ElbowTotalROMDominant,-78.079,-93.695,-15.616
Player 163,23543,Off the Dribble,Right,4,BallVeloRelease,4.935,5.588,0.653,BallVeloRelease__zwithin,-1.161,-0.661,0.5,maxAnklePlantarflexionNonDominantPostHitch,-6.152,-7.382,-1.23,KneeTotalROMAvg,41.96,47.968,6.008,TorsoVeloRelease__zwithin,-1.527,-1.027,0.5
Player 163,23544,Off the Dribble,Right,4,BallVeloRelease,4.988,5.588,0.599,KneeTotalROMAvg,41.888,47.968,6.08,BallVeloRelease__zwithin,-1.082,-0.582,0.5,maxShoulderFlexionAvgPostHitch,123.781,125.299,1.518,TorsoVeloRelease__zwithin,-1.405,-0.905,0.5
Player 163,23545,Off the Dribble,Right,4,BallVeloRelease,5.079,5.588,0.508,BallVeloRelease__zwithin,-0.949,-0.449,0.5,KneeTotalROMAvg,38.396,46.075,7.679,maxAnklePlantarflexionNonDominantPostHitch,-10.68,-12.816,-2.136,TorsoVeloRelease__zwithin,-0.9,-0.4,0.5
Player 163,23546,Catch and Shoot,Right,4,BallVeloRelease,5.837,6.027,0.19,BallVeloRelease__zwithin,0.159,0.436,0.277,KneeTotalROMAvg,44.052,51.313,7.261,maxHipFlexionDominantPostHitch,39.306,30.845,-8.461,ShoulderAlignmentRelease__zwithin,-1.54,-1.232,0.308
Player 163,23562,Catch and Shoot,Right,4,BallVeloRelease,5.774,6.027,0.252,BallVeloRelease__zwithin,0.067,0.436,0.369,maxShoulderFlexionAvgPreHitch,84.924,72.924,-12.0,maxAnklePlantarflexionDomDiffPostHitch,-7.315,-5.852,1.463,TorsoVeloPostHitch,0.412,0.884,0.472
Player 163,23614,Off the Dribble,Right,3,BallVeloRelease,4.396,5.275,0.879,ankleTotalROMAvg,-3.916,-4.7,-0.783,BallVeloPostHitch,-0.217,0.283,0.5,TorsoVeloPostHitch,0.073,0.573,0.5,BallVeloRelease__zwithin,-1.948,-1.448,0.5
Player 163,23615,Off the Dribble,Right,4,BallVeloRelease,5.003,5.588,0.584,maxAnklePlantarflexionNonDominantPostHitch,-11.064,-13.277,-2.213,BallVeloRelease__zwithin,-1.06,-0.56,0.5,TorsoVeloPostHitch,0.613,0.772,0.159,TorsoVeloRelease__zwithin,-1.039,-0.539,0.5
Player 163,23616,Off the Dribble,Right,4,BallVeloRelease,4.883,5.588,0.705,maxAnklePlantarflexionNonDominantPostHitch,-5.444,-6.532,-1.089,ankleTotalROMAvg,-35.815,-42.978,-7.163,BallVeloRelease__zwithin,-1.237,-0.737,0.5,TorsoVeloRelease__zwithin,-1.417,-0.917,0.5
Player 163,23617,Off the Dribble,Right,4,BallVeloRelease,5.474,5.588,0.113,KneeTotalROMAvg,41.7,47.968,6.268,maxAnklePlantarflexionNonDominantPostHitch,-1.956,-2.347,-0.391,TorsoVeloRelease__zwithin,-1.232,-0.732,0.5,maxShoulderFlexionAvgPostHitch,120.995,125.299,4.305
Player 163,23618,Off the Dribble,Right,4,maxAnklePlantarflexionNonDominantPostHitch,-7.494,-8.993,-1.499,TorsoVeloRelease__zwithin,-1.452,-0.952,0.5,timeToMaxAnkleDorsiflexionDomDiffHitch,0.141,0.113,-0.028,BallVeloRelease__zwithin,-0.129,-0.206,-0.077,TorsoVeloPostHitch,0.474,0.772,0.298
Player 163,23619,Off the Dribble,Right,4,BallVeloRelease,5.299,5.588,0.288,maxAnklePlantarflexionNonDominantPostHitch,-7.853,-9.423,-1.57,ankleTotalROMAvg,-39.092,-46.911,-7.818,BallVeloRelease__zwithin,-0.628,-0.206,0.421,TorsoVeloRelease__zwithin,-1.197,-0.697,0.5
Player 163,23620,Off the Dribble,Right,4,BallVeloRelease,4.833,5.588,0.754,TorsoVeloPostHitch,0.534,0.772,0.238,BallVeloRelease__zwithin,-1.309,-0.809,0.5,KneeTotalROMAvg,41.467,47.968,6.5,maxAnklePlantarflexionNonDominantPostHitch,-1.808,-2.17,-0.362
Player 163,23621,Off the Dribble,Right,4,BallVeloRelease,5.164,5.588,0.423,ankleTotalROMAvg,-29.059,-34.87,-5.812,KneeTotalROMAvg,36.751,44.101,7.35,TorsoVeloRelease__zwithin,-1.816,-1.316,0.5,maxAnklePlantarflexionNonDominantPostHitch,0.036,0.029,-0.007
Player 163,23622,Off the Dribble,Right,4,BallVeloRelease,5.106,5.588,0.482,BallVeloPostHitch,0.062,0.562,0.5,ankleTotalROMAvg,-30.267,-36.321,-6.053,TorsoVeloPostHitch,0.238,0.738,0.5,BallVeloRelease__zwithin,-0.911,-0.411,0.5
Player 163,23623,Off the Dribble,Right,4,BallVeloRelease,5.241,5.588,0.347,TorsoVeloPostHitch,0.38,0.772,0.392,maxAnklePlantarflexionNonDominantPostHitch,-4.761,-5.713,-0.952,KneeTotalROMAvg,35.075,42.09,7.015,ankleTotalROMAvg,-36.607,-43.928,-7.321
Player 163,23624,Catch and Shoot,Right,4,BallVeloRelease,4.349,5.219,0.87,ankleTotalROMAvg,-34.564,-41.477,-6.913,BallVeloRelease__zwithin,-2.017,-1.517,0.5,maxAnklePlantarflexionNonDominantPostHitch,-3.132,-3.759,-0.626,TorsoVeloPostHitch,0.601,0.884,0.283
Player 163,23625,Catch and Shoot,Right,4,BallVeloRelease,4.182,5.018,0.836,ankleTotalROMAvg,-35.255,-42.306,-7.051,BallVeloRelease__zwithin,-2.261,-1.761,0.5,maxAnklePlantarflexionNonDominantPostHitch,-6.345,-7.614,-1.269,TorsoVeloRelease__zwithin,-1.002,-0.502,0.5
Player 163,23626,Off the Dribble,Right,3,BallVeloRelease,4.421,5.305,0.884,TorsoVeloPostHitch,0.523,0.772,0.249,timeToMaxAnkleDorsiflexionDomDiffHitch,0.134,0.107,-0.027,ankleTotalROMAvg,-35.387,-42.465,-7.077,BallVeloRelease__zwithin,-1.912,-1.412,0.5
Player 163,23627,Catch and Shoot,Right,4,BallVeloRelease,4.91,5.892,0.982,timeToMaxAnkleDorsiflexionDomDiffHitch,0.233,0.186,-0.047,TorsoVeloPostHitch,0.465,0.884,0.419,BallVeloRelease__zwithin,-1.197,-0.697,0.5,maxAnklePlantarflexionNonDominantPostHitch,-3.792,-4.55,-0.758
Player 163,23628,Catch and Shoot,Right,4,BallVeloRelease,5.14,6.027,0.886,TorsoVeloPostHitch,0.522,0.884,0.362,ankleTotalROMAvg,-36.222,-43.467,-7.244,maxAnklePlantarflexionNonDominantPostHitch,-5.308,-6.37,-1.062,BallVeloRelease__zwithin,-0.86,-0.36,0.5
Player 163,23629,Off the Dribble,Right,4,BallVeloRelease,4.938,5.588,0.649,TorsoVeloPostHitch,0.58,0.772,0.191,ankleTotalROMAvg,-36.328,-43.594,-7.266,maxAnklePlantarflexionNonDominantPostHitch,-4.146,-4.975,-0.829,BallVeloRelease__zwithin,-1.156,-0.656,0.5
Player 163,23630,Catch and Shoot,Right,4,BallVeloRelease,4.944,5.933,0.989,ankleTotalROMAvg,-36.133,-43.36,-7.227,maxAnklePlantarflexionNonDominantPostHitch,-5.959,-7.151,-1.192,BallVeloRelease__zwithin,-1.147,-0.647,0.5,TorsoVeloPostHitch,0.659,0.884,0.225
Player 163,23631,Off the Dribble,Right,4,BallVeloRelease,5.763,5.588,-0.175,maxHipFlexionDominantPostHitch,40.983,28.983,-12.0,BallVeloRelease__zwithin,0.05,-0.206,-0.256,ShoulderAlignmentRelease__zwithin,-1.381,-1.105,0.276,maxKneeExtensionDominantHitch,-68.808,-56.808,12.0
Player 163,23634,Catch and Shoot,Right,4,BallVeloRelease,5.89,6.027,0.137,maxShoulderFlexionAvgPreHitch,81.32,69.32,-12.0,maxHipFlexionDominantPostHitch,40.478,30.845,-9.633,BallVeloRelease__zwithin,0.236,0.436,0.2,maxShoulderExtensionAvgHitch,81.938,69.938,-12.0
Player 163,23638,Catch and Shoot,Right,4,BallVeloRelease,5.678,6.027,0.349,ShoulderAlignmentRelease__zwithin,-1.634,-1.307,0.327,maxHipFlexionDominantPostHitch,41.986,30.845,-11.141,TorsoVeloPostHitch,0.398,0.884,0.486,BallVeloRelease__zwithin,-0.074,0.426,0.5
Player 163,23641,Catch and Shoot,Right,4,BallVeloRelease,5.605,6.027,0.422,ShoulderAlignmentRelease__zwithin,-1.567,-1.253,0.313,timeToMaxElbowFlexionDomDiffPostHitch__zwithin,0.709,-0.016,-0.725,maxHipFlexionDominantPostHitch,39.881,30.845,-9.036,TorsoVeloPostHitch,0.395,0.884,0.489
Player 163,23683,Catch and Shoot,Right,4,HipAlignmentRelease__zwithin,1.567,1.253,-0.313,HipAlignmentPreHitch__zwithin,1.869,1.495,-0.374,HipAlignmentPostHitch__zwithin,1.787,1.429,-0.357,TorsoVeloPostHitch,0.265,0.765,0.5,ShoulderAlignmentPostHitch__zwithin,1.831,1.465,-0.366
Player 163,23684,Catch and Shoot,Right,3,BallVeloRelease,3.76,4.512,0.752,TorsoVeloPostHitch,0.029,0.529,0.5,ankleTotalROMAvg,-3.226,-3.871,-0.645,BallVeloRelease__zwithin,-2.878,-2.303,0.576,ShoulderAlignmentRelease__zwithin,-2.384,-1.907,0.477
Player 163,23685,Off the Dribble,Right,4,BallVeloRelease,4.436,5.323,0.887,TorsoVeloPostHitch,0.493,0.772,0.279,BallVeloPostHitch,0.259,0.759,0.5,BallVeloRelease__zwithin,-1.89,-1.39,0.5,ankleTotalROMAvg,-32.198,-38.637,-6.44
Player 163,23686,Off the Dribble,Right,4,BallVeloRelease,5.325,5.588,0.263,ankleTotalROMAvg,-29.907,-35.888,-5.981,KneeTotalROMAvg,41.255,47.968,6.712,TorsoVeloPostHitch,0.48,0.772,0.292,maxAnklePlantarflexionNonDominantPostHitch,-2.047,-2.457,-0.41
Player 163,23687,Off the Dribble,Right,4,BallVeloRelease,5.086,5.588,0.501,ankleTotalROMAvg,-29.456,-35.347,-5.891,BallVeloRelease__zwithin,-0.939,-0.439,0.5,KneeTotalROMAvg,41.632,47.968,6.336,maxAnklePlantarflexionNonDominantPostHitch,-0.724,-0.868,-0.145
Player 163,23688,Catch and Shoot,Right,4,BallVeloRelease,5.153,6.027,0.874,TorsoVeloPostHitch,0.452,0.884,0.432,maxAnklePlantarflexionNonDominantPostHitch,-0.329,-0.395,-0.066,ankleTotalROMAvg,-31.588,-37.905,-6.318,BallVeloRelease__zwithin,-0.841,-0.341,0.5
Player 163,23689,Catch and Shoot,Right,4,BallVeloRelease,4.795,5.754,0.959,ankleTotalROMAvg,-32.109,-38.531,-6.422,BallVeloRelease__zwithin,-1.364,-0.864,0.5,maxAnklePlantarflexionNonDominantPostHitch,-1.565,-1.878,-0.313,TorsoVeloRelease__zwithin,-1.431,-0.931,0.5
Player 163,23690,Off the Dribble,Right,4,BallVeloRelease,4.854,5.588,0.734,TorsoVeloPostHitch,0.471,0.772,0.3,timeToMaxAnkleDorsiflexionDomDiffHitch,0.183,0.146,-0.037,maxAnklePlantarflexionNonDominantPostHitch,-6.859,-8.23,-1.372,ankleTotalROMAvg,-34.273,-41.127,-6.855
Player 163,23691,Off the Dribble,Right,4,BallVeloRelease,5.209,5.588,0.378,TorsoVeloPostHitch,0.412,0.772,0.36,maxAnklePlantarflexionNonDominantPostHitch,-3.36,-4.032,-0.672,ankleTotalROMAvg,-32.599,-39.119,-6.52,BallVeloRelease__zwithin,-0.759,-0.259,0.5
Player 163,23692,Off the Dribble,Right,4,BallVeloRelease,5.125,5.588,0.463,maxAnklePlantarflexionNonDominantPostHitch,-7.702,-9.242,-1.54,ankleTotalROMAvg,-34.578,-41.493,-6.916,BallVeloRelease__zwithin,-0.883,-0.383,0.5,TorsoVeloRelease__zwithin,-0.841,-0.341,0.5
Player 163,23693,Off the Dribble,Right,4,BallVeloRelease,5.186,5.588,0.401,maxAnklePlantarflexionNonDominantPostHitch,-3.333,-4.0,-0.667,ankleTotalROMAvg,-32.929,-39.514,-6.586,TorsoVeloPostHitch,0.53,0.772,0.242,BallVeloRelease__zwithin,-0.793,-0.293,0.5
Player 163,23694,Off the Dribble,Right,4,BallVeloRelease,5.096,5.588,0.492,TorsoVeloPostHitch,0.469,0.772,0.303,ankleTotalROMAvg,-32.429,-38.914,-6.486,KneeTotalROMAvg,39.934,47.921,7.987,BallVeloRelease__zwithin,-0.925,-0.425,0.5
Player 163,23695,Catch and Shoot,Right,4,BallVeloRelease,5.213,6.027,0.813,ankleTotalROMAvg,-30.38,-36.456,-6.076,maxAnklePlantarflexionNonDominantPostHitch,-3.389,-4.066,-0.678,TorsoVeloPostHitch,0.554,0.884,0.33,BallVeloRelease__zwithin,-0.753,-0.253,0.5
Player 163,23696,Off the Dribble,Right,4,BallVeloRelease,4.965,5.588,0.623,timeToMaxElbowExtensionDomDiffHitch,0.083,0.0,-0.083,maxAnklePlantarflexionNonDominantPostHitch,-4.921,-5.905,-0.984,ankleTotalROMAvg,-33.951,-40.742,-6.79,BallVeloRelease__zwithin,-1.117,-0.617,0.5
Player 163,23697,Off the Dribble,Right,4,BallVeloRelease,4.973,5.588,0.615,maxAnklePlantarflexionNonDominantPostHitch,-6.256,-7.508,-1.251,BallVeloRelease__zwithin,-1.105,-0.605,0.5,ankleTotalROMAvg,-34.525,-41.43,-6.905,TorsoVeloPostHitch,0.652,0.772,0.12
Player 163,23698,Off the Dribble,Right,4,BallVeloRelease,5.295,5.588,0.292,ankleTotalROMAvg,-33.594,-40.313,-6.719,maxAnklePlantarflexionNonDominantPostHitch,-6.212,-7.455,-1.242,BallVeloRelease__zwithin,-0.633,-0.206,0.427,maxAnklePlantarflexionDomDiffPostHitch,-4.856,-3.885,0.971
Player 163,23717,Catch and Shoot,Right,4,BallVeloRelease,5.835,6.027,0.191,maxHipFlexionDominantPostHitch,47.838,35.838,-12.0,BallVeloRelease__zwithin,0.156,0.436,0.28,ShoulderTotalROMDominant,88.74,106.488,17.748,ShoulderAlignmentRelease__zwithin,-1.489,-1.191,0.298
Player 163,23718,Catch and Shoot,Right,4,BallVeloRelease,5.556,6.027,0.471,maxHipFlexionDominantPostHitch,44.388,32.388,-12.0,TorsoVeloPostHitch,0.423,0.884,0.461,ShoulderAlignmentRelease__zwithin,-1.621,-1.297,0.324,BallVeloRelease__zwithin,-0.252,0.248,0.5
Player 163,23751,Catch and Shoot,Right,4,BallVeloRelease,5.86,6.027,0.166,maxHipFlexionDominantPostHitch,46.294,34.294,-12.0,maxShoulderFlexionNonDominantPostHitch,122.485,124.484,1.999,BallVeloRelease__zwithin,0.193,0.436,0.243,ShoulderAlignmentRelease__zwithin,-1.615,-1.292,0.323
Player 163,23826,Off the Dribble,Right,4,BallVeloRelease,4.989,5.588,0.599,ankleTotalROMAvg,-30.536,-36.644,-6.107,TorsoVeloPostHitch,0.387,0.772,0.384,maxAnklePlantarflexionNonDominantPostHitch,-0.187,-0.224,-0.037,maxKneeFlexionDominantPreHitch,-51.67,-59.157,-7.487
Player 163,23827,Off the Dribble,Right,4,BallVeloRelease,4.826,5.588,0.762,ankleTotalROMAvg,-26.5,-31.8,-5.3,KneeTotalROMAvg,40.057,47.968,7.911,maxAnklePlantarflexionNonDominantPostHitch,-1.414,-1.697,-0.283,BallVeloRelease__zwithin,-1.32,-0.82,0.5
Player 163,23828,Catch and Shoot,Right,4,BallVeloRelease,4.905,5.886,0.981,TorsoVeloPostHitch,0.542,0.884,0.341,KneeTotalROMAvg,40.245,48.294,8.049,maxKneeFlexionDominantPreHitch,-52.431,-64.418,-11.987,maxAnklePlantarflexionNonDominantPostHitch,-6.743,-8.091,-1.349
Player 163,23829,Catch and Shoot,Right,4,BallVeloRelease,4.622,5.547,0.924,TorsoVeloPostHitch,0.493,0.884,0.391,BallVeloRelease__zwithin,-1.618,-1.118,0.5,maxAnklePlantarflexionNonDominantPostHitch,-5.0,-6.0,-1.0,ankleTotalROMAvg,-33.944,-40.733,-6.789
Player 163,23830,Catch and Shoot,Right,4,BallVeloRelease,4.936,5.924,0.987,TorsoVeloPostHitch,0.513,0.884,0.371,maxKneeFlexionDominantPreHitch,-53.592,-64.418,-10.826,maxAnklePlantarflexionNonDominantPostHitch,-6.944,-8.333,-1.389,KneeTotalROMAvg,40.808,48.97,8.162
Player 163,23831,Catch and Shoot,Right,4,BallVeloRelease,4.954,5.944,0.991,ankleTotalROMAvg,-28.85,-34.62,-5.77,maxAnklePlantarflexionNonDominantPostHitch,-1.618,-1.942,-0.324,BallVeloRelease__zwithin,-1.133,-0.633,0.5,maxShoulderFlexionAvgPostHitch,118.055,126.946,8.891
Player 163,23832,Catch and Shoot,Right,4,BallVeloRelease,4.983,5.979,0.997,ankleTotalROMAvg,-29.63,-35.556,-5.926,TorsoVeloPostHitch,0.459,0.884,0.425,maxAnklePlantarflexionNonDominantPostHitch,-3.773,-4.528,-0.755,BallVeloRelease__zwithin,-1.09,-0.59,0.5
Player 163,23833,Catch and Shoot,Right,4,BallVeloRelease,5.053,6.027,0.973,maxAnklePlantarflexionNonDominantPostHitch,-3.205,-3.846,-0.641,ankleTotalROMAvg,-32.486,-38.983,-6.497,TorsoVeloPostHitch,0.586,0.884,0.298,BallVeloRelease__zwithin,-0.987,-0.487,0.5
Player 163,23834,Catch and Shoot,Right,4,BallVeloRelease,5.147,6.027,0.88,ankleTotalROMAvg,-30.099,-36.119,-6.02,maxAnklePlantarflexionNonDominantPostHitch,-5.306,-6.368,-1.061,TorsoVeloPostHitch,0.493,0.884,0.391,BallVeloRelease__zwithin,-0.85,-0.35,0.5
Player 163,23835,Catch and Shoot,Right,4,BallVeloRelease,4.896,5.875,0.979,ankleTotalROMAvg,-32.243,-38.691,-6.449,TorsoVeloPostHitch,0.522,0.884,0.362,maxAnklePlantarflexionNonDominantPostHitch,-3.568,-4.281,-0.714,BallVeloRelease__zwithin,-1.218,-0.718,0.5
Player 163,23836,Catch and Shoot,Right,4,BallVeloRelease,5.148,6.027,0.878,ankleTotalROMAvg,-30.459,-36.551,-6.092,maxAnklePlantarflexionNonDominantPostHitch,-2.734,-3.281,-0.547,BallVeloRelease__zwithin,-0.849,-0.349,0.5,KneeTotalROMAvg,44.314,51.313,6.999
Player 163,23837,Catch and Shoot,Right,4,BallVeloRelease,4.907,5.888,0.981,TorsoVeloPostHitch,0.57,0.884,0.314,maxAnklePlantarflexionNonDominantPostHitch,-3.716,-4.46,-0.743,KneeTotalROMAvg,41.924,50.309,8.385,maxKneeFlexionDominantPreHitch,-55.2,-64.418,-9.218
Player 163,23838,Catch and Shoot,Right,3,BallVeloRelease,4.99,5.988,0.998,maxAnklePlantarflexionNonDominantPostHitch,-6.098,-7.318,-1.22,ankleTotalROMAvg,-31.784,-38.14,-6.357,BallVeloRelease__zwithin,-1.08,-0.58,0.5,TorsoVeloRelease__zwithin,-1.266,-0.766,0.5
Player 163,23839,Catch and Shoot,Right,4,BallVeloRelease,5.239,6.027,0.788,ankleTotalROMAvg,-31.964,-38.357,-6.393,KneeTotalROMAvg,39.485,47.382,7.897,maxAnklePlantarflexionNonDominantPostHitch,-6.101,-7.321,-1.22,TorsoVeloPostHitch,0.555,0.884,0.329
Player 163,23840,Catch and Shoot,Right,4,BallVeloRelease,5.202,6.027,0.825,ankleTotalROMAvg,-30.386,-36.463,-6.077,KneeTotalROMAvg,40.722,48.866,8.144,maxAnklePlantarflexionNonDominantPostHitch,-6.173,-7.407,-1.234,TorsoVeloPostHitch,0.475,0.884,0.408
Player 163,23841,Catch and Shoot,Right,4,BallVeloRelease,5.375,6.027,0.652,KneeTotalROMAvg,40.483,48.58,8.097,ankleTotalROMAvg,-31.995,-38.394,-6.399,maxAnklePlantarflexionNonDominantPostHitch,-5.779,-6.934,-1.156,maxKneeFlexionDominantPreHitch,-52.51,-64.418,-11.908
Player 163,23842,Off the Dribble,Right,4,BallVeloRelease,5.055,5.588,0.533,ankleTotalROMAvg,-35.936,-43.123,-7.187,maxAnklePlantarflexionNonDominantPostHitch,-8.336,-10.003,-1.667,BallVeloRelease__zwithin,-0.985,-0.485,0.5,maxAnklePlantarflexionDomDiffPostHitch,-7.529,-6.023,1.506
Player 163,23843,Catch and Shoot,Right,4,BallVeloRelease,5.26,6.027,0.767,maxAnklePlantarflexionNonDominantPostHitch,-8.572,-10.286,-1.714,ankleTotalROMAvg,-36.739,-44.087,-7.348,maxShoulderExtensionDomDiffHitch__zwithin,0.543,-0.006,-0.549,maxShoulderExtensionAvgHitch,81.514,69.514,-12.0
Player 163,23844,Catch and Shoot,Right,4,BallVeloRelease,4.977,5.972,0.995,maxAnklePlantarflexionNonDominantPostHitch,-3.044,-3.653,-0.609,ankleTotalROMAvg,-32.884,-39.461,-6.577,BallVeloRelease__zwithin,-1.099,-0.599,0.5,TorsoVeloRelease__zwithin,-1.016,-0.516,0.5
Player 163,23845,Catch and Shoot,Right,4,BallVeloRelease,5.106,6.027,0.921,ankleTotalROMAvg,-31.154,-37.384,-6.231,KneeTotalROMAvg,40.991,49.189,8.198,BallVeloRelease__zwithin,-0.91,-0.41,0.5,maxAnklePlantarflexionNonDominantPostHitch,-6.85,-8.22,-1.37
Player 163,23846,Catch and Shoot,Right,4,BallVeloRelease,5.078,6.027,0.948,ankleTotalROMAvg,-29.474,-35.369,-5.895,TorsoVeloPostHitch,0.569,0.884,0.315,maxAnklePlantarflexionNonDominantPostHitch,-3.735,-4.482,-0.747,BallVeloRelease__zwithin,-0.951,-0.451,0.5
Player 163,23847,Catch and Shoot,Right,4,BallVeloRelease,4.863,5.835,0.973,ankleTotalROMAvg,-29.791,-35.75,-5.958,timeToMaxElbowExtensionDomDiffHitch,0.084,0.0,-0.084,maxAnklePlantarflexionNonDominantPostHitch,-5.251,-6.302,-1.05,BallVeloRelease__zwithin,-1.266,-0.766,0.5
Player 163,23848,Catch and Shoot,Right,4,BallVeloRelease,5.159,6.027,0.868,maxAnklePlantarflexionNonDominantPostHitch,-5.092,-6.111,-1.018,ankleTotalROMAvg,-34.685,-41.622,-6.937,BallVeloRelease__zwithin,-0.833,-0.333,0.5,TorsoVeloRelease__zwithin,-1.157,-0.657,0.5
Player 163,23849,Catch and Shoot,Right,4,BallVeloRelease,4.945,5.934,0.989,ankleTotalROMAvg,-26.111,-31.333,-5.222,timeToMaxAnkleDorsiflexionDomDiffHitch,0.15,0.12,-0.03,maxAnklePlantarflexionNonDominantPostHitch,-1.815,-2.178,-0.363,BallVeloRelease__zwithin,-1.145,-0.645,0.5
Player 163,23850,Catch and Shoot,Right,4,BallVeloRelease,5.113,6.027,0.914,ankleTotalROMAvg,-31.036,-37.244,-6.207,maxAnklePlantarflexionNonDominantPostHitch,-4.663,-5.595,-0.933,BallVeloRelease__zwithin,-0.9,-0.4,0.5,timeToMaxTorsoFlexionPostHitch__zwithin,1.817,-0.445,-2.262
Player 163,23851,Catch and Shoot,Right,4,BallVeloRelease,4.573,5.487,0.915,timeToMaxElbowExtensionDomDiffHitch,0.109,0.0,-0.109,ankleTotalROMAvg,-32.38,-38.856,-6.476,BallVeloRelease__zwithin,-1.69,-1.19,0.5,maxAnklePlantarflexionNonDominantPostHitch,-4.565,-5.478,-0.913
Player 163,23852,Catch and Shoot,Right,4,BallVeloRelease,5.178,6.027,0.848,maxAnklePlantarflexionNonDominantPostHitch,-2.514,-3.017,-0.503,ankleTotalROMAvg,-31.225,-37.47,-6.245,maxShoulderFlexionAvgPostHitch,122.36,126.946,4.586,TorsoVeloRelease__zwithin,-1.227,-0.727,0.5
Player 163,23853,Catch and Shoot,Right,4,BallVeloRelease,5.213,6.027,0.814,ankleTotalROMAvg,-30.244,-36.293,-6.049,maxAnklePlantarflexionNonDominantPostHitch,-2.919,-3.503,-0.584,TorsoVeloPostHitch,0.52,0.884,0.364,maxShoulderFlexionAvgPostHitch,124.09,126.946,2.856
Player 163,23854,Catch and Shoot,Right,4,BallVeloRelease,5.228,6.027,0.799,maxAnklePlantarflexionNonDominantPostHitch,-3.159,-3.79,-0.632,ankleTotalROMAvg,-31.598,-37.918,-6.32,maxShoulderFlexionAvgPostHitch,123.905,126.946,3.04,BallVeloRelease__zwithin,-0.733,-0.233,0.5
Player 163,23855,Catch and Shoot,Right,4,BallVeloRelease,5.239,6.027,0.787,ankleTotalROMAvg,-26.523,-31.828,-5.305,maxAnklePlantarflexionNonDominantPostHitch,-3.099,-3.718,-0.62,timeToMaxElbowExtensionDomDiffHitch,0.034,0.0,-0.034,BallVeloRelease__zwithin,-0.715,-0.215,0.5
Player 163,23856,Off the Dribble,Right,4,BallVeloRelease,5.307,5.588,0.28,maxAnklePlantarflexionNonDominantPostHitch,-4.278,-5.133,-0.856,ankleTotalROMAvg,-35.574,-42.688,-7.115,BallVeloRelease__zwithin,-0.616,-0.206,0.41,TorsoVeloRelease__zwithin,-1.12,-0.62,0.5
Player 163,23857,Catch and Shoot,Right,4,BallVeloRelease,5.236,6.027,0.79,maxAnklePlantarflexionNonDominantPostHitch,-6.731,-8.078,-1.346,ankleTotalROMAvg,-34.65,-41.58,-6.93,BallVeloRelease__zwithin,-0.72,-0.22,0.5,TorsoVeloRelease__zwithin,-1.131,-0.631,0.5
Player 163,23858,Catch and Shoot,Right,4,BallVeloRelease,5.047,6.027,0.979,ankleTotalROMAvg,-30.475,-36.57,-6.095,maxAnklePlantarflexionNonDominantPostHitch,-7.12,-8.544,-1.424,BallVeloRelease__zwithin,-0.996,-0.496,0.5,TorsoVeloPostHitch,0.631,0.884,0.253
Player 163,23859,Catch and Shoot,Right,4,BallVeloRelease,4.995,5.994,0.999,maxAnklePlantarflexionNonDominantPostHitch,-3.792,-4.55,-0.758,ankleTotalROMAvg,-31.613,-37.936,-6.323,TorsoVeloRelease__zwithin,-0.924,-0.424,0.5,maxShoulderFlexionAvgPostHitch,117.876,126.946,9.069
Player 163,23860,Catch and Shoot,Right,4,BallVeloRelease,5.139,6.027,0.888,maxAnklePlantarflexionNonDominantPostHitch,-4.932,-5.918,-0.986,ankleTotalROMAvg,-31.309,-37.571,-6.262,BallVeloRelease__zwithin,-0.862,-0.362,0.5,TorsoVeloRelease__zwithin,-1.361,-0.861,0.5
Player 163,23861,Catch and Shoot,Right,4,BallVeloRelease,5.132,6.027,0.894,ankleTotalROMAvg,-28.979,-34.775,-5.796,TorsoVeloPostHitch,0.457,0.884,0.427,maxAnklePlantarflexionNonDominantPostHitch,-3.752,-4.503,-0.75,BallVeloRelease__zwithin,-0.872,-0.372,0.5
Player 163,23862,Catch and Shoot,Right,4,BallVeloRelease,5.167,6.027,0.86,KneeTotalROMAvg,38.774,46.529,7.755,TorsoVeloPostHitch,0.437,0.884,0.447,maxAnklePlantarflexionNonDominantPostHitch,-3.971,-4.766,-0.794,ankleTotalROMAvg,-30.895,-37.074,-6.179
Player 163,23863,Catch and Shoot,Right,4,BallVeloRelease,5.255,6.027,0.772,maxAnklePlantarflexionNonDominantPostHitch,-8.391,-10.069,-1.678,ankleTotalROMAvg,-35.781,-42.937,-7.156,BallVeloRelease__zwithin,-0.692,-0.192,0.5,TorsoVeloRelease__zwithin,-1.178,-0.678,0.5
Player 163,23864,Catch and Shoot,Right,4,BallVeloRelease,5.113,6.027,0.914,BallVeloRelease__zwithin,-0.9,-0.4,0.5,maxAnklePlantarflexionNonDominantPostHitch,-5.781,-6.937,-1.156,ankleTotalROMAvg,-32.775,-39.33,-6.555,TorsoVeloRelease__zwithin,-1.147,-0.647,0.5
Player 163,23865,Catch and Shoot,Right,4,BallVeloRelease,5.348,6.027,0.679,maxAnklePlantarflexionNonDominantPostHitch,-4.138,-4.966,-0.828,timeToMaxShoulderExtensionDomDiffPreHitch,-0.15,0.0,0.15,TorsoVeloPostHitch,0.462,0.884,0.422,TorsoVeloRelease__zwithin,-1.401,-0.901,0.5
Player 163,23866,Off the Dribble,Right,3,BallVeloRelease,4.609,5.531,0.922,ankleTotalROMAvg,-28.364,-34.037,-5.673,TorsoVeloPostHitch,0.377,0.772,0.395,BallVeloRelease__zwithin,-1.637,-1.137,0.5,maxAnklePlantarflexionNonDominantPostHitch,-0.881,-1.057,-0.176
Player 163,23867,Catch and Shoot,Right,4,BallVeloRelease,5.2,6.027,0.826,ankleTotalROMAvg,-29.421,-35.305,-5.884,KneeTotalROMAvg,40.875,49.05,8.175,maxAnklePlantarflexionNonDominantPostHitch,-0.033,-0.04,-0.007,BallVeloRelease__zwithin,-0.772,-0.272,0.5
Player 163,23868,Catch and Shoot,Right,4,BallVeloRelease,4.801,5.761,0.96,ankleTotalROMAvg,-29.235,-35.081,-5.847,BallVeloRelease__zwithin,-1.357,-0.857,0.5,KneeTotalROMAvg,41.048,49.258,8.21,maxAnklePlantarflexionNonDominantPostHitch,-0.453,-0.544,-0.091
Player 163,23869,Catch and Shoot,Right,3,BallVeloRelease,4.941,5.929,0.988,TorsoVeloPostHitch,0.46,0.884,0.424,maxAnklePlantarflexionNonDominantPostHitch,-3.686,-4.423,-0.737,BallVeloRelease__zwithin,-1.151,-0.651,0.5,ankleTotalROMAvg,-32.527,-39.033,-6.505
Player 163,23870,Catch and Shoot,Right,4,BallVeloRelease,4.962,5.954,0.992,ankleTotalROMAvg,-34.797,-41.756,-6.959,maxAnklePlantarflexionNonDominantPostHitch,-7.531,-9.038,-1.506,BallVeloRelease__zwithin,-1.121,-0.621,0.5,timeToMaxShoulderExtensionNonDominantPreHitch,0.167,0.0,-0.167
Player 163,23871,Catch and Shoot,Right,4,BallVeloRelease,5.313,6.027,0.713,ankleTotalROMAvg,-36.581,-43.898,-7.316,maxAnklePlantarflexionNonDominantPostHitch,-8.348,-10.018,-1.67,timeToMaxAnkleDorsiflexionDomDiffHitch,0.15,0.12,-0.03,BallVeloRelease__zwithin,-0.607,-0.107,0.5
Player 163,23872,Catch and Shoot,Right,4,BallVeloRelease,5.035,6.027,0.992,maxAnklePlantarflexionNonDominantPostHitch,-9.12,-10.945,-1.824,ankleTotalROMAvg,-38.085,-45.702,-7.617,BallVeloRelease__zwithin,-1.014,-0.514,0.5,TorsoVeloRelease__zwithin,-1.365,-0.865,0.5
Player 163,23873,Off the Dribble,Right,4,BallVeloRelease,5.043,5.588,0.545,timeToMaxAnkleDorsiflexionDomDiffHitch,0.15,0.12,-0.03,maxAnklePlantarflexionNonDominantPostHitch,-3.865,-4.637,-0.773,BallVeloRelease__zwithin,-1.003,-0.503,0.5,TorsoVeloRelease__zwithin,-1.491,-0.991,0.5
Player 163,23874,Catch and Shoot,Right,4,BallVeloRelease,5.221,6.027,0.806,ankleTotalROMAvg,-24.542,-29.45,-4.908,maxAnklePlantarflexionNonDominantPostHitch,3.863,3.091,-0.773,TorsoVeloPostHitch,0.495,0.884,0.389,KneeTotalROMAvg,43.383,51.313,7.93
Player 163,23875,Catch and Shoot,Right,4,BallVeloRelease,5.221,6.027,0.806,maxAnklePlantarflexionNonDominantPostHitch,-2.689,-3.226,-0.538,TorsoVeloPostHitch,0.489,0.884,0.395,ankleTotalROMAvg,-32.193,-38.632,-6.439,TorsoVeloRelease__zwithin,-1.32,-0.82,0.5
Player 163,23876,Catch and Shoot,Right,4,BallVeloRelease,4.884,5.861,0.977,TorsoVeloPostHitch,0.569,0.884,0.315,BallVeloRelease__zwithin,-1.234,-0.734,0.5,maxAnklePlantarflexionNonDominantPostHitch,-4.762,-5.714,-0.952,ankleTotalROMAvg,-33.462,-40.154,-6.692
Player 163,23877,Catch and Shoot,Right,4,BallVeloRelease,5.046,6.027,0.981,TorsoVeloPostHitch,0.472,0.884,0.412,timeToMaxAnkleDorsiflexionDomDiffHitch,0.134,0.107,-0.027,ankleTotalROMAvg,-31.095,-37.314,-6.219,maxAnklePlantarflexionNonDominantPostHitch,-3.835,-4.602,-0.767
Player 163,23878,Catch and Shoot,Right,4,BallVeloRelease,5.018,6.022,1.004,TorsoVeloPostHitch,0.423,0.884,0.461,BallVeloRelease__zwithin,-1.039,-0.539,0.5,maxAnklePlantarflexionNonDominantPostHitch,-4.41,-5.292,-0.882,ankleTotalROMAvg,-32.572,-39.086,-6.514
Player 163,23879,Catch and Shoot,Right,4,BallVeloRelease,4.892,5.871,0.978,TorsoVeloPostHitch,0.484,0.884,0.4,KneeTotalROMAvg,38.106,45.727,7.621,maxKneeFlexionDominantPreHitch,-54.599,-64.418,-9.819,BallVeloRelease__zwithin,-1.223,-0.723,0.5
Player 163,23880,Catch and Shoot,Right,4,BallVeloRelease,4.732,5.679,0.946,TorsoVeloPostHitch,0.191,0.691,0.5,ankleTotalROMAvg,-30.689,-36.827,-6.138,BallVeloRelease__zwithin,-1.457,-0.957,0.5,KneeTotalROMAvg,39.408,47.29,7.882
Player 163,23881,Catch and Shoot,Right,4,BallVeloRelease,4.981,5.977,0.996,ankleTotalROMAvg,-28.663,-34.396,-5.733,TorsoVeloPostHitch,0.501,0.884,0.382,KneeTotalROMAvg,39.482,47.378,7.896,maxAnklePlantarflexionNonDominantPostHitch,-4.126,-4.951,-0.825
Player 163,23882,Catch and Shoot,Right,3,BallVeloRelease,4.721,5.665,0.944,TorsoVeloPostHitch,0.45,0.884,0.433,BallVeloRelease__zwithin,-1.473,-0.973,0.5,KneeTotalROMAvg,41.584,49.901,8.317,maxAnklePlantarflexionNonDominantPostHitch,-7.953,-9.544,-1.591
Player 163,23883,Catch and Shoot,Right,4,BallVeloRelease,4.866,5.839,0.973,maxKneeFlexionDominantPreHitch,-54.407,-64.418,-10.011,ankleTotalROMAvg,-38.027,-45.633,-7.605,KneeTotalROMAvg,39.544,47.452,7.909,maxAnklePlantarflexionNonDominantPostHitch,-7.472,-8.966,-1.494
Player 163,23884,Off the Dribble,Right,4,BallVeloRelease,4.939,5.588,0.649,TorsoVeloPostHitch,0.457,0.772,0.314,BallVeloRelease__zwithin,-1.155,-0.655,0.5,maxAnklePlantarflexionNonDominantPostHitch,-8.339,-10.007,-1.668,ankleTotalROMAvg,-38.506,-46.207,-7.701
Player 163,23885,Catch and Shoot,Right,4,BallVeloRelease,4.974,5.968,0.995,maxAnklePlantarflexionNonDominantPostHitch,-10.041,-12.049,-2.008,ankleTotalROMAvg,-39.7,-47.64,-7.94,BallVeloRelease__zwithin,-1.104,-0.604,0.5,maxAnklePlantarflexionDomDiffPostHitch,-6.582,-5.266,1.316
Player 163,23886,Off the Dribble,Right,4,BallVeloRelease,5.083,5.588,0.504,maxAnklePlantarflexionNonDominantPostHitch,-4.285,-5.142,-0.857,ankleTotalROMAvg,-33.613,-40.336,-6.723,BallVeloRelease__zwithin,-0.943,-0.443,0.5,maxShoulderFlexionAvgPostHitch,123.892,125.299,1.407
Player 163,23887,Catch and Shoot,Right,4,BallVeloRelease,5.122,6.027,0.905,ankleTotalROMAvg,-29.639,-35.567,-5.928,maxAnklePlantarflexionNonDominantPostHitch,-3.473,-4.167,-0.694,BallVeloRelease__zwithin,-0.887,-0.387,0.5,maxShoulderFlexionAvgPostHitch,123.863,126.946,3.083
Player 163,23888,Catch and Shoot,Right,4,BallVeloRelease,5.188,6.027,0.839,ankleTotalROMAvg,-33.965,-40.757,-6.793,maxAnklePlantarflexionNonDominantPostHitch,-3.581,-4.297,-0.716,maxAnklePlantarflexionDomDiffPostHitch,-8.092,-6.474,1.618,BallVeloRelease__zwithin,-0.791,-0.291,0.5
Player 163,23889,Catch and Shoot,Right,4,BallVeloRelease,5.266,6.027,0.76,maxAnklePlantarflexionNonDominantPostHitch,-5.075,-6.09,-1.015,ankleTotalROMAvg,-34.996,-41.995,-6.999,maxShoulderFlexionAvgPostHitch,123.443,126.946,3.503,BallVeloRelease__zwithin,-0.675,-0.175,0.5
Player 163,23890,Off the Dribble,Right,4,BallVeloRelease,5.056,5.588,0.531,maxAnklePlantarflexionNonDominantPostHitch,-4.843,-5.812,-0.969,ankleTotalROMAvg,-32.649,-39.179,-6.53,BallVeloRelease__zwithin,-0.983,-0.483,0.5,maxAnklePlantarflexionDomDiffPostHitch,-8.637,-6.91,1.727
Player 163,23891,Off the Dribble,Right,4,BallVeloRelease,4.992,5.588,0.596,maxAnklePlantarflexionNonDominantPostHitch,-4.767,-5.721,-0.953,ankleTotalROMAvg,-33.572,-40.286,-6.714,BallVeloRelease__zwithin,-1.077,-0.577,0.5,TorsoVeloRelease__zwithin,-1.013,-0.513,0.5
Player 163,23892,Catch and Shoot,Right,4,BallVeloRelease,4.999,5.999,1.0,maxAnklePlantarflexionNonDominantPostHitch,-7.971,-9.565,-1.594,ankleTotalROMAvg,-36.143,-43.372,-7.229,BallVeloRelease__zwithin,-1.066,-0.566,0.5,TorsoVeloRelease__zwithin,-0.879,-0.379,0.5
Player 163,23893,Off the Dribble,Right,4,BallVeloRelease,4.827,5.588,0.76,TorsoVeloPostHitch,0.556,0.772,0.216,maxAnklePlantarflexionNonDominantPostHitch,-7.242,-8.691,-1.448,BallVeloRelease__zwithin,-1.318,-0.818,0.5,ankleTotalROMAvg,-36.898,-44.278,-7.38
Player 163,23894,Catch and Shoot,Right,4,BallVeloRelease,5.083,6.027,0.944,maxAnklePlantarflexionNonDominantPostHitch,-6.109,-7.331,-1.222,BallVeloRelease__zwithin,-0.944,-0.444,0.5,KneeTotalROMAvg,41.856,50.227,8.371,ankleTotalROMAvg,-31.314,-37.577,-6.263
Player 163,23895,Catch and Shoot,Right,4,BallVeloRelease,5.008,6.009,1.002,KneeTotalROMAvg,39.579,47.495,7.916,ankleTotalROMAvg,-34.858,-41.83,-6.972,maxKneeFlexionDominantPreHitch,-53.706,-64.418,-10.711,maxAnklePlantarflexionNonDominantPostHitch,-9.598,-11.518,-1.92
Player 163,23896,Off the Dribble,Right,3,BallVeloRelease,5.013,5.588,0.574,ankleTotalROMAvg,-30.487,-36.584,-6.097,TorsoVeloPostHitch,0.359,0.772,0.413,maxAnklePlantarflexionNonDominantPostHitch,-1.907,-2.289,-0.381,KneeTotalROMAvg,40.8,47.968,7.167
Player 163,23897,Off the Dribble,Right,3,BallVeloRelease,4.785,5.588,0.802,ankleTotalROMAvg,-33.91,-40.692,-6.782,BallVeloRelease__zwithin,-1.379,-0.879,0.5,maxAnklePlantarflexionNonDominantPostHitch,-9.816,-11.78,-1.963,maxKneeFlexionDominantPreHitch,-54.688,-59.157,-4.469
Player 163,23898,Catch and Shoot,Right,3,BallVeloRelease,4.78,5.736,0.956,TorsoVeloPostHitch,0.392,0.884,0.492,BallVeloRelease__zwithin,-1.387,-0.887,0.5,maxAnklePlantarflexionNonDominantPostHitch,-8.128,-9.754,-1.626,maxKneeFlexionDominantPreHitch,-52.492,-64.418,-11.926
Player 163,23899,Catch and Shoot,Right,4,BallVeloRelease,5.183,6.027,0.844,timeToMaxAnkleDorsiflexionDomDiffHitch,0.191,0.153,-0.038,TorsoVeloRelease__zwithin,-1.404,-0.904,0.5,maxAnklePlantarflexionNonDominantPostHitch,-10.464,-12.557,-2.093,BallVeloRelease__zwithin,-0.798,-0.298,0.5
Player 163,23900,Off the Dribble,Right,4,BallVeloRelease,4.805,5.588,0.783,ankleTotalROMAvg,-32.513,-39.015,-6.503,BallVeloRelease__zwithin,-1.351,-0.851,0.5,KneeTotalROMAvg,40.945,47.968,7.023,maxAnklePlantarflexionNonDominantPostHitch,-1.968,-2.361,-0.394
Player 163,23901,Catch and Shoot,Right,4,BallVeloRelease,5.253,6.027,0.773,ankleTotalROMAvg,-29.054,-34.865,-5.811,maxAnklePlantarflexionNonDominantPostHitch,1.6,1.28,-0.32,maxAnklePlantarflexionAvgPostHitch,-1.367,-1.64,-0.273,BallVeloRelease__zwithin,-0.695,-0.195,0.5
Player 163,23902,Off the Dribble,Right,4,BallVeloRelease,5.109,5.588,0.479,maxAnklePlantarflexionNonDominantPostHitch,-6.211,-7.453,-1.242,BallVeloRelease__zwithin,-0.906,-0.406,0.5,ankleTotalROMAvg,-34.166,-40.999,-6.833,maxElbowExtensionDominantPreHitch,115.759,103.759,-12.0
Player 163,23903,Off the Dribble,Right,3,BallVeloRelease,4.918,5.588,0.669,ankleTotalROMAvg,-32.602,-39.122,-6.52,maxAnklePlantarflexionNonDominantPostHitch,-6.633,-7.959,-1.327,BallVeloRelease__zwithin,-1.185,-0.685,0.5,maxShoulderFlexionAvgPostHitch,121.377,125.299,3.922
Player 163,23904,Catch and Shoot,Right,4,BallVeloRelease,4.698,5.638,0.94,TorsoVeloPostHitch,0.551,0.884,0.332,BallVeloRelease__zwithin,-1.506,-1.006,0.5,maxAnklePlantarflexionNonDominantPostHitch,-6.964,-8.357,-1.393,ankleTotalROMAvg,-36.556,-43.867,-7.311
Player 163,23905,Off the Dribble,Right,4,BallVeloRelease,4.523,5.428,0.905,BallVeloRelease__zwithin,-1.762,-1.262,0.5,maxAnklePlantarflexionNonDominantPostHitch,-8.321,-9.985,-1.664,ankleTotalROMAvg,-37.559,-45.07,-7.512,TorsoVeloRelease__zwithin,-1.521,-1.021,0.5
Player 163,23906,Off the Dribble,Right,3,BallVeloRelease,4.564,5.477,0.913,ankleTotalROMAvg,-37.398,-44.877,-7.48,BallVeloRelease__zwithin,-1.703,-1.203,0.5,maxAnklePlantarflexionNonDominantPostHitch,-8.888,-10.665,-1.778,TorsoVeloRelease__zwithin,-0.908,-0.408,0.5
Player 163,23907,Off the Dribble,Right,3,BallVeloRelease,4.962,5.588,0.626,TorsoVeloPostHitch,0.569,0.772,0.203,ankleTotalROMAvg,-36.338,-43.605,-7.268,KneeTotalROMAvg,21.428,25.714,4.286,HipAlignmentPreHitch__zwithin,0.974,0.779,-0.195
Player 163,23908,Off the Dribble,Right,3,BallVeloRelease,4.671,5.588,0.916,ElbowFlexionAtT0Dominant,60.117,72.116,12.0,BallVeloRelease__zwithin,-1.546,-1.046,0.5,TorsoVeloPostHitch,0.516,0.772,0.256,ankleTotalROMAvg,-35.653,-42.783,-7.131
Player 163,23909,Off the Dribble,Right,4,BallVeloRelease,5.037,5.588,0.551,ankleTotalROMAvg,-33.771,-40.526,-6.754,maxAnklePlantarflexionNonDominantPostHitch,-1.868,-2.242,-0.374,BallVeloRelease__zwithin,-1.011,-0.511,0.5,TorsoVeloRelease__zwithin,-1.29,-0.79,0.5
Player 163,23910,Off the Dribble,Right,4,BallVeloRelease,5.031,5.588,0.556,TorsoVeloPostHitch,0.345,0.772,0.427,maxAnklePlantarflexionNonDominantPostHitch,-8.287,-9.945,-1.658,TorsoVeloRelease__zwithin,-1.521,-1.021,0.5,KneeTotalROMAvg,38.024,45.628,7.605
Player 163,23911,Catch and Shoot,Right,4,BallVeloRelease,5.273,6.027,0.754,ankleTotalROMAvg,-37.129,-44.555,-7.426,TorsoVeloRelease__zwithin,-1.559,-1.059,0.5,maxAnklePlantarflexionNonDominantPostHitch,-6.163,-7.395,-1.233,BallVeloRelease__zwithin,-0.666,-0.166,0.5
Player 163,23912,Catch and Shoot,Right,4,BallVeloRelease,4.901,5.881,0.98,TorsoVeloPostHitch,0.405,0.884,0.479,maxAnklePlantarflexionNonDominantPostHitch,-7.13,-8.556,-1.426,BallVeloRelease__zwithin,-1.21,-0.71,0.5,ankleTotalROMAvg,-37.56,-45.072,-7.512
Player 163,23913,Off the Dribble,Right,4,BallVeloRelease,5.194,5.588,0.393,KneeTotalROMAvg,41.626,47.968,6.342,maxAnklePlantarflexionNonDominantPostHitch,-5.593,-6.711,-1.119,ankleTotalROMAvg,-34.326,-41.192,-6.865,BallVeloRelease__zwithin,-0.781,-0.281,0.5
Player 163,23914,Catch and Shoot,Right,4,BallVeloRelease,5.225,6.027,0.802,maxAnklePlantarflexionNonDominantPostHitch,-1.702,-2.043,-0.34,ankleTotalROMAvg,-30.993,-37.191,-6.199,BallVeloRelease__zwithin,-0.736,-0.236,0.5,TorsoVeloRelease__zwithin,-0.863,-0.363,0.5
Player 163,23915,Catch and Shoot,Right,4,BallVeloRelease,5.034,6.027,0.992,ankleTotalROMAvg,-33.683,-40.42,-6.737,KneeTotalROMAvg,39.928,47.914,7.986,maxAnklePlantarflexionNonDominantPostHitch,-4.74,-5.688,-0.948,TorsoVeloRelease__zwithin,-1.002,-0.502,0.5
Player 163,23916,Catch and Shoot,Right,4,BallVeloRelease,5.283,6.027,0.743,KneeTotalROMAvg,40.051,48.061,8.01,maxAnklePlantarflexionNonDominantPostHitch,-5.185,-6.222,-1.037,ankleTotalROMAvg,-34.258,-41.11,-6.852,TorsoVeloPostHitch,0.498,0.884,0.385
Player 163,23917,Catch and Shoot,Right,4,BallVeloRelease,5.107,6.027,0.919,TorsoVeloPostHitch,0.564,0.884,0.32,ankleTotalROMAvg,-35.0,-42.0,-7.0,maxAnklePlantarflexionNonDominantPostHitch,-3.438,-4.125,-0.688,BallVeloRelease__zwithin,-0.908,-0.408,0.5
Player 163,23918,Catch and Shoot,Right,3,BallVeloRelease,4.968,5.962,0.994,TorsoVeloPostHitch,0.456,0.884,0.428,KneeTotalROMAvg,38.731,46.478,7.746,maxAnklePlantarflexionNonDominantPostHitch,-4.438,-5.326,-0.888,maxShoulderFlexionAvgPostHitch,120.055,126.946,6.891
Player 163,23919,Catch and Shoot,Right,4,BallVeloRelease,5.005,6.006,1.001,TorsoVeloPostHitch,0.523,0.884,0.361,ankleTotalROMAvg,-32.285,-38.742,-6.457,maxAnklePlantarflexionNonDominantPostHitch,-1.551,-1.862,-0.31,BallVeloRelease__zwithin,-1.058,-0.558,0.5
Player 163,23920,Off the Dribble,Right,4,BallVeloRelease,5.187,5.588,0.401,maxAnklePlantarflexionNonDominantPostHitch,-7.088,-8.506,-1.418,BallVeloRelease__zwithin,-0.792,-0.292,0.5,TorsoVeloPostHitch,0.514,0.772,0.258,maxAnklePlantarflexionDomDiffPostHitch,-6.844,-5.475,1.369
Player 163,23921,Catch and Shoot,Right,4,BallVeloRelease,5.045,6.027,0.981,maxAnklePlantarflexionNonDominantPostHitch,-8.17,-9.804,-1.634,ankleTotalROMAvg,-34.927,-41.913,-6.985,BallVeloRelease__zwithin,-0.999,-0.499,0.5,maxElbowExtensionDominantPreHitch,116.709,104.709,-12.0
Player 163,23922,Catch and Shoot,Right,4,BallVeloRelease,5.047,6.027,0.98,ankleTotalROMAvg,-31.099,-37.319,-6.22,maxAnklePlantarflexionNonDominantPostHitch,-1.713,-2.056,-0.343,BallVeloRelease__zwithin,-0.996,-0.496,0.5,TorsoVeloRelease__zwithin,-1.675,-1.175,0.5
Player 163,23923,Off the Dribble,Right,4,BallVeloRelease,4.889,5.588,0.699,TorsoVeloPostHitch,0.513,0.772,0.258,maxAnklePlantarflexionNonDominantPostHitch,-8.395,-10.074,-1.679,ankleTotalROMAvg,-34.991,-41.99,-6.998,BallVeloRelease__zwithin,-1.228,-0.728,0.5
Player 163,23924,Catch and Shoot,Right,4,BallVeloRelease,4.663,5.596,0.933,TorsoVeloPostHitch,0.436,0.884,0.448,ankleTotalROMAvg,-36.055,-43.266,-7.211,BallVeloRelease__zwithin,-1.558,-1.058,0.5,maxAnklePlantarflexionNonDominantPostHitch,-6.956,-8.348,-1.391
Player 163,23925,Catch and Shoot,Right,4,BallVeloRelease,4.853,5.823,0.971,TorsoVeloPostHitch,0.471,0.884,0.413,BallVeloRelease__zwithin,-1.281,-0.781,0.5,maxAnklePlantarflexionNonDominantPostHitch,-9.512,-11.414,-1.902,ankleTotalROMAvg,-37.047,-44.457,-7.409
Player 163,23926,Catch and Shoot,Right,4,BallVeloRelease,5.194,6.027,0.832,maxAnklePlantarflexionNonDominantPostHitch,-7.234,-8.681,-1.447,ankleTotalROMAvg,-33.863,-40.636,-6.773,BallVeloRelease__zwithin,-0.781,-0.281,0.5,TorsoVeloRelease__zwithin,-1.021,-0.521,0.5
Player 163,23927,Catch and Shoot,Right,4,BallVeloRelease,4.931,5.917,0.986,maxAnklePlantarflexionNonDominantPostHitch,-7.339,-8.806,-1.468,TorsoVeloRelease__zwithin,-1.007,-0.507,0.5,ankleTotalROMAvg,-35.447,-42.537,-7.089,BallVeloRelease__zwithin,-1.166,-0.666,0.5
Player 163,23928,Off the Dribble,Right,4,BallVeloRelease,5.082,5.588,0.506,TorsoVeloPostHitch,0.579,0.772,0.193,ankleTotalROMAvg,-34.751,-41.701,-6.95,maxAnklePlantarflexionNonDominantPostHitch,-4.404,-5.284,-0.881,BallVeloRelease__zwithin,-0.946,-0.446,0.5
Player 163,23929,Catch and Shoot,Right,4,BallVeloRelease,5.162,6.027,0.865,TorsoVeloPostHitch,0.504,0.884,0.38,maxAnklePlantarflexionNonDominantPostHitch,-4.605,-5.526,-0.921,ankleTotalROMAvg,-34.948,-41.937,-6.99,BallVeloRelease__zwithin,-0.828,-0.328,0.5
Player 163,23930,Catch and Shoot,Right,4,BallVeloRelease,5.03,6.027,0.997,maxAnklePlantarflexionNonDominantPostHitch,-7.01,-8.412,-1.402,ankleTotalROMAvg,-37.279,-44.735,-7.456,BallVeloRelease__zwithin,-1.022,-0.522,0.5,TorsoVeloRelease__zwithin,-0.851,-0.351,0.5
Player 163,23931,Off the Dribble,Right,4,BallVeloRelease,4.99,5.588,0.598,maxAnklePlantarflexionNonDominantPostHitch,-10.444,-12.532,-2.089,BallVeloRelease__zwithin,-1.08,-0.58,0.5,ankleTotalROMAvg,-38.92,-46.704,-7.784,TorsoVeloRelease__zwithin,-1.353,-0.853,0.5
Player 163,23932,Catch and Shoot,Right,4,BallVeloRelease,4.875,5.85,0.975,maxAnklePlantarflexionNonDominantPostHitch,-8.813,-10.576,-1.763,ankleTotalROMAvg,-36.243,-43.491,-7.249,BallVeloRelease__zwithin,-1.248,-0.748,0.5,TorsoVeloRelease__zwithin,-0.977,-0.477,0.5
Player 163,23933,Catch and Shoot,Right,4,BallVeloRelease,4.87,5.844,0.974,maxAnklePlantarflexionNonDominantPostHitch,-8.874,-10.649,-1.775,ankleTotalROMAvg,-34.198,-41.037,-6.84,BallVeloRelease__zwithin,-1.256,-0.756,0.5,TorsoVeloRelease__zwithin,-1.215,-0.715,0.5
Player 163,23934,Catch and Shoot,Right,4,BallVeloRelease,4.941,5.929,0.988,ankleTotalROMAvg,-35.921,-43.106,-7.184,maxKneeFlexionDominantPreHitch,-51.226,-63.226,-12.0,KneeTotalROMAvg,41.103,49.323,8.221,maxAnklePlantarflexionNonDominantPostHitch,-9.384,-11.261,-1.877
Player 163,23935,Off the Dribble,Right,4,BallVeloRelease,5.086,5.588,0.501,KneeTotalROMAvg,40.814,47.968,7.154,ankleTotalROMAvg,-35.081,-42.097,-7.016,maxAnklePlantarflexionNonDominantPostHitch,-6.08,-7.296,-1.216,BallVeloRelease__zwithin,-0.939,-0.439,0.5
Player 163,23936,Off the Dribble,Right,3,BallVeloRelease,2.869,3.443,0.574,BallVeloRelease__zwithin,-4.181,-3.345,0.836,TorsoVeloPostHitch,0.467,0.772,0.304,maxShoulderFlexionDomDiffHitch,-129.582,-117.582,12.0,ankleTotalROMAvg,-31.18,-37.416,-6.236
Player 163,23937,Off the Dribble,Right,4,BallVeloRelease,5.111,5.588,0.476,ShoulderAlignmentRelease__zwithin,-1.668,-1.335,0.334,TorsoVeloPostHitch,0.349,0.772,0.422,BallVeloRelease__zwithin,-0.902,-0.402,0.5,KneeTotalROMAvg,38.01,45.612,7.602
Player 163,23938,Off the Dribble,Right,3,BallVeloRelease,4.766,5.588,0.822,TorsoVeloPostHitch,0.48,0.772,0.291,BallVeloRelease__zwithin,-1.408,-0.908,0.5,TorsoVeloRelease__zwithin,-2.569,-2.055,0.514,HipAlignmentPreHitch__zwithin,1.158,0.926,-0.232
Player 163,23939,Off the Dribble,Right,4,BallVeloRelease,4.931,5.588,0.656,maxHipExtensionNonDominantHitch__zwithin,-2.777,-0.369,2.409,MaxStanceGapHitch,0.296,0.355,0.059,BallVeloRelease__zwithin,-1.166,-0.666,0.5,TorsoVeloRelease__zwithin,-2.473,-1.973,0.5
Player 163,23940,Off the Dribble,Right,4,BallVeloRelease,4.713,5.588,0.875,TorsoVeloPostHitch,0.495,0.772,0.277,BallVeloRelease__zwithin,-1.485,-0.985,0.5,TorsoVeloRelease__zwithin,-2.492,-1.992,0.5,KneeTotalROMAvg,40.788,47.968,7.18
Player 163,23941,Off the Dribble,Right,4,BallVeloRelease,4.961,5.588,0.626,TorsoVeloPostHitch,0.35,0.772,0.422,BallVeloRelease__zwithin,-1.122,-0.622,0.5,KneeTotalROMAvg,34.163,40.996,6.833,maxKneeFlexionDominantPreHitch,-44.063,-56.063,-12.0
Player 163,23942,Off the Dribble,Right,4,BallVeloRelease,4.878,5.588,0.709,BallVeloRelease__zwithin,-1.243,-0.743,0.5,maxKneeFlexionDominantPreHitch,-44.098,-56.098,-12.0,TorsoVeloRelease__zwithin,-2.076,-1.576,0.5,MaxStanceGapHitch,0.356,0.427,0.071
Player 163,23943,Off the Dribble,Right,4,BallVeloRelease,5.022,5.588,0.565,Max.Ball.Released..Away.from.body.,0.887,0.71,-0.177,BallVeloRelease__zwithin,-1.032,-0.532,0.5,maxAnklePlantarflexionNonDominantPostHitch,-11.172,-13.406,-2.234,Max.Ball.Released..Away.from.body.__zwithin,2.634,2.107,-0.527
Player 163,23944,Off the Dribble,Right,4,BallVeloRelease,5.21,5.588,0.377,ankleTotalROMAvg,-23.238,-27.885,-4.648,KneeTotalROMAvg,20.983,25.18,4.197,maxAnklePlantarflexionNonDominantPostHitch,-5.062,-6.075,-1.012,TorsoVeloPostHitch,0.433,0.772,0.339
Player 163,23945,Off the Dribble,Right,4,BallVeloRelease,5.051,5.588,0.536,ankleTotalROMAvg,-18.97,-22.764,-3.794,TorsoVeloPostHitch,0.15,0.65,0.5,BallVeloPostHitch,0.167,0.667,0.5,BallVeloRelease__zwithin,-0.99,-0.49,0.5
Player 163,23946,Catch and Shoot,Right,4,BallVeloRelease,5.001,6.001,1.0,ankleTotalROMAvg,-21.28,-25.536,-4.256,TorsoVeloPostHitch,0.279,0.779,0.5,BallVeloRelease__zwithin,-1.064,-0.564,0.5,KneeTotalROMAvg,26.242,31.491,5.248
Player 163,23947,Off the Dribble,Right,4,BallVeloRelease,5.076,5.588,0.511,ankleTotalROMAvg,-22.871,-27.445,-4.574,BallVeloPostHitch,0.18,0.68,0.5,TorsoVeloPostHitch,0.368,0.772,0.404,maxAnklePlantarflexionNonDominantPostHitch,1.29,1.032,-0.258
Player 163,23949,Off the Dribble,Right,3,BallVeloRelease,4.628,5.553,0.926,ankleTotalROMAvg,-24.531,-29.437,-4.906,TorsoVeloPostHitch,0.325,0.772,0.447,BallVeloRelease__zwithin,-1.61,-1.11,0.5,maxAnklePlantarflexionNonDominantPostHitch,2.809,2.248,-0.562
Player 163,23950,Catch and Shoot,Right,4,BallVeloRelease,5.01,6.011,1.002,ankleTotalROMAvg,-26.386,-31.663,-5.277,TorsoVeloPostHitch,0.477,0.884,0.407,maxAnklePlantarflexionNonDominantPostHitch,1.256,1.005,-0.251,KneeTotalROMAvg,34.596,41.515,6.919
Player 163,23951,Off the Dribble,Right,4,BallVeloRelease,4.835,5.588,0.753,MaxStanceGapHitch,0.172,0.207,0.034,BallVeloRelease__zwithin,-1.307,-0.807,0.5,maxHipFlexionDominantPostHitch,52.765,40.765,-12.0,TorsoVeloRelease__zwithin,-2.946,-2.356,0.589
Player 163,23952,Off the Dribble,Right,3,BallVeloRelease,4.027,4.832,0.805,TorsoVeloRelease__zwithin,2.989,2.391,-0.598,maxAnklePlantarflexionDomDiffPostHitch__zwithin,3.97,3.176,-0.794,maxKneeFlexionAvgPostHitch__zwithin,-2.251,0.187,2.438,ankleTotalROMAvg,-27.264,-32.717,-5.453
Player 163,23953,Off the Dribble,Right,4,BallVeloRelease,5.216,5.588,0.371,maxShoulderExtensionDominantPostHitch,26.816,38.816,12.0,ankleTotalROMAvg,-29.282,-35.138,-5.856,maxKneeFlexionAvgPostHitch__zwithin,-2.388,0.187,2.575,timeToMaxShoulderFlexionDominantPostHitch,0.492,0.692,0.2
Player 163,23954,Off the Dribble,Right,3,BallVeloRelease,4.769,5.588,0.818,ankleTotalROMAvg,-35.567,-42.681,-7.113,BallVeloRelease__zwithin,-1.403,-0.903,0.5,maxAnklePlantarflexionNonDominantPostHitch,-11.049,-13.259,-2.21,TorsoVeloRelease__zwithin,-1.668,-1.168,0.5
Player 163,23955,Off the Dribble,Right,4,BallVeloRelease,5.072,5.588,0.516,maxAnklePlantarflexionNonDominantPostHitch,-8.389,-10.067,-1.678,ankleTotalROMAvg,-33.843,-40.611,-6.769,BallVeloRelease__zwithin,-0.961,-0.461,0.5,maxShoulderFlexionAvgPostHitch,123.213,125.299,2.086
Player 163,23957,Off the Dribble,Right,4,BallVeloRelease,5.005,5.588,0.583,maxAnklePlantarflexionNonDominantPostHitch,-11.19,-13.428,-2.238,ankleTotalROMAvg,-38.725,-46.47,-7.745,BallVeloRelease__zwithin,-1.058,-0.558,0.5,TorsoVeloRelease__zwithin,-1.021,-0.521,0.5
Player 163,23962,Catch and Shoot,Right,3,BallVeloRelease,4.144,4.972,0.829,BallVeloRelease__zwithin,-2.318,-1.818,0.5,maxShoulderExtensionDomDiffHitch__zwithin,0.801,-0.006,-0.807,TorsoVeloPostHitch,0.651,0.884,0.232,TorsoVeloRelease__zwithin,-3.476,-2.781,0.695
Player 163,23965,Catch and Shoot,Right,4,BallVeloRelease,4.77,5.724,0.954,ElbowFlexionAtT0Dominant,60.773,72.773,12.0,BallVeloRelease__zwithin,-1.402,-0.902,0.5,Max.Ball.Released..Away.from.body.,1.08,0.864,-0.216,maxTorsoExtensionPreHitch,-9.172,-4.889,4.284
Player 163,23966,Catch and Shoot,Right,4,BallVeloRelease,5.699,6.027,0.327,BallVeloRelease__zwithin,-0.042,0.436,0.478,maxTorsoFlexionPreHitch__zwithin,-1.269,0.029,1.298,maxHipExtensionNonDominantHitch,36.2,27.744,-8.456,timeToMaxKneeExtensionDomDiffHitch__zwithin,0.023,0.022,-0.001
Player 163,23971,Off the Dribble,Right,4,BallVeloRelease,4.609,5.531,0.922,BallVeloRelease__zwithin,-1.636,-1.136,0.5,maxAnkleDorsiflexionDomDiffPostHitch,11.206,8.965,-2.241,TorsoVeloRelease__zwithin,-3.361,-2.689,0.672,maxShoulderFlexionAvgPostHitch,124.442,125.299,0.857
Player 163,23972,Off the Dribble,Right,4,BallVeloRelease,4.552,5.462,0.91,timeToMaxShoulderFlexionDomDiffHitch__zwithin,-1.034,0.038,1.072,BallVeloRelease__zwithin,-1.72,-1.22,0.5,Max.Ball.Released..Away.from.body.,1.032,0.826,-0.206,timeToMaxShoulderExtensionDomDiffPreHitch,-0.125,0.0,0.125
Player 163,23973,Catch and Shoot,Right,4,BallVeloRelease,4.137,4.964,0.827,TorsoVeloPostHitch,0.255,0.755,0.5,BallVeloRelease__zwithin,-2.327,-1.827,0.5,maxShoulderExtensionDomDiffHitch__zwithin,0.962,-0.006,-0.968,TorsoVeloHitch,1.801,1.301,-0.5
Player 163,23974,Catch and Shoot,Right,4,BallVeloRelease,4.399,5.279,0.88,BallVeloRelease__zwithin,-1.944,-1.444,0.5,TorsoVeloHitch,1.191,0.691,-0.5,TorsoVeloPostHitch,0.654,0.884,0.229,maxShoulderExtensionDomDiffHitch__zwithin,0.809,-0.006,-0.815
Player 163,23975,Catch and Shoot,Right,4,BallVeloRelease,4.776,5.731,0.955,BallVeloRelease__zwithin,-1.393,-0.893,0.5,TorsoVeloRelease__zwithin,-1.726,-1.226,0.5,timeToMaxElbowExtensionDomDiffHitch,0.125,0.0,-0.125,maxAnklePlantarflexionAvgPreHitch,19.547,17.758,-1.79
Player 163,23988,Catch and Shoot,Right,4,BallVeloRelease,5.564,6.027,0.463,BallVeloRelease__zwithin,-0.241,0.259,0.5,Max.Ball.Released..Away.from.body.,0.867,0.694,-0.173,maxElbowFlexionAvgPreHitch,113.282,101.282,-12.0,maxHipExtensionNonDominantHitch__zwithin,-3.319,0.3,3.619
Player 163,24000,Off the Dribble,Right,4,BallVeloRelease,4.979,5.588,0.609,TorsoVeloPostHitch,0.2,0.7,0.5,BallVeloPostHitch,0.069,0.569,0.5,ankleTotalROMAvg,-27.376,-32.851,-5.475,maxAnklePlantarflexionNonDominantPostHitch,0.241,0.193,-0.048
Player 163,24001,Off the Dribble,Right,3,BallVeloRelease,4.472,5.366,0.894,ankleTotalROMAvg,-23.344,-28.013,-4.669,TorsoVeloPostHitch,0.338,0.772,0.434,BallVeloRelease__zwithin,-1.838,-1.338,0.5,maxAnklePlantarflexionNonDominantPostHitch,3.661,2.929,-0.732
Player 163,24003,Catch and Shoot,Right,3,BallVeloRelease,4.663,5.595,0.933,ankleTotalROMAvg,-21.689,-26.027,-4.338,TorsoVeloPostHitch,0.133,0.633,0.5,BallVeloRelease__zwithin,-1.558,-1.058,0.5,maxAnklePlantarflexionNonDominantPostHitch,-0.858,-1.03,-0.172
Player 163,24004,Off the Dribble,Right,4,BallVeloRelease,5.017,5.588,0.57,ankleTotalROMAvg,-25.452,-30.542,-5.09,TorsoVeloPostHitch,0.312,0.772,0.459,BallVeloPostHitch,0.04,0.54,0.5,maxAnklePlantarflexionNonDominantPostHitch,-0.708,-0.849,-0.142
Player 163,24005,Off the Dribble,Right,4,BallVeloRelease,5.096,5.588,0.492,ankleTotalROMAvg,-26.995,-32.394,-5.399,TorsoVeloPostHitch,0.451,0.772,0.321,KneeTotalROMAvg,36.127,43.352,7.225,maxAnklePlantarflexionNonDominantPostHitch,0.564,0.451,-0.113
Player 163,24006,Catch and Shoot,Right,3,BallVeloRelease,4.325,5.19,0.865,ankleTotalROMAvg,-23.149,-27.779,-4.63,TorsoVeloPostHitch,0.313,0.813,0.5,BallVeloRelease__zwithin,-2.053,-1.553,0.5,TorsoVeloRelease__zwithin,-1.685,-1.185,0.5
Player 163,24007,Catch and Shoot,Right,4,BallVeloRelease,5.124,6.027,0.902,ankleTotalROMAvg,-27.107,-32.529,-5.421,TorsoVeloPostHitch,0.372,0.872,0.5,BallVeloRelease__zwithin,-0.883,-0.383,0.5,KneeTotalROMAvg,35.29,42.348,7.058
Player 163,24008,Catch and Shoot,Right,4,HipAlignmentPreHitch__zwithin,1.133,0.906,-0.227,HipAlignmentRelease__zwithin,1.083,0.867,-0.217,BallVeloRelease,5.933,6.027,0.093,HipAlignmentPostHitch__zwithin,1.123,0.898,-0.225,ShoulderAlignmentPostHitch__zwithin,1.027,0.822,-0.205
Player 163,24014,Catch and Shoot,Right,4,BallVeloRelease,5.598,6.027,0.429,BallVeloRelease__zwithin,-0.191,0.309,0.5,maxKneeExtensionDomDiffHitch,-25.144,-13.144,12.0,maxKneeExtensionDominantHitch,-71.107,-62.348,8.759,maxKneeFlexionDomDiffPostHitch,-24.95,-12.95,12.0
Player 163,24016,Catch and Shoot,Right,3,BallVeloRelease,3.833,4.6,0.767,BallVeloRelease__zwithin,-2.772,-2.217,0.554,TorsoVeloRelease__zwithin,-4.045,-3.236,0.809,maxKneeFlexionDominantPreHitch,-54.319,-64.418,-10.099,timeToMaxTorsoFlexionPostHitch__zwithin,1.653,-0.445,-2.098
Player 163,24017,Off the Dribble,Right,4,BallVeloRelease,5.221,5.588,0.366,HipAlignmentRelease__zwithin,0.928,0.742,-0.186,Max.Ball.Released..Away.from.body.,0.957,0.766,-0.191,BallVeloRelease__zwithin,-0.742,-0.242,0.5,TorsoVeloRelease__zwithin,-2.397,-1.897,0.5
Player 163,24020,Off the Dribble,Right,4,BallVeloRelease,5.298,5.588,0.29,HipAlignmentPreHitch__zwithin,0.969,0.775,-0.194,maxAnklePlantarflexionDomDiffPostHitch,-6.535,-5.228,1.307,maxKneeExtensionDomDiffHitch,-7.907,-3.378,4.529,maxShoulderExtensionDomDiffHitch__zwithin,0.536,-0.138,-0.674
Player 163,24023,Off the Dribble,Right,3,BallVeloRelease,4.28,5.136,0.856,ankleTotalROMAvg,-24.477,-29.372,-4.895,TorsoVeloPostHitch,0.421,0.772,0.351,BallVeloRelease__zwithin,-2.118,-1.618,0.5,maxAnklePlantarflexionNonDominantPostHitch,-2.936,-3.524,-0.587
Player 163,24024,Catch and Shoot,Right,3,BallVeloRelease,4.535,5.442,0.907,ankleTotalROMAvg,-24.221,-29.066,-4.844,TorsoVeloPostHitch,0.14,0.64,0.5,BallVeloRelease__zwithin,-1.746,-1.246,0.5,maxAnklePlantarflexionNonDominantPostHitch,-4.257,-5.108,-0.851
Player 163,24025,Catch and Shoot,Right,3,BallVeloRelease,4.837,5.804,0.967,TorsoVeloPostHitch,0.249,0.749,0.5,BallVeloPostHitch,0.157,0.657,0.5,BallVeloRelease__zwithin,-1.304,-0.804,0.5,maxAnklePlantarflexionNonDominantPostHitch,-7.791,-9.349,-1.558
Player 163,24026,Catch and Shoot,Right,4,BallVeloRelease,5.155,6.027,0.871,ankleTotalROMAvg,-27.841,-33.409,-5.568,maxAnklePlantarflexionNonDominantPostHitch,1.259,1.007,-0.252,TorsoVeloRelease__zwithin,-1.165,-0.665,0.5,TorsoVeloPostHitch,0.541,0.884,0.343
Player 163,24027,Catch and Shoot,Right,4,BallVeloRelease,4.953,5.943,0.991,ankleTotalROMAvg,-25.711,-30.853,-5.142,TorsoVeloPostHitch,0.39,0.884,0.494,maxAnklePlantarflexionNonDominantPostHitch,1.268,1.014,-0.254,BallVeloRelease__zwithin,-1.134,-0.634,0.5
Player 163,24028,Catch and Shoot,Right,4,BallVeloRelease,5.134,6.027,0.892,ankleTotalROMAvg,-24.99,-29.988,-4.998,KneeTotalROMAvg,39.359,47.231,7.872,maxAnklePlantarflexionNonDominantPostHitch,1.345,1.076,-0.269,TorsoVeloPostHitch,0.501,0.884,0.383
Player 163,24046,Off the Dribble,Right,4,BallVeloRelease,4.305,5.166,0.861,timeToMaxShoulderFlexionDomDiffHitch__zwithin,-0.976,0.038,1.014,BallVeloRelease__zwithin,-2.082,-1.582,0.5,ankleTotalROMAvg,-39.568,-47.481,-7.914,TorsoVeloPostHitch,0.573,0.772,0.199
Player 163,24051,Off the Dribble,Right,4,BallVeloRelease,4.729,5.588,0.859,Max.Ball.Released..Away.from.body.,1.108,0.886,-0.222,BallVeloRelease__zwithin,-1.462,-0.962,0.5,Max.Ball.Released..Away.from.body.__zwithin,4.474,3.58,-0.895,TorsoVeloRelease__zwithin,-3.008,-2.406,0.602
Player 163,24052,Off the Dribble,Right,4,BallVeloRelease,4.643,5.572,0.929,ElbowFlexionAtT0Dominant,62.183,74.183,12.0,BallVeloRelease__zwithin,-1.587,-1.087,0.5,TorsoVeloRelease__zwithin,-3.164,-2.532,0.633,maxAnkleDorsiflexionDomDiffPreHitch,12.865,10.292,-2.573
Player 163,24053,Off the Dribble,Right,3,BallVeloRelease,4.622,5.546,0.924,ankleTotalROMAvg,-23.61,-28.332,-4.722,BallVeloPostHitch,0.176,0.676,0.5,TorsoVeloPostHitch,0.388,0.772,0.384,BallVeloRelease__zwithin,-1.618,-1.118,0.5
Player 163,24060,Off the Dribble,Right,4,BallVeloRelease,4.736,5.588,0.851,TorsoVeloPostHitch,0.541,0.772,0.23,ankleTotalROMAvg,-33.227,-39.873,-6.645,BallVeloRelease__zwithin,-1.451,-0.951,0.5,maxAnklePlantarflexionNonDominantPostHitch,-6.223,-7.467,-1.245
Player 163,24061,Off the Dribble,Right,3,BallVeloRelease,4.731,5.588,0.857,TorsoVeloPostHitch,0.384,0.772,0.388,BallVeloRelease__zwithin,-1.459,-0.959,0.5,TorsoVeloRelease__zwithin,-2.166,-1.666,0.5,maxAnklePlantarflexionNonDominantPostHitch,-2.745,-3.294,-0.549
Player 163,24062,Off the Dribble,Right,4,BallVeloRelease,5.745,5.588,-0.157,HipAlignmentPreHitch__zwithin,1.693,1.355,-0.339,HipAlignmentRelease__zwithin,1.671,1.336,-0.334,HipAlignmentPostHitch__zwithin,1.755,1.404,-0.351,BallVeloRelease__zwithin,0.024,-0.206,-0.23
Player 163,24063,Off the Dribble,Right,4,HipAlignmentPostHitch__zwithin,1.948,1.558,-0.39,HipAlignmentRelease__zwithin,1.768,1.414,-0.354,HipAlignmentPreHitch__zwithin,1.788,1.43,-0.358,ShoulderAlignmentRelease__zwithin,1.907,1.526,-0.381,MaxStanceGapPreHitch,0.324,0.388,0.065
Player 163,24064,Off the Dribble,Right,4,HipAlignmentPreHitch__zwithin,1.744,1.395,-0.349,HipAlignmentRelease__zwithin,1.695,1.356,-0.339,HipAlignmentPostHitch__zwithin,1.603,1.283,-0.321,ShoulderAlignmentPostHitch__zwithin,1.92,1.536,-0.384,ShoulderAlignmentRelease__zwithin,1.681,1.345,-0.336
Player 163,24066,Off the Dribble,Right,4,HipAlignmentPostHitch__zwithin,1.639,1.311,-0.328,HipAlignmentRelease__zwithin,1.671,1.337,-0.334,HipAlignmentPreHitch__zwithin,1.439,1.151,-0.288,BallVeloStart,-0.683,-0.183,0.5,ShoulderAlignmentRelease__zwithin,1.735,1.388,-0.347
Player 163,24067,Off the Dribble,Right,4,HipAlignmentPostHitch__zwithin,1.645,1.316,-0.329,HipAlignmentPreHitch__zwithin,1.649,1.319,-0.33,HipAlignmentRelease__zwithin,1.622,1.298,-0.324,MaxStanceGapPreHitch,0.326,0.391,0.065,maxElbowFlexionDominantPostHitch,132.915,120.915,-12.0
Player 163,24068,Off the Dribble,Right,4,BallVeloRelease,5.857,5.588,-0.269,HipAlignmentPreHitch__zwithin,1.619,1.295,-0.324,HipAlignmentRelease__zwithin,1.747,1.397,-0.349,HipAlignmentPostHitch__zwithin,1.681,1.344,-0.336,ShoulderAlignmentRelease__zwithin,1.863,1.491,-0.373
Player 163,24069,Off the Dribble,Right,4,BallVeloRelease,5.823,5.588,-0.236,HipAlignmentRelease__zwithin,1.79,1.432,-0.358,HipAlignmentPreHitch__zwithin,1.737,1.389,-0.347,HipAlignmentPostHitch__zwithin,1.757,1.406,-0.351,KneeTotalROMAvg,50.125,47.968,-2.157
Player 163,24070,Catch and Shoot,Right,4,maxAnkleDorsiflexionDomDiffPreHitch,12.252,9.801,-2.45,HipAlignmentRelease__zwithin,1.0,0.8,-0.2,HipAlignmentPostHitch__zwithin,1.04,0.832,-0.208,HipAlignmentPreHitch__zwithin,1.308,1.047,-0.262,TorsoTotalROMAvg,17.22,13.776,-3.444
Player 163,24071,Catch and Shoot,Right,4,maxAnkleDorsiflexionDomDiffPreHitch,10.641,8.513,-2.128,HipAlignmentRelease__zwithin,0.93,0.744,-0.186,HipAlignmentPreHitch__zwithin,1.284,1.027,-0.257,HipAlignmentPostHitch__zwithin,0.972,0.778,-0.194,TorsoTotalROMAvg,16.948,13.559,-3.39
Player 163,24072,Catch and Shoot,Right,4,BallVeloRelease,5.744,6.027,0.283,HipAlignmentPreHitch__zwithin,1.212,0.97,-0.242,HipAlignmentRelease__zwithin,1.011,0.809,-0.202,HipAlignmentPostHitch__zwithin,1.102,0.881,-0.22,maxKneeExtensionDomDiffHitch,-9.063,-3.816,5.247
Player 163,24073,Catch and Shoot,Right,4,maxAnkleDorsiflexionDomDiffPreHitch,11.93,9.544,-2.386,HipAlignmentRelease__zwithin,0.981,0.785,-0.196,HipAlignmentPreHitch__zwithin,1.166,0.933,-0.233,HipAlignmentPostHitch__zwithin,1.0,0.8,-0.2,TorsoTotalROMAvg,16.948,13.558,-3.39
Player 163,24091,Catch and Shoot,Right,4,HipAlignmentPreHitch__zwithin,1.014,0.812,-0.203,HipAlignmentRelease__zwithin,0.997,0.798,-0.199,HipAlignmentPostHitch__zwithin,0.949,0.759,-0.19,Max.Ball.Released..Away.from.body.,0.775,0.62,-0.155,maxShoulderFlexionAvgPostHitch,122.013,126.946,4.933
Player 163,24103,Off the Dribble,Right,3,BallVeloRelease,4.906,5.588,0.681,ankleTotalROMAvg,-22.924,-27.508,-4.585,TorsoVeloPostHitch,0.287,0.772,0.485,BallVeloRelease__zwithin,-1.202,-0.702,0.5,maxAnklePlantarflexionNonDominantPostHitch,-1.939,-2.327,-0.388
Player 163,24106,Off the Dribble,Right,3,BallVeloRelease,4.854,5.588,0.734,ankleTotalROMAvg,-27.038,-32.445,-5.408,TorsoVeloPostHitch,0.559,0.772,0.212,maxKneeFlexionDominantPreHitch,-54.458,-59.157,-4.699,maxAnklePlantarflexionNonDominantPostHitch,0.115,0.092,-0.023
Player 163,24107,Off the Dribble,Right,3,BallVeloRelease,4.927,5.588,0.66,ankleTotalROMAvg,-21.287,-25.544,-4.257,ElbowFlexionAtT0Dominant,63.209,75.209,12.0,TorsoVeloPostHitch,0.486,0.772,0.286,TorsoVeloRelease__zwithin,-1.163,-0.663,0.5
Player 163,24108,Off the Dribble,Right,4,BallVeloRelease,5.707,5.588,-0.12,ShoulderAlignmentRelease__zwithin,-1.468,-1.174,0.294,maxShoulderFlexionNonDominantPostHitch,122.058,122.925,0.867,BallVeloRelease__zwithin,-0.031,-0.206,-0.175,maxShoulderFlexionAvgPostHitch,126.451,125.299,-1.152
Player 163,24109,Off the Dribble,Right,4,BallVeloRelease,5.563,5.588,0.024,ShoulderAlignmentRelease__zwithin,-1.439,-1.151,0.288,BallVeloRelease__zwithin,-0.241,-0.206,0.035,maxHipFlexionDominantPostHitch,38.155,26.155,-12.0,maxKneeExtensionDomDiffHitch,-8.956,-3.378,5.578
Player 163,24110,Off the Dribble,Right,4,BallVeloRelease,5.837,5.588,-0.249,BallVeloRelease__zwithin,0.158,-0.206,-0.364,ShoulderAlignmentRelease__zwithin,-1.498,-1.199,0.3,maxKneeExtensionDomDiffHitch,-11.009,-3.378,7.631,ShoulderTotalROMDominant,123.695,123.443,-0.252
Player 163,24111,Off the Dribble,Right,4,BallVeloRelease,5.788,5.588,-0.201,maxShoulderFlexionNonDominantPostHitch,122.909,122.925,0.016,BallVeloRelease__zwithin,0.088,-0.206,-0.294,ShoulderAlignmentRelease__zwithin,-1.526,-1.221,0.305,maxShoulderFlexionAvgPostHitch,125.689,125.299,-0.39
Player 163,24112,Off the Dribble,Right,4,BallVeloRelease,5.635,5.588,-0.047,ShoulderAlignmentRelease__zwithin,-1.56,-1.248,0.312,BallVeloRelease__zwithin,-0.137,-0.206,-0.069,timeToMaxAnkleDorsiflexionDomDiffHitch,0.15,0.12,-0.03,maxKneeExtensionDomDiffHitch,-10.427,-3.378,7.049
Player 163,24114,Off the Dribble,Right,4,maxShoulderFlexionNonDominantPostHitch,122.237,122.925,0.687,ShoulderAlignmentRelease__zwithin,-1.48,-1.184,0.296,maxHipFlexionDominantPostHitch,36.746,24.746,-12.0,maxShoulderFlexionAvgPostHitch,126.097,125.299,-0.798,maxKneeExtensionDomDiffHitch,-9.103,-3.378,5.725
Player 163,24115,Off the Dribble,Right,4,BallVeloRelease,5.733,5.588,-0.146,ShoulderAlignmentRelease__zwithin,-1.543,-1.235,0.309,BallVeloRelease__zwithin,0.007,-0.206,-0.213,maxKneeExtensionDomDiffHitch,-12.619,-3.378,9.241,maxHipFlexionDominantPostHitch,34.32,23.604,-10.717
Player 163,24134,Catch and Shoot,Right,4,BallVeloRelease,5.851,6.027,0.175,HipAlignmentRelease__zwithin,0.924,0.739,-0.185,BallVeloRelease__zwithin,0.18,0.436,0.256,maxKneeExtensionDominantPreHitch__zwithin,1.22,-0.136,-1.355,maxShoulderExtensionDomDiffHitch__zwithin,0.549,-0.006,-0.555
Player 163,24136,Catch and Shoot,Right,4,BallVeloRelease,5.723,6.027,0.303,HipAlignmentRelease__zwithin,1.048,0.839,-0.21,BallVeloRelease__zwithin,-0.007,0.436,0.443,maxShoulderFlexionAvgPostHitch,124.455,126.946,2.491,timeToMaxKneeFlexionDomDiffHitch,0.025,0.0,-0.025
Player 163,24137,Catch and Shoot,Right,4,BallVeloRelease,5.006,6.007,1.001,ankleTotalROMAvg,-25.576,-30.691,-5.115,TorsoVeloPostHitch,0.425,0.884,0.459,KneeTotalROMAvg,31.501,37.801,6.3,maxAnklePlantarflexionNonDominantPostHitch,-2.385,-2.862,-0.477
Player 163,24138,Catch and Shoot,Right,4,BallVeloRelease,4.986,5.984,0.997,TorsoVeloPostHitch,0.248,0.748,0.5,ankleTotalROMAvg,-27.873,-33.447,-5.575,TorsoVeloRelease__zwithin,-1.539,-1.039,0.5,maxAnklePlantarflexionNonDominantPostHitch,-0.789,-0.947,-0.158
Player 163,24139,Off the Dribble,Right,3,BallVeloRelease,4.564,5.476,0.913,ankleTotalROMAvg,-18.084,-21.7,-3.617,BallVeloPostHitch,0.075,0.575,0.5,TorsoVeloPostHitch,0.332,0.772,0.44,BallVeloRelease__zwithin,-1.703,-1.203,0.5
Player 163,24140,Off the Dribble,Right,4,BallVeloRelease,5.054,5.588,0.534,ankleTotalROMAvg,-27.479,-32.975,-5.496,TorsoVeloPostHitch,0.416,0.772,0.355,KneeTotalROMAvg,36.409,43.691,7.282,BallVeloRelease__zwithin,-0.987,-0.487,0.5
Player 163,24141,Off the Dribble,Right,4,BallVeloRelease,5.199,5.588,0.388,ankleTotalROMAvg,-30.037,-36.044,-6.007,KneeTotalROMAvg,38.59,46.308,7.718,maxAnklePlantarflexionNonDominantPostHitch,-3.867,-4.641,-0.773,TorsoVeloPostHitch,0.492,0.772,0.28
Player 163,24142,Off the Dribble,Right,4,BallVeloRelease,5.21,5.588,0.378,ankleTotalROMAvg,-26.363,-31.636,-5.273,KneeTotalROMAvg,31.774,38.129,6.355,maxAnklePlantarflexionNonDominantPostHitch,-2.967,-3.561,-0.593,TorsoVeloPostHitch,0.487,0.772,0.285
Player 163,24143,Catch and Shoot,Right,3,BallVeloRelease,4.591,5.51,0.918,ankleTotalROMAvg,-21.89,-26.268,-4.378,TorsoVeloPostHitch,0.235,0.735,0.5,BallVeloPostHitch,0.102,0.602,0.5,BallVeloRelease__zwithin,-1.663,-1.163,0.5
Player 163,24144,Catch and Shoot,Right,3,BallVeloRelease,4.878,5.853,0.976,ankleTotalROMAvg,-28.91,-34.692,-5.782,BallVeloRelease__zwithin,-1.244,-0.744,0.5,KneeTotalROMAvg,35.465,42.558,7.093,maxAnklePlantarflexionNonDominantPostHitch,-4.095,-4.914,-0.819
Player 163,24146,Catch and Shoot,Right,3,BallVeloRelease,4.946,5.936,0.989,ankleTotalROMAvg,-26.271,-31.525,-5.254,TorsoVeloPostHitch,0.524,0.884,0.359,KneeTotalROMAvg,33.807,40.569,6.761,BallVeloRelease__zwithin,-1.144,-0.644,0.5
Player 163,24147,Catch and Shoot,Right,4,BallVeloRelease,5.176,6.027,0.85,ankleTotalROMAvg,-25.105,-30.126,-5.021,TorsoVeloPostHitch,0.32,0.82,0.5,KneeTotalROMAvg,25.462,30.555,5.092,maxAnklePlantarflexionNonDominantPostHitch,-1.788,-2.145,-0.358
Player 163,24148,Catch and Shoot,Right,3,BallVeloRelease,4.556,5.467,0.911,ankleTotalROMAvg,-24.689,-29.627,-4.938,BallVeloPostHitch,-0.172,0.328,0.5,TorsoVeloPostHitch,0.265,0.765,0.5,BallVeloRelease__zwithin,-1.715,-1.215,0.5
Player 163,24150,Off the Dribble,Right,3,BallVeloRelease,4.965,5.588,0.623,TorsoVeloPostHitch,0.345,0.772,0.427,ankleTotalROMAvg,-27.721,-33.265,-5.544,BallVeloRelease__zwithin,-1.116,-0.616,0.5,maxAnklePlantarflexionNonDominantPostHitch,-1.628,-1.953,-0.326
Player 163,24151,Catch and Shoot,Right,4,BallVeloRelease,5.309,6.027,0.717,ankleTotalROMAvg,-23.722,-28.466,-4.744,BallVeloPostHitch,0.132,0.632,0.5,TorsoVeloPostHitch,0.318,0.818,0.5,KneeTotalROMAvg,36.461,43.753,7.292
Player 163,24152,Catch and Shoot,Right,4,BallVeloRelease,5.042,6.027,0.985,ankleTotalROMAvg,-25.387,-30.464,-5.077,TorsoVeloPostHitch,0.454,0.884,0.43,KneeTotalROMAvg,41.262,49.515,8.252,maxAnklePlantarflexionNonDominantPostHitch,0.956,0.764,-0.191
Player 163,24153,Catch and Shoot,Right,3,BallVeloRelease,4.804,5.765,0.961,ankleTotalROMAvg,-27.867,-33.441,-5.573,TorsoVeloPostHitch,0.396,0.884,0.488,BallVeloRelease__zwithin,-1.351,-0.851,0.5,KneeTotalROMAvg,38.873,46.648,7.775
Player 163,24154,Off the Dribble,Right,4,BallVeloRelease,5.161,5.588,0.427,ankleTotalROMAvg,-26.758,-32.11,-5.352,TorsoVeloPostHitch,0.291,0.772,0.481,KneeTotalROMAvg,41.821,47.968,6.147,maxAnklePlantarflexionNonDominantPostHitch,-0.399,-0.479,-0.08
Player 163,24155,Catch and Shoot,Right,4,BallVeloRelease,5.043,6.027,0.984,ankleTotalROMAvg,-23.48,-28.176,-4.696,TorsoVeloPostHitch,0.216,0.716,0.5,timeToMaxAnkleDorsiflexionDomDiffHitch,0.142,0.114,-0.028,TorsoVeloRelease__zwithin,-1.823,-1.323,0.5
Player 163,24156,Catch and Shoot,Right,4,BallVeloRelease,4.927,5.912,0.985,ankleTotalROMAvg,-24.708,-29.65,-4.942,timeToMaxAnkleDorsiflexionDomDiffHitch,0.183,0.146,-0.037,TorsoVeloPostHitch,0.351,0.851,0.5,BallVeloRelease__zwithin,-1.172,-0.672,0.5
Player 163,24157,Catch and Shoot,Right,3,BallVeloRelease,4.84,5.808,0.968,ankleTotalROMAvg,-23.814,-28.576,-4.763,BallVeloPostHitch,-0.01,0.49,0.5,TorsoVeloPostHitch,0.252,0.752,0.5,BallVeloRelease__zwithin,-1.299,-0.799,0.5
Player 163,24159,Catch and Shoot,Right,4,BallVeloRelease,4.968,5.962,0.994,ankleTotalROMAvg,-30.384,-36.461,-6.077,TorsoVeloPostHitch,0.543,0.884,0.341,TorsoVeloRelease__zwithin,-1.732,-1.232,0.5,maxKneeFlexionDominantPreHitch,-53.204,-64.418,-11.214
Player 163,24160,Catch and Shoot,Right,3,BallVeloRelease,4.562,5.475,0.912,ankleTotalROMAvg,-25.519,-30.623,-5.104,TorsoVeloPostHitch,0.343,0.843,0.5,BallVeloRelease__zwithin,-1.705,-1.205,0.5,maxAnklePlantarflexionNonDominantPostHitch,-4.201,-5.041,-0.84
Player 163,24161,Catch and Shoot,Right,3,BallVeloRelease,5.054,6.027,0.972,ankleTotalROMAvg,-26.213,-31.455,-5.243,BallVeloPostHitch,0.031,0.531,0.5,TorsoVeloPostHitch,0.312,0.812,0.5,BallVeloRelease__zwithin,-0.986,-0.486,0.5
Player 163,24163,Catch and Shoot,Right,3,BallVeloRelease,4.878,5.854,0.976,ankleTotalROMAvg,-25.547,-30.656,-5.109,TorsoVeloPostHitch,0.33,0.83,0.5,BallVeloRelease__zwithin,-1.243,-0.743,0.5,maxAnklePlantarflexionNonDominantPostHitch,-1.442,-1.731,-0.288
Player 163,24164,Catch and Shoot,Right,3,BallVeloRelease,5.087,6.027,0.94,BallVeloPostHitch,0.166,0.666,0.5,ankleTotalROMAvg,-28.37,-34.044,-5.674,TorsoVeloPostHitch,0.462,0.884,0.422,KneeTotalROMAvg,38.834,46.6,7.767
Player 163,24165,Catch and Shoot,Right,3,BallVeloRelease,4.769,5.723,0.954,ankleTotalROMAvg,-17.207,-20.648,-3.441,TorsoVeloPostHitch,0.317,0.817,0.5,BallVeloRelease__zwithin,-1.403,-0.903,0.5,maxAnklePlantarflexionNonDominantPostHitch,-1.198,-1.438,-0.24
Player 163,24167,Catch and Shoot,Right,3,BallVeloRelease,4.912,5.894,0.982,TorsoVeloPostHitch,0.457,0.884,0.427,BallVeloRelease__zwithin,-1.194,-0.694,0.5,TorsoVeloRelease__zwithin,-1.772,-1.272,0.5,KneeTotalROMAvg,40.894,49.073,8.179
Player 163,24168,Catch and Shoot,Right,4,BallVeloRelease,5.268,6.027,0.759,KneeTotalROMAvg,41.912,50.295,8.382,TorsoVeloRelease__zwithin,-1.834,-1.334,0.5,maxAnklePlantarflexionNonDominantPostHitch,-6.661,-7.993,-1.332,ankleTotalROMAvg,-32.065,-38.478,-6.413
Player 163,24169,Catch and Shoot,Right,4,BallVeloRelease,5.111,6.027,0.915,ankleTotalROMAvg,-27.273,-32.728,-5.455,KneeTotalROMAvg,41.025,49.23,8.205,maxAnklePlantarflexionNonDominantPostHitch,-4.305,-5.166,-0.861,BallVeloRelease__zwithin,-0.902,-0.402,0.5
Player 163,24170,Catch and Shoot,Right,4,BallVeloRelease,5.093,6.027,0.933,ankleTotalROMAvg,-29.458,-35.349,-5.892,BallVeloRelease__zwithin,-0.929,-0.429,0.5,maxAnklePlantarflexionNonDominantPostHitch,-3.737,-4.485,-0.747,TorsoVeloRelease__zwithin,-1.58,-1.08,0.5
Player 163,24171,Catch and Shoot,Right,3,BallVeloRelease,4.745,5.694,0.949,ankleTotalROMAvg,-29.415,-35.298,-5.883,BallVeloRelease__zwithin,-1.438,-0.938,0.5,TorsoVeloRelease__zwithin,-1.807,-1.307,0.5,maxAnklePlantarflexionNonDominantPostHitch,-1.889,-2.267,-0.378
Player 163,24172,Catch and Shoot,Right,4,BallVeloRelease,5.128,6.027,0.899,BallVeloRelease__zwithin,-0.879,-0.379,0.5,maxAnklePlantarflexionNonDominantPostHitch,-7.322,-8.786,-1.464,TorsoVeloRelease__zwithin,-1.649,-1.149,0.5,timeToMaxTorsoFlexionPostHitch__zwithin,2.025,-0.445,-2.47
Player 163,24173,Catch and Shoot,Right,4,BallVeloRelease,5.251,6.027,0.775,ankleTotalROMAvg,-26.174,-31.409,-5.235,BallVeloPostHitch,0.157,0.657,0.5,KneeTotalROMAvg,32.65,39.18,6.53,maxAnklePlantarflexionNonDominantPostHitch,0.139,0.111,-0.028
Player 163,24174,Catch and Shoot,Right,3,BallVeloRelease,5.093,6.027,0.933,BallVeloPostHitch,-0.009,0.491,0.5,ankleTotalROMAvg,-30.495,-36.594,-6.099,BallVeloRelease__zwithin,-0.929,-0.429,0.5,maxAnklePlantarflexionNonDominantPostHitch,-2.164,-2.597,-0.433
Player 163,24175,Catch and Shoot,Right,3,BallVeloRelease,4.912,5.895,0.982,ankleTotalROMAvg,-24.844,-29.813,-4.969,TorsoVeloPostHitch,0.437,0.884,0.446,BallVeloRelease__zwithin,-1.193,-0.693,0.5,KneeTotalROMAvg,36.234,43.481,7.247
Player 163,24176,Catch and Shoot,Right,3,BallVeloRelease,4.924,5.909,0.985,ankleTotalROMAvg,-28.836,-34.603,-5.767,TorsoVeloRelease__zwithin,-1.903,-1.403,0.5,maxAnklePlantarflexionNonDominantPostHitch,-0.465,-0.558,-0.093,BallVeloRelease__zwithin,-1.176,-0.676,0.5
Player 163,24177,Catch and Shoot,Right,4,BallVeloRelease,4.905,5.886,0.981,maxAnklePlantarflexionNonDominantPostHitch,-3.098,-3.717,-0.62,TorsoVeloRelease__zwithin,-1.696,-1.196,0.5,BallVeloRelease__zwithin,-1.205,-0.705,0.5,maxShoulderFlexionAvgPostHitch,120.228,126.946,6.717
Player 163,24178,Catch and Shoot,Right,3,BallVeloRelease,4.765,5.718,0.953,TorsoVeloPostHitch,0.526,0.884,0.358,BallVeloRelease__zwithin,-1.409,-0.909,0.5,maxAnklePlantarflexionNonDominantPostHitch,-5.619,-6.742,-1.124,ankleTotalROMAvg,-32.059,-38.47,-6.412
Player 163,24179,Catch and Shoot,Right,3,BallVeloRelease,4.951,5.942,0.99,maxAnklePlantarflexionNonDominantPostHitch,-4.612,-5.534,-0.922,BallVeloRelease__zwithin,-1.136,-0.636,0.5,TorsoVeloRelease__zwithin,-1.337,-0.837,0.5,TorsoVeloPostHitch,0.59,0.884,0.294
Player 163,24180,Catch and Shoot,Right,4,BallVeloRelease,5.027,6.027,1.0,ankleTotalROMAvg,-24.691,-29.629,-4.938,BallVeloPostHitch,0.044,0.544,0.5,TorsoVeloPostHitch,0.331,0.831,0.5,maxAnklePlantarflexionNonDominantPostHitch,-2.919,-3.503,-0.584
Player 163,24181,Catch and Shoot,Right,3,BallVeloRelease,4.917,5.901,0.983,BallVeloPostHitch,0.115,0.615,0.5,ankleTotalROMAvg,-26.356,-31.627,-5.271,TorsoVeloPostHitch,0.353,0.853,0.5,BallVeloRelease__zwithin,-1.186,-0.686,0.5
Player 163,24182,Catch and Shoot,Right,4,BallVeloRelease,5.131,6.027,0.896,ankleTotalROMAvg,-25.531,-30.637,-5.106,KneeTotalROMAvg,35.193,42.231,7.039,TorsoVeloPostHitch,0.473,0.884,0.411,BallVeloRelease__zwithin,-0.874,-0.374,0.5
Player 163,24183,Catch and Shoot,Right,3,BallVeloRelease,4.653,5.583,0.931,TorsoVeloPostHitch,0.321,0.821,0.5,ankleTotalROMAvg,-28.686,-34.423,-5.737,BallVeloPostHitch,0.062,0.562,0.5,BallVeloRelease__zwithin,-1.573,-1.073,0.5
Player 163,24184,Off the Dribble,Right,4,BallVeloRelease,5.15,5.588,0.437,ankleTotalROMAvg,-24.957,-29.948,-4.991,BallVeloPostHitch,0.148,0.648,0.5,TorsoVeloPostHitch,0.218,0.718,0.5,KneeTotalROMAvg,28.72,34.464,5.744
Player 163,24185,Catch and Shoot,Right,4,BallVeloRelease,4.995,5.994,0.999,BallVeloPostHitch,0.116,0.616,0.5,TorsoVeloPostHitch,0.319,0.819,0.5,ankleTotalROMAvg,-30.426,-36.511,-6.085,maxAnklePlantarflexionNonDominantPostHitch,-4.354,-5.225,-0.871
Player 163,24186,Catch and Shoot,Right,4,BallVeloRelease,4.949,5.939,0.99,ankleTotalROMAvg,-26.045,-31.254,-5.209,TorsoVeloPostHitch,0.313,0.813,0.5,KneeTotalROMAvg,34.259,41.11,6.852,BallVeloRelease__zwithin,-1.139,-0.639,0.5
Player 163,24187,Catch and Shoot,Right,4,BallVeloRelease,5.094,6.027,0.933,ankleTotalROMAvg,-26.135,-31.362,-5.227,BallVeloPostHitch,0.022,0.522,0.5,TorsoVeloPostHitch,0.292,0.792,0.5,BallVeloRelease__zwithin,-0.928,-0.428,0.5
Player 163,24188,Catch and Shoot,Right,4,BallVeloRelease,4.766,5.719,0.953,ankleTotalROMAvg,-26.163,-31.395,-5.233,TorsoVeloPostHitch,0.354,0.854,0.5,BallVeloRelease__zwithin,-1.408,-0.908,0.5,maxAnklePlantarflexionNonDominantPostHitch,-0.363,-0.436,-0.073
Player 163,24189,Catch and Shoot,Right,3,BallVeloRelease,4.928,5.914,0.986,ankleTotalROMAvg,-23.291,-27.949,-4.658,TorsoVeloPostHitch,0.336,0.836,0.5,BallVeloRelease__zwithin,-1.17,-0.67,0.5,TorsoVeloRelease__zwithin,-1.653,-1.153,0.5
Player 163,24190,Catch and Shoot,Right,3,BallVeloRelease,4.821,5.785,0.964,BallVeloPostHitch,0.146,0.646,0.5,ankleTotalROMAvg,-27.956,-33.547,-5.591,TorsoVeloPostHitch,0.292,0.792,0.5,BallVeloRelease__zwithin,-1.327,-0.827,0.5
Player 163,24191,Catch and Shoot,Right,4,BallVeloRelease,5.147,6.027,0.879,BallVeloPostHitch,0.106,0.606,0.5,ankleTotalROMAvg,-27.706,-33.248,-5.541,TorsoVeloPostHitch,0.421,0.884,0.463,maxAnklePlantarflexionNonDominantPostHitch,-3.895,-4.674,-0.779
Player 163,24192,Catch and Shoot,Right,3,BallVeloRelease,4.942,5.93,0.988,ankleTotalROMAvg,-25.974,-31.169,-5.195,TorsoVeloPostHitch,0.382,0.882,0.5,BallVeloRelease__zwithin,-1.15,-0.65,0.5,KneeTotalROMAvg,34.696,41.635,6.939
Player 163,24193,Catch and Shoot,Right,3,BallVeloRelease,4.897,5.877,0.979,TorsoVeloPostHitch,0.573,0.884,0.311,maxAnklePlantarflexionNonDominantPostHitch,-7.02,-8.424,-1.404,BallVeloRelease__zwithin,-1.215,-0.715,0.5,TorsoVeloRelease__zwithin,-1.612,-1.112,0.5
Player 163,24194,Catch and Shoot,Right,3,BallVeloRelease,4.771,5.726,0.954,ankleTotalROMAvg,-29.994,-35.993,-5.999,TorsoVeloPostHitch,0.394,0.884,0.49,BallVeloRelease__zwithin,-1.399,-0.899,0.5,maxAnklePlantarflexionNonDominantPostHitch,-4.635,-5.561,-0.927
Player 163,24195,Catch and Shoot,Right,4,BallVeloRelease,5.045,6.027,0.981,ankleTotalROMAvg,-30.033,-36.04,-6.007,TorsoVeloPostHitch,0.524,0.884,0.36,maxAnklePlantarflexionNonDominantPostHitch,-3.341,-4.009,-0.668,KneeTotalROMAvg,37.878,45.453,7.576
Player 163,24196,Catch and Shoot,Right,3,BallVeloRelease,4.679,5.615,0.936,TorsoVeloPostHitch,0.528,0.884,0.356,BallVeloRelease__zwithin,-1.534,-1.034,0.5,TorsoVeloRelease__zwithin,-1.991,-1.491,0.5,maxAnklePlantarflexionNonDominantPostHitch,-2.83,-3.396,-0.566
Player 163,24197,Off the Dribble,Right,4,BallVeloRelease,5.101,5.588,0.486,ankleTotalROMAvg,-28.842,-34.611,-5.768,KneeTotalROMAvg,37.34,44.808,7.468,BallVeloRelease__zwithin,-0.917,-0.417,0.5,maxAnklePlantarflexionNonDominantPostHitch,-3.202,-3.842,-0.64
Player 163,24198,Catch and Shoot,Right,4,BallVeloRelease,5.124,6.027,0.902,BallVeloRelease__zwithin,-0.884,-0.384,0.5,maxAnklePlantarflexionNonDominantPostHitch,-1.81,-2.172,-0.362,ankleTotalROMAvg,-30.793,-36.952,-6.159,TorsoVeloRelease__zwithin,-1.342,-0.842,0.5
Player 163,24199,Catch and Shoot,Right,4,BallVeloRelease,5.155,6.027,0.871,ankleTotalROMAvg,-29.481,-35.377,-5.896,KneeTotalROMAvg,40.307,48.369,8.061,maxAnklePlantarflexionNonDominantPostHitch,-3.508,-4.21,-0.702,BallVeloRelease__zwithin,-0.838,-0.338,0.5
Player 163,24200,Catch and Shoot,Right,4,BallVeloRelease,4.939,5.927,0.988,TorsoVeloPostHitch,0.485,0.884,0.399,maxAnklePlantarflexionNonDominantPostHitch,-3.422,-4.107,-0.684,BallVeloRelease__zwithin,-1.154,-0.654,0.5,maxShoulderFlexionAvgPostHitch,121.481,126.946,5.465
Player 163,24201,Catch and Shoot,Right,4,BallVeloRelease,5.316,6.027,0.71,ankleTotalROMAvg,-26.422,-31.707,-5.284,KneeTotalROMAvg,41.895,50.274,8.379,maxAnklePlantarflexionNonDominantPostHitch,-1.496,-1.795,-0.299,TorsoVeloRelease__zwithin,-1.737,-1.237,0.5
Player 163,24202,Catch and Shoot,Right,3,BallVeloRelease,4.945,5.934,0.989,ankleTotalROMAvg,-29.18,-35.016,-5.836,TorsoVeloPostHitch,0.436,0.884,0.447,KneeTotalROMAvg,32.831,39.398,6.566,maxAnklePlantarflexionNonDominantPostHitch,-5.189,-6.227,-1.038
Player 163,24203,Catch and Shoot,Right,3,BallVeloRelease,4.781,5.737,0.956,BallVeloRelease__zwithin,-1.386,-0.886,0.5,maxAnklePlantarflexionNonDominantPostHitch,-4.241,-5.09,-0.848,TorsoVeloRelease__zwithin,-1.868,-1.368,0.5,ankleTotalROMAvg,-31.738,-38.086,-6.348
Player 163,24204,Catch and Shoot,Right,4,BallVeloRelease,5.09,6.027,0.937,ankleTotalROMAvg,-30.568,-36.681,-6.114,TorsoVeloPostHitch,0.446,0.884,0.438,maxAnklePlantarflexionNonDominantPostHitch,-3.276,-3.931,-0.655,BallVeloRelease__zwithin,-0.934,-0.434,0.5
Player 163,24205,Catch and Shoot,Right,3,BallVeloRelease,5.131,6.027,0.896,ankleTotalROMAvg,-28.59,-34.308,-5.718,KneeTotalROMAvg,32.68,39.216,6.536,TorsoVeloPostHitch,0.395,0.884,0.489,maxAnklePlantarflexionNonDominantPostHitch,-2.462,-2.955,-0.492
Player 163,24206,Catch and Shoot,Right,4,BallVeloRelease,5.245,6.027,0.782,ankleTotalROMAvg,-29.33,-35.196,-5.866,maxAnklePlantarflexionNonDominantPostHitch,-1.895,-2.275,-0.379,TorsoVeloPostHitch,0.436,0.884,0.448,TorsoVeloRelease__zwithin,-1.512,-1.012,0.5
Player 163,24207,Catch and Shoot,Right,3,BallVeloRelease,4.943,5.931,0.989,ankleTotalROMAvg,-25.988,-31.185,-5.198,TorsoVeloPostHitch,0.432,0.884,0.452,maxAnklePlantarflexionNonDominantPostHitch,-0.731,-0.878,-0.146,BallVeloRelease__zwithin,-1.149,-0.649,0.5
Player 163,24208,Catch and Shoot,Right,4,BallVeloRelease,5.087,6.027,0.94,ankleTotalROMAvg,-25.912,-31.095,-5.182,TorsoVeloPostHitch,0.47,0.884,0.414,KneeTotalROMAvg,38.219,45.863,7.644,maxAnklePlantarflexionNonDominantPostHitch,2.6,2.08,-0.52
Player 163,24209,Off the Dribble,Right,3,BallVeloRelease,4.905,5.588,0.682,ankleTotalROMAvg,-25.279,-30.335,-5.056,TorsoVeloPostHitch,0.345,0.772,0.426,BallVeloRelease__zwithin,-1.204,-0.704,0.5,KneeTotalROMAvg,34.177,41.012,6.835
Player 163,24210,Catch and Shoot,Right,3,BallVeloRelease,4.865,5.838,0.973,ankleTotalROMAvg,-30.183,-36.219,-6.037,BallVeloRelease__zwithin,-1.262,-0.762,0.5,TorsoVeloRelease__zwithin,-1.687,-1.187,0.5,maxAnklePlantarflexionNonDominantPostHitch,-3.298,-3.957,-0.66
Player 163,24211,Catch and Shoot,Right,3,BallVeloRelease,5.07,6.027,0.957,ankleTotalROMAvg,-23.684,-28.421,-4.737,TorsoVeloPostHitch,0.377,0.877,0.5,maxAnklePlantarflexionNonDominantPostHitch,1.644,1.315,-0.329,BallVeloRelease__zwithin,-0.963,-0.463,0.5
Player 163,24212,Catch and Shoot,Right,3,BallVeloRelease,4.889,5.866,0.978,TorsoVeloPostHitch,0.409,0.884,0.475,BallVeloRelease__zwithin,-1.228,-0.728,0.5,KneeTotalROMAvg,39.097,46.917,7.819,maxAnklePlantarflexionNonDominantPostHitch,-3.408,-4.089,-0.682
Player 163,24213,Catch and Shoot,Right,4,BallVeloRelease,5.17,6.027,0.857,ankleTotalROMAvg,-27.899,-33.479,-5.58,TorsoVeloPostHitch,0.503,0.884,0.381,maxAnklePlantarflexionNonDominantPostHitch,-3.544,-4.253,-0.709,TorsoVeloRelease__zwithin,-1.595,-1.095,0.5
Player 163,24214,Catch and Shoot,Right,4,BallVeloRelease,5.192,6.027,0.835,ankleTotalROMAvg,-28.014,-33.617,-5.603,KneeTotalROMAvg,38.166,45.799,7.633,maxAnklePlantarflexionNonDominantPostHitch,-2.481,-2.977,-0.496,TorsoVeloRelease__zwithin,-1.706,-1.206,0.5
Player 163,24215,Catch and Shoot,Right,4,BallVeloRelease,5.061,6.027,0.966,TorsoVeloPostHitch,0.342,0.842,0.5,ankleTotalROMAvg,-29.136,-34.963,-5.827,BallVeloRelease__zwithin,-0.976,-0.476,0.5,TorsoVeloRelease__zwithin,-1.317,-0.817,0.5
Player 163,24216,Catch and Shoot,Right,4,BallVeloRelease,5.195,6.027,0.831,KneeTotalROMAvg,39.67,47.604,7.934,ankleTotalROMAvg,-33.277,-39.932,-6.655,maxAnklePlantarflexionNonDominantPostHitch,-6.936,-8.323,-1.387,TorsoVeloPostHitch,0.484,0.884,0.4
Player 163,24217,Catch and Shoot,Right,4,BallVeloRelease,5.112,6.027,0.914,BallVeloRelease__zwithin,-0.901,-0.401,0.5,maxAnklePlantarflexionNonDominantPostHitch,-1.79,-2.148,-0.358,TorsoVeloPostHitch,0.578,0.884,0.305,ankleTotalROMAvg,-32.482,-38.978,-6.496
Player 163,24218,Catch and Shoot,Right,4,BallVeloRelease,5.221,6.027,0.806,ankleTotalROMAvg,-29.833,-35.8,-5.967,maxAnklePlantarflexionNonDominantPostHitch,-2.923,-3.507,-0.585,TorsoVeloRelease__zwithin,-1.562,-1.062,0.5,TorsoVeloPostHitch,0.465,0.884,0.419
Player 163,24219,Catch and Shoot,Right,4,BallVeloRelease,5.062,6.027,0.965,maxAnklePlantarflexionNonDominantPostHitch,-2.93,-3.516,-0.586,BallVeloRelease__zwithin,-0.975,-0.475,0.5,TorsoVeloRelease__zwithin,-1.716,-1.216,0.5,TorsoVeloPostHitch,0.627,0.884,0.256
Player 163,24220,Catch and Shoot,Right,4,BallVeloRelease,4.827,5.792,0.965,ankleTotalROMAvg,-25.189,-30.227,-5.038,TorsoVeloPostHitch,0.272,0.772,0.5,BallVeloRelease__zwithin,-1.318,-0.818,0.5,TorsoVeloRelease__zwithin,-2.249,-1.749,0.5
Player 163,24221,Catch and Shoot,Right,3,BallVeloRelease,4.92,5.904,0.984,ankleTotalROMAvg,-29.506,-35.407,-5.901,TorsoVeloPostHitch,0.502,0.884,0.382,KneeTotalROMAvg,40.311,48.373,8.062,BallVeloRelease__zwithin,-1.182,-0.682,0.5
Player 163,24222,Catch and Shoot,Right,4,BallVeloRelease,5.22,6.027,0.807,maxAnklePlantarflexionNonDominantPostHitch,-6.429,-7.715,-1.286,TorsoVeloRelease__zwithin,-1.545,-1.045,0.5,BallVeloRelease__zwithin,-0.744,-0.244,0.5,maxShoulderFlexionAvgPostHitch,119.537,126.946,7.408
Player 163,24223,Catch and Shoot,Right,3,BallVeloRelease,4.984,5.981,0.997,ankleTotalROMAvg,-30.462,-36.554,-6.092,maxAnklePlantarflexionNonDominantPostHitch,-4.087,-4.905,-0.817,TorsoVeloRelease__zwithin,-1.83,-1.33,0.5,BallVeloRelease__zwithin,-1.089,-0.589,0.5
Player 163,24224,Catch and Shoot,Right,3,BallVeloRelease,4.83,5.796,0.966,TorsoVeloRelease__zwithin,-1.728,-1.228,0.5,maxAnklePlantarflexionNonDominantPostHitch,-7.867,-9.441,-1.573,BallVeloRelease__zwithin,-1.313,-0.813,0.5,maxShoulderFlexionAvgPostHitch,119.991,126.946,6.955
Player 163,24225,Catch and Shoot,Right,3,BallVeloRelease,4.931,5.917,0.986,TorsoVeloPostHitch,0.549,0.884,0.335,maxAnklePlantarflexionNonDominantPostHitch,-1.866,-2.24,-0.373,BallVeloRelease__zwithin,-1.167,-0.667,0.5,ankleTotalROMAvg,-32.08,-38.496,-6.416
Player 163,24226,Catch and Shoot,Right,3,BallVeloRelease,5.067,6.027,0.959,maxAnklePlantarflexionNonDominantPostHitch,-5.954,-7.145,-1.191,BallVeloRelease__zwithin,-0.967,-0.467,0.5,ankleTotalROMAvg,-32.713,-39.256,-6.543,maxAnklePlantarflexionDomDiffPostHitch,-3.118,-2.495,0.624
Player 163,24227,Catch and Shoot,Right,3,BallVeloRelease,4.843,5.811,0.969,maxAnklePlantarflexionNonDominantPostHitch,-5.892,-7.07,-1.178,BallVeloRelease__zwithin,-1.295,-0.795,0.5,ankleTotalROMAvg,-33.671,-40.405,-6.734,TorsoVeloRelease__zwithin,-1.654,-1.154,0.5
Player 163,24228,Catch and Shoot,Right,4,BallVeloRelease,5.044,6.027,0.983,maxAnklePlantarflexionNonDominantPostHitch,-7.963,-9.555,-1.593,TorsoVeloRelease__zwithin,-1.304,-0.804,0.5,ankleTotalROMAvg,-35.814,-42.977,-7.163,BallVeloRelease__zwithin,-1.001,-0.501,0.5
Player 163,24229,Catch and Shoot,Right,3,BallVeloRelease,4.863,5.835,0.973,TorsoVeloPostHitch,0.557,0.884,0.326,maxAnklePlantarflexionNonDominantPostHitch,-8.849,-10.619,-1.77,BallVeloRelease__zwithin,-1.266,-0.766,0.5,maxShoulderFlexionAvgPostHitch,119.258,126.946,7.687
Player 163,24230,Catch and Shoot,Right,4,BallVeloRelease,5.191,6.027,0.835,BallVeloPostHitch,0.177,0.677,0.5,maxAnklePlantarflexionNonDominantPostHitch,-5.96,-7.153,-1.192,BallVeloRelease__zwithin,-0.785,-0.285,0.5,ankleTotalROMAvg,-36.334,-43.601,-7.267
Player 163,24231,Catch and Shoot,Right,4,BallVeloRelease,5.035,6.027,0.992,TorsoVeloPostHitch,0.359,0.859,0.5,ankleTotalROMAvg,-29.321,-35.186,-5.864,KneeTotalROMAvg,31.136,37.363,6.227,maxAnklePlantarflexionNonDominantPostHitch,-2.767,-3.321,-0.553
Player 163,24232,Off the Dribble,Right,4,BallVeloRelease,5.058,5.588,0.53,ankleTotalROMAvg,-29.565,-35.478,-5.913,TorsoVeloPostHitch,0.542,0.772,0.23,TorsoVeloRelease__zwithin,-1.655,-1.155,0.5,KneeTotalROMAvg,37.337,44.804,7.467
Player 163,24233,Catch and Shoot,Right,4,BallVeloRelease,5.059,6.027,0.968,ankleTotalROMAvg,-25.62,-30.744,-5.124,TorsoVeloPostHitch,0.466,0.884,0.418,KneeTotalROMAvg,36.725,44.07,7.345,BallVeloRelease__zwithin,-0.979,-0.479,0.5
Player 163,24234,Off the Dribble,Right,4,BallVeloRelease,5.879,5.588,-0.291,ShoulderAlignmentRelease__zwithin,-1.42,-1.136,0.284,BallVeloRelease__zwithin,0.22,-0.206,-0.426,maxShoulderFlexionAvgPostHitch,126.358,125.299,-1.058,maxKneeExtensionDomDiffHitch,-10.457,-3.378,7.078
Player 163,24236,Off the Dribble,Right,4,BallVeloRelease,5.67,5.588,-0.082,ShoulderAlignmentRelease__zwithin,-1.512,-1.21,0.302,BallVeloRelease__zwithin,-0.085,-0.206,-0.121,maxHipFlexionNonDominantPreHitch,48.263,42.769,-5.494,maxKneeExtensionDomDiffHitch,-8.92,-3.378,5.542
Player 163,24238,Off the Dribble,Right,4,BallVeloRelease,5.714,5.588,-0.126,BallVeloRelease__zwithin,-0.021,-0.206,-0.185,ShoulderAlignmentRelease__zwithin,-1.573,-1.259,0.315,HipAlignmentPostHitch__zwithin,-1.608,-1.286,0.322,maxKneeExtensionDomDiffHitch,-10.271,-3.378,6.893
Player 163,24267,Off the Dribble,Right,4,BallVeloRelease,5.6,5.588,-0.013,HipAlignmentPreHitch__zwithin,1.807,1.446,-0.361,HipAlignmentRelease__zwithin,1.647,1.317,-0.329,HipAlignmentPostHitch__zwithin,1.794,1.435,-0.359,BallVeloRelease__zwithin,-0.187,-0.206,-0.019
Player 163,24291,Catch and Shoot,Right,4,BallVeloRelease,5.847,6.027,0.179,BallVeloRelease__zwithin,0.174,0.436,0.262,maxKneeExtensionAvgPostHitch,-20.722,-16.009,4.713,MaxStanceGapHitch,0.398,0.454,0.056,maxElbowExtensionAvgPostHitch,23.891,34.871,10.981
Player 163,24304,Off the Dribble,Right,4,BallVeloRelease,5.952,5.588,-0.364,ShoulderAlignmentRelease__zwithin,-1.502,-1.201,0.3,maxHipFlexionDominantPostHitch,36.331,24.331,-12.0,maxShoulderFlexionAvgPostHitch,127.556,125.299,-2.257,maxAnklePlantarflexionDomDiffHitch__zwithin,-1.372,-1.098,0.274
Player 163,24305,Off the Dribble,Right,4,BallVeloRelease,5.869,5.588,-0.282,BallVeloRelease__zwithin,0.206,-0.206,-0.412,ShoulderAlignmentRelease__zwithin,-1.508,-1.207,0.302,maxKneeExtensionDomDiffHitch,-9.889,-3.378,6.511,maxElbowExtensionDominantPreHitch,115.443,103.443,-12.0
Player 163,24306,Off the Dribble,Right,4,BallVeloRelease,5.958,5.588,-0.371,maxShoulderFlexionNonDominantPostHitch,121.723,122.925,1.202,maxHipFlexionDominantPostHitch,37.565,25.565,-12.0,ShoulderAlignmentRelease__zwithin,-1.524,-1.219,0.305,maxShoulderFlexionAvgPostHitch,127.428,125.299,-2.129
Player 163,24307,Off the Dribble,Right,3,BallVeloRelease,4.76,5.588,0.828,ankleTotalROMAvg,-15.743,-18.892,-3.149,TorsoVeloPostHitch,0.125,0.625,0.5,BallVeloRelease__zwithin,-1.417,-0.917,0.5,KneeTotalROMAvg,6.308,7.569,1.262
Player 163,24308,Off the Dribble,Right,3,BallVeloRelease,4.369,5.243,0.874,BallVeloRelease__zwithin,-1.988,-1.488,0.5,maxKneeFlexionDominantPreHitch,-45.243,-57.243,-12.0,Max.Ball.Released..Away.from.body.,0.353,0.424,0.071,maxElbowExtensionDomDiffPostHitch,-51.457,-39.457,12.0
Player 163,24309,Off the Dribble,Right,4,BallVeloRelease,4.975,5.588,0.613,TorsoVeloPostHitch,0.358,0.772,0.413,ankleTotalROMAvg,-29.067,-34.88,-5.813,KneeTotalROMAvg,21.178,25.414,4.236,maxAnklePlantarflexionNonDominantPostHitch,-5.591,-6.71,-1.118
Player 163,24310,Off the Dribble,Right,4,BallVeloRelease,5.184,5.588,0.404,BallVeloPostHitch,0.118,0.618,0.5,ankleTotalROMAvg,-29.6,-35.52,-5.92,KneeTotalROMAvg,27.77,33.324,5.554,maxAnklePlantarflexionNonDominantPostHitch,-6.463,-7.756,-1.293
Player 163,24311,Off the Dribble,Right,4,BallVeloRelease,5.678,5.588,-0.091,HipAlignmentRelease__zwithin,1.686,1.349,-0.337,HipAlignmentPreHitch__zwithin,1.804,1.444,-0.361,BallVeloStart__zwithin,-1.033,-0.533,0.5,BallVeloRelease__zwithin,-0.073,-0.206,-0.133
Player 163,24312,Off the Dribble,Right,4,BallVeloRelease,5.785,5.588,-0.197,HipAlignmentRelease__zwithin,1.662,1.329,-0.332,HipAlignmentPreHitch__zwithin,1.659,1.327,-0.332,maxKneeExtensionAvgPostHitch,-20.357,-14.28,6.077,HipAlignmentPostHitch__zwithin,1.736,1.389,-0.347
Player 163,24313,Off the Dribble,Right,4,HipAlignmentPreHitch__zwithin,1.727,1.381,-0.345,TorsoVeloPostHitch,0.323,0.772,0.448,HipAlignmentRelease__zwithin,1.692,1.353,-0.338,ShoulderAlignmentPostHitch__zwithin,1.921,1.537,-0.384,HipAlignmentPostHitch__zwithin,1.749,1.4,-0.35
Player 163,24314,Off the Dribble,Right,4,HipAlignmentPreHitch__zwithin,1.79,1.432,-0.358,HipAlignmentPostHitch__zwithin,1.804,1.443,-0.361,HipAlignmentRelease__zwithin,1.637,1.309,-0.327,maxAnklePlantarflexionDomDiffPostHitch,-7.351,-5.881,1.47,ShoulderAlignmentPostHitch__zwithin,2.024,1.619,-0.405
Player 163,24315,Off the Dribble,Right,4,BallVeloRelease,5.357,5.588,0.231,BallVeloRelease__zwithin,-0.543,-0.206,0.337,maxShoulderFlexionAvgPostHitch,122.866,125.299,2.433,maxShoulderFlexionNonDominantPostHitch,118.962,122.925,3.963,ShoulderAlignmentRelease__zwithin,-1.462,-1.169,0.292
Player 163,24316,Off the Dribble,Right,4,maxShoulderFlexionAvgPostHitch,123.884,125.299,1.415,maxKneeFlexionDominantPreHitch,-52.903,-59.157,-6.254,ShoulderAlignmentRelease__zwithin,-1.445,-1.156,0.289,maxShoulderFlexionNonDominantPostHitch,117.41,122.925,5.514,HipAlignmentPostHitch__zwithin,-1.531,-1.225,0.306
Player 163,24317,Off the Dribble,Right,4,BallVeloRelease,5.371,5.588,0.216,BallVeloRelease__zwithin,-0.522,-0.206,0.316,maxShoulderFlexionNonDominantPostHitch,118.935,122.925,3.99,maxShoulderFlexionAvgPostHitch,121.512,125.299,3.787,ShoulderAlignmentRelease__zwithin,-1.569,-1.256,0.314
Player 163,24318,Off the Dribble,Right,4,BallVeloRelease,5.81,5.588,-0.223,BallVeloRelease__zwithin,0.12,-0.206,-0.326,ShoulderAlignmentRelease__zwithin,-1.54,-1.232,0.308,HipAlignmentPostHitch__zwithin,-1.57,-1.256,0.314,maxShoulderFlexionAvgPostHitch,127.661,125.299,-2.362
Player 163,24321,Catch and Shoot,Right,4,HipAlignmentPreHitch__zwithin,1.175,0.94,-0.235,HipAlignmentPostHitch__zwithin,1.059,0.847,-0.212,HipAlignmentRelease__zwithin,1.01,0.808,-0.202,ShoulderAlignmentPostHitch__zwithin,0.881,0.705,-0.176,maxKneeExtensionAvgPostHitch,-22.149,-16.009,6.14
Player 163,24331,Off the Dribble,Right,4,HipAlignmentPreHitch__zwithin,1.485,1.188,-0.297,HipAlignmentPostHitch__zwithin,1.561,1.249,-0.312,HipAlignmentRelease__zwithin,1.472,1.177,-0.294,ShoulderAlignmentPostHitch__zwithin,1.449,1.159,-0.29,KneeTotalROMAvg,45.372,47.968,2.596
Player 163,24332,Off the Dribble,Right,4,BallVeloRelease,5.85,5.588,-0.262,HipAlignmentPreHitch__zwithin,1.48,1.184,-0.296,HipAlignmentRelease__zwithin,1.341,1.073,-0.268,HipAlignmentPostHitch__zwithin,1.488,1.191,-0.298,BallVeloRelease__zwithin,0.177,-0.206,-0.383
Player 163,24335,Off the Dribble,Right,4,HipAlignmentPreHitch__zwithin,1.502,1.202,-0.3,HipAlignmentRelease__zwithin,1.441,1.153,-0.288,HipAlignmentPostHitch__zwithin,1.519,1.216,-0.304,BallVeloRelease,5.96,5.588,-0.373,ShoulderAlignmentPostHitch__zwithin,1.527,1.221,-0.305
Player 163,24346,Catch and Shoot,Right,4,BallVeloRelease,5.787,6.027,0.24,BallVeloRelease__zwithin,0.086,0.436,0.35,MaxStanceGapHitch,0.402,0.454,0.051,maxShoulderFlexionAvgPostHitch,124.96,126.946,1.986,maxAnklePlantarflexionAvgPreHitch,16.879,17.758,0.878
Player 163,24352,Catch and Shoot,Right,3,BallVeloRelease,5.14,6.027,0.887,ankleTotalROMAvg,-24.04,-28.848,-4.808,ElbowFlexionAtT0Dominant,56.913,68.914,12.0,TorsoVeloPostHitch,0.04,0.54,0.5,maxShoulderFlexionNonDominantPreHitch,-0.843,11.157,12.0
Player 163,24353,Off the Dribble,Right,3,BallVeloRelease,5.033,5.588,0.554,BallVeloPostHitch,0.127,0.627,0.5,TorsoVeloPostHitch,0.399,0.772,0.373,KneeTotalROMAvg,22.287,26.744,4.457,maxAnklePlantarflexionNonDominantPostHitch,-3.208,-3.849,-0.642
Player 163,24354,Off the Dribble,Right,3,BallVeloRelease,5.242,5.588,0.345,ankleTotalROMAvg,-30.739,-36.887,-6.148,KneeTotalROMAvg,20.386,24.463,4.077,maxAnklePlantarflexionNonDominantPostHitch,-6.594,-7.913,-1.319,TorsoVeloPostHitch,0.403,0.772,0.368
Player 163,24355,Off the Dribble,Right,3,BallVeloRelease,4.908,5.588,0.679,TorsoVeloPostHitch,0.292,0.772,0.48,ankleTotalROMAvg,-27.173,-32.608,-5.435,BallVeloRelease__zwithin,-1.2,-0.7,0.5,KneeTotalROMAvg,23.584,28.3,4.717
Player 163,24356,Catch and Shoot,Right,3,BallVeloRelease,4.693,5.631,0.939,TorsoVeloPostHitch,0.213,0.713,0.5,ankleTotalROMAvg,-27.612,-33.134,-5.522,timeToMaxAnkleDorsiflexionDomDiffHitch,0.159,0.127,-0.032,BallVeloRelease__zwithin,-1.515,-1.015,0.5
Player 163,24357,Catch and Shoot,Right,3,BallVeloRelease,4.539,5.446,0.908,ankleTotalROMAvg,-22.718,-27.262,-4.544,BallVeloPostHitch,0.057,0.557,0.5,TorsoVeloPostHitch,0.244,0.744,0.5,BallVeloRelease__zwithin,-1.74,-1.24,0.5
Player 163,24358,Catch and Shoot,Right,3,BallVeloRelease,4.689,5.627,0.938,BallVeloPostHitch,0.101,0.601,0.5,TorsoVeloPostHitch,0.226,0.726,0.5,ankleTotalROMAvg,-26.396,-31.676,-5.279,BallVeloRelease__zwithin,-1.52,-1.02,0.5
Player 163,24359,Catch and Shoot,Right,3,BallVeloRelease,4.685,5.622,0.937,ankleTotalROMAvg,-21.738,-26.086,-4.348,TorsoVeloPostHitch,0.167,0.667,0.5,BallVeloRelease__zwithin,-1.526,-1.026,0.5,TorsoVeloRelease__zwithin,-1.282,-0.782,0.5
Player 163,24360,Catch and Shoot,Right,3,BallVeloRelease,4.776,5.731,0.955,ankleTotalROMAvg,-23.427,-28.112,-4.685,TorsoVeloPostHitch,0.255,0.755,0.5,BallVeloRelease__zwithin,-1.392,-0.892,0.5,maxAnklePlantarflexionNonDominantPostHitch,-4.322,-5.186,-0.864
Player 163,24361,Catch and Shoot,Right,3,BallVeloRelease,4.551,5.461,0.91,ankleTotalROMAvg,-23.799,-28.558,-4.76,TorsoVeloPostHitch,0.193,0.693,0.5,BallVeloRelease__zwithin,-1.722,-1.222,0.5,maxAnklePlantarflexionNonDominantPostHitch,-3.743,-4.491,-0.749
Player 163,24362,Catch and Shoot,Right,3,BallVeloRelease,4.706,5.647,0.941,ankleTotalROMAvg,-23.883,-28.66,-4.777,BallVeloPostHitch,-0.024,0.476,0.5,TorsoVeloPostHitch,0.21,0.71,0.5,BallVeloRelease__zwithin,-1.496,-0.996,0.5
Player 163,24363,Catch and Shoot,Right,3,BallVeloRelease,4.655,5.586,0.931,ankleTotalROMAvg,-22.743,-27.291,-4.549,BallVeloPostHitch,0.173,0.674,0.5,TorsoVeloPostHitch,0.322,0.822,0.5,BallVeloRelease__zwithin,-1.57,-1.07,0.5
Player 163,24368,Catch and Shoot,Right,4,BallVeloRelease,5.732,6.027,0.295,KneeTotalROMAvg,44.657,51.313,6.656,BallVeloRelease__zwithin,0.005,0.436,0.431,HipAlignmentRelease__zwithin,0.107,0.085,-0.021,maxAnklePlantarflexionNonDominantPostHitch,-15.113,-18.135,-3.023
Player 163,24369,Off the Dribble,Right,4,KneeTotalROMAvg,37.585,45.102,7.517,BallVeloRelease,5.776,5.588,-0.189,maxAnklePlantarflexionNonDominantPostHitch,-10.667,-12.801,-2.133,ankleTotalROMAvg,-38.92,-46.704,-7.784,BallVeloRelease__zwithin,0.07,-0.206,-0.276
Player 163,24370,Off the Dribble,Right,4,BallVeloPostHitch,0.169,0.669,0.5,BallVeloRelease,5.695,5.588,-0.107,KneeTotalROMAvg,40.113,47.968,7.855,HipAlignmentRelease__zwithin,0.015,0.018,0.003,BallVeloRelease__zwithin,-0.049,-0.206,-0.157
Player 163,24371,Catch and Shoot,Right,4,BallVeloRelease,5.288,6.027,0.738,KneeTotalROMAvg,35.662,42.795,7.132,maxAnklePlantarflexionNonDominantPostHitch,-8.969,-10.763,-1.794,TorsoVeloPostHitch,0.51,0.884,0.374,BallVeloRelease__zwithin,-0.644,-0.144,0.5
Player 163,24372,Catch and Shoot,Right,4,BallVeloRelease,5.544,6.027,0.483,KneeTotalROMAvg,36.607,43.928,7.321,TorsoVeloPostHitch,0.505,0.884,0.379,maxAnklePlantarflexionNonDominantPostHitch,-11.029,-13.234,-2.206,BallVeloRelease__zwithin,-0.27,0.23,0.5
Player 163,24373,Off the Dribble,Right,4,BallVeloRelease,5.301,5.588,0.287,TorsoVeloPostHitch,0.49,0.772,0.282,KneeTotalROMAvg,43.652,47.968,4.316,BallVeloRelease__zwithin,-0.625,-0.206,0.419,ankleTotalROMAvg,-37.009,-44.41,-7.402
Player 163,24374,Off the Dribble,Right,4,BallVeloRelease,5.383,5.588,0.204,KneeTotalROMAvg,42.438,47.968,5.53,BallVeloRelease__zwithin,-0.505,-0.206,0.299,maxAnklePlantarflexionNonDominantPostHitch,-11.68,-14.016,-2.336,maxShoulderFlexionAvgPostHitch,121.524,125.299,3.775
Player 163,24375,Off the Dribble,Right,4,HipAlignmentPostHitch__zwithin,2.009,1.607,-0.402,ShoulderAlignmentPostHitch__zwithin,1.823,1.459,-0.365,maxTorsoExtensionPreHitch,-11.3,-4.018,7.281,HipAlignmentPreHitch__zwithin,1.738,1.391,-0.348,FeetAlignmentRelease,-171.02,-136.816,34.204
Player 163,24376,Catch and Shoot,Right,4,BallVeloRelease,5.929,6.027,0.097,HipAlignmentPreHitch__zwithin,1.892,1.513,-0.378,HipAlignmentRelease__zwithin,1.752,1.402,-0.35,ShoulderAlignmentPostHitch__zwithin,1.915,1.532,-0.383,HipAlignmentPostHitch__zwithin,1.774,1.419,-0.355
Player 163,24377,Off the Dribble,Right,4,HipAlignmentPreHitch__zwithin,1.644,1.315,-0.329,HipAlignmentRelease__zwithin,1.719,1.376,-0.344,BallVeloRelease,6.001,5.588,-0.413,HipAlignmentPostHitch__zwithin,1.727,1.382,-0.345,ShoulderAlignmentPostHitch__zwithin,1.938,1.55,-0.388
Player 163,24379,Off the Dribble,Right,4,HipAlignmentPreHitch__zwithin,1.8,1.44,-0.36,BallVeloRelease,6.01,5.588,-0.423,HipAlignmentRelease__zwithin,1.767,1.413,-0.353,HipAlignmentPostHitch__zwithin,1.697,1.358,-0.339,ShoulderAlignmentRelease__zwithin,1.958,1.567,-0.392
Player 163,24380,Off the Dribble,Right,4,BallVeloRelease,5.49,5.588,0.098,BallVeloRelease__zwithin,-0.349,-0.206,0.143,maxShoulderFlexionNonDominantPostHitch,119.556,122.925,3.369,ShoulderAlignmentRelease__zwithin,-1.53,-1.224,0.306,maxHipFlexionDominantPostHitch,35.549,23.604,-11.945
Player 163,24381,Catch and Shoot,Right,4,BallVeloRelease,5.584,6.027,0.443,BallVeloRelease__zwithin,-0.212,0.288,0.5,KneeTotalROMAvg,45.008,51.313,6.305,ShoulderAlignmentRelease__zwithin,-1.557,-1.246,0.311,maxKneeExtensionAvgPostHitch,-22.275,-16.009,6.266
Player 163,24382,Off the Dribble,Right,4,BallVeloRelease,5.638,5.588,-0.051,maxShoulderFlexionNonDominantPostHitch,117.439,122.925,5.486,BallVeloRelease__zwithin,-0.131,-0.206,-0.075,ShoulderAlignmentRelease__zwithin,-1.509,-1.208,0.302,maxShoulderFlexionAvgPostHitch,123.812,125.299,1.487
Player 163,24383,Catch and Shoot,Right,4,BallVeloRelease,5.567,6.027,0.46,timeToMaxAnkleDorsiflexionDomDiffPreHitch__zwithin,-3.289,-2.631,0.658,BallVeloRelease__zwithin,-0.236,0.264,0.5,ShoulderAlignmentRelease__zwithin,-1.478,-1.183,0.296,timeToMaxShoulderExtensionNonDominantPreHitch,0.1,0.0,-0.1
Player 163,24384,Off the Dribble,Right,4,maxShoulderFlexionNonDominantPostHitch,121.564,122.925,1.361,ShoulderAlignmentRelease__zwithin,-1.517,-1.213,0.303,HipAlignmentPostHitch__zwithin,-1.611,-1.289,0.322,maxShoulderFlexionAvgPostHitch,127.954,125.299,-2.655,TorsoVeloRelease__zwithin,-0.372,-0.227,0.145
Player 163,24385,Catch and Shoot,Right,4,BallVeloRelease,5.848,6.027,0.179,BallVeloRelease__zwithin,0.175,0.436,0.261,ShoulderAlignmentRelease__zwithin,-1.399,-1.119,0.28,maxHipFlexionDominantPostHitch,35.972,30.845,-5.126,maxShoulderFlexionAvgPostHitch,125.573,126.946,1.373
Player 163,24386,Off the Dribble,Right,4,BallVeloRelease,5.782,5.588,-0.195,HipAlignmentPreHitch__zwithin,1.077,0.862,-0.215,HipAlignmentRelease__zwithin,1.132,0.906,-0.226,HipAlignmentPostHitch__zwithin,1.234,0.987,-0.247,BallVeloRelease__zwithin,0.079,-0.206,-0.285
Player 163,24390,Off the Dribble,Right,4,BallVeloRelease,5.874,5.588,-0.286,HipAlignmentPreHitch__zwithin,1.467,1.173,-0.293,HipAlignmentRelease__zwithin,1.439,1.151,-0.288,BallVeloRelease__zwithin,0.213,-0.206,-0.419,HipAlignmentPostHitch__zwithin,1.587,1.269,-0.317
Player 163,24391,Off the Dribble,Right,4,BallVeloRelease,5.841,5.588,-0.253,BallVeloRelease__zwithin,0.164,-0.206,-0.371,maxKneeFlexionDominantPreHitch,-52.658,-59.157,-6.499,ShoulderAlignmentRelease__zwithin,-1.377,-1.102,0.275,BallVeloStart__zwithin,-1.231,-0.731,0.5
Player 163,24392,Off the Dribble,Right,4,HipAlignmentPreHitch__zwithin,1.036,0.828,-0.207,HipAlignmentRelease__zwithin,1.174,0.939,-0.235,HipAlignmentPostHitch__zwithin,1.226,0.981,-0.245,ShoulderAlignmentPostHitch__zwithin,1.068,0.854,-0.214,maxKneeExtensionAvgPostHitch,-21.163,-14.28,6.883
Player 163,24393,Off the Dribble,Right,4,BallVeloRelease,5.882,5.588,-0.295,BallVeloRelease__zwithin,0.225,-0.206,-0.431,KneeTotalROMAvg,45.844,47.968,2.124,maxKneeExtensionDomDiffHitch,-8.133,-3.378,4.755,timeToMaxShoulderExtensionDominantPreHitch,0.05,0.0,-0.05
Player 163,24394,Off the Dribble,Right,4,BallVeloRelease,5.854,5.588,-0.266,HipAlignmentPreHitch__zwithin,1.595,1.276,-0.319,HipAlignmentRelease__zwithin,1.722,1.377,-0.344,ShoulderAlignmentRelease__zwithin,1.695,1.356,-0.339,HipAlignmentPostHitch__zwithin,1.676,1.341,-0.335
Player 163,24396,Off the Dribble,Right,4,BallVeloRelease,5.678,5.588,-0.091,HipAlignmentRelease__zwithin,1.779,1.423,-0.356,HipAlignmentPreHitch__zwithin,1.897,1.517,-0.379,BallVeloRelease__zwithin,-0.073,-0.206,-0.133,HipAlignmentPostHitch__zwithin,1.878,1.503,-0.376
Player 163,24397,Catch and Shoot,Right,4,BallVeloRelease,5.414,6.027,0.612,maxShoulderFlexionNonDominantPostHitch,116.645,124.484,7.84,KneeTotalROMAvg,44.383,51.313,6.93,BallVeloRelease__zwithin,-0.459,0.041,0.5,ShoulderAlignmentRelease__zwithin,-1.581,-1.265,0.316
Player 163,24398,Catch and Shoot,Right,4,BallVeloRelease,5.746,6.027,0.281,BallVeloRelease__zwithin,0.025,0.436,0.411,ShoulderAlignmentRelease__zwithin,-1.524,-1.219,0.305,TorsoVeloPostHitch,0.504,0.884,0.38,MaxStanceGapHitch,0.407,0.454,0.047
Player 163,24399,Off the Dribble,Right,4,BallVeloRelease,5.595,5.588,-0.008,BallVeloRelease__zwithin,-0.195,-0.206,-0.012,TorsoVeloPostHitch,0.465,0.772,0.307,KneeTotalROMAvg,44.987,47.968,2.981,maxKneeFlexionDominantPreHitch,-53.734,-59.157,-5.423
Player 163,24400,Off the Dribble,Right,4,BallVeloRelease,5.84,5.588,-0.253,BallVeloRelease__zwithin,0.164,-0.206,-0.37,maxShoulderFlexionNonDominantPostHitch,122.835,122.925,0.09,ShoulderAlignmentRelease__zwithin,-1.588,-1.271,0.318,maxHipFlexionDominantPostHitch,35.251,23.604,-11.648
Player 163,24402,Off the Dribble,Right,4,BallVeloRelease,5.888,5.588,-0.3,BallVeloRelease__zwithin,0.233,-0.206,-0.439,ShoulderAlignmentRelease__zwithin,-1.425,-1.14,0.285,maxKneeExtensionDomDiffHitch,-9.019,-3.378,5.641,MaxStanceGapHitch,0.374,0.449,0.075
Player 163,24404,Off the Dribble,Right,4,BallVeloRelease,5.686,5.588,-0.099,maxTorsoFlexionPreHitch__zwithin,-1.734,0.102,1.836,maxHipFlexionDominantPostHitch,40.483,28.483,-12.0,BallVeloRelease__zwithin,-0.062,-0.206,-0.144,maxKneeExtensionDominantHitch,-68.302,-56.302,12.0
Player 163,24405,Off the Dribble,Right,4,BallVeloRelease,5.859,5.588,-0.271,BallVeloRelease__zwithin,0.19,-0.206,-0.396,ShoulderAlignmentRelease__zwithin,-1.453,-1.162,0.291,ShoulderTotalROMDominant,112.453,123.443,10.99,HipAlignmentPostHitch__zwithin,-1.583,-1.267,0.317
Player 163,24407,Off the Dribble,Right,4,BallVeloRelease,5.726,5.588,-0.138,HipAlignmentPreHitch__zwithin,1.403,1.122,-0.281,HipAlignmentRelease__zwithin,1.769,1.415,-0.354,HipAlignmentPostHitch__zwithin,1.686,1.349,-0.337,ShoulderAlignmentRelease__zwithin,2.015,1.612,-0.403
Player 163,24410,Catch and Shoot,Right,4,BallVeloRelease,5.579,6.027,0.447,ElbowFlexionAtT0Dominant,58.402,70.402,12.0,BallVeloRelease__zwithin,-0.218,0.282,0.5,TorsoTotalROMAvg__zwithin,3.001,2.401,-0.6,maxElbowExtensionNonDominantPostHitch,20.567,32.567,12.0
Player 163,24416,Catch and Shoot,Right,4,BallVeloRelease,5.175,6.027,0.852,TorsoVeloPostHitch,0.497,0.884,0.387,KneeTotalROMAvg,27.312,32.774,5.462,maxAnklePlantarflexionNonDominantPostHitch,-5.129,-6.155,-1.026,TorsoVeloRelease__zwithin,-1.543,-1.043,0.5
Player 163,24417,Catch and Shoot,Right,3,BallVeloRelease,4.819,5.783,0.964,TorsoVeloPostHitch,0.44,0.884,0.444,KneeTotalROMAvg,33.538,40.246,6.708,BallVeloRelease__zwithin,-1.33,-0.83,0.5,TorsoVeloRelease__zwithin,-1.38,-0.88,0.5
Player 163,24418,Catch and Shoot,Right,4,BallVeloRelease,4.808,5.769,0.962,TorsoVeloPostHitch,0.428,0.884,0.456,BallVeloRelease__zwithin,-1.347,-0.847,0.5,KneeTotalROMAvg,31.529,37.834,6.306,maxAnklePlantarflexionNonDominantPostHitch,-7.831,-9.397,-1.566
Player 163,24419,Catch and Shoot,Right,3,BallVeloRelease,4.902,5.883,0.981,TorsoVeloPostHitch,0.582,0.884,0.301,BallVeloRelease__zwithin,-1.208,-0.708,0.5,maxAnklePlantarflexionNonDominantPostHitch,-13.378,-16.054,-2.676,TorsoVeloRelease__zwithin,-1.42,-0.92,0.5
Player 163,24420,Off the Dribble,Right,4,BallVeloRelease,4.892,5.588,0.695,TorsoVeloPostHitch,0.41,0.772,0.361,BallVeloRelease__zwithin,-1.223,-0.723,0.5,KneeTotalROMAvg,36.474,43.768,7.295,maxAnklePlantarflexionNonDominantPostHitch,-10.882,-13.058,-2.176
Player 163,24421,Off the Dribble,Right,4,BallVeloRelease,5.045,5.588,0.543,TorsoVeloPostHitch,0.544,0.772,0.228,BallVeloRelease__zwithin,-1.0,-0.5,0.5,TorsoVeloRelease__zwithin,-1.083,-0.583,0.5,maxAnklePlantarflexionDomDiffPostHitch,-6.9,-5.52,1.38
Player 163,24422,Off the Dribble,Right,4,BallVeloRelease,4.914,5.588,0.674,KneeTotalROMAvg,39.37,47.244,7.874,BallVeloRelease__zwithin,-1.192,-0.692,0.5,maxAnklePlantarflexionNonDominantPostHitch,-9.731,-11.677,-1.946,TorsoVeloRelease__zwithin,-1.267,-0.767,0.5
Player 163,24423,Off the Dribble,Right,4,BallVeloRelease,5.364,5.588,0.223,BallVeloRelease__zwithin,-0.533,-0.206,0.327,ShoulderAlignmentRelease__zwithin,-1.382,-1.106,0.276,maxKneeExtensionDomDiffHitch,-15.25,-3.378,11.872,hipTotalROMDomDiff,-18.13,-14.504,3.626
Player 163,24424,Off the Dribble,Right,4,BallVeloRelease,5.582,5.588,0.005,BallVeloRelease__zwithin,-0.214,-0.206,0.008,maxShoulderFlexionNonDominantPostHitch,119.47,122.925,3.455,FeetAlignmentHitch__zwithin,2.455,1.964,-0.491,BallVeloStart__zwithin,-1.338,-0.838,0.5
Player 163,24425,Catch and Shoot,Right,4,BallVeloRelease,5.781,6.027,0.246,BallVeloRelease__zwithin,0.077,0.436,0.359,KneeTotalROMAvg,43.782,51.313,7.531,maxKneeFlexionDominantPreHitch,-54.374,-64.418,-10.044,ShoulderAlignmentRelease__zwithin,-1.404,-1.124,0.281
Player 163,24427,Off the Dribble,Right,4,BallVeloRelease,5.791,5.588,-0.204,maxShoulderFlexionAvgPostHitch,123.785,125.299,1.514,BallVeloRelease__zwithin,0.092,-0.206,-0.298,HipAlignmentPostHitch__zwithin,-1.698,-1.359,0.34,ShoulderAlignmentRelease__zwithin,-1.487,-1.19,0.297
Player 163,24428,Off the Dribble,Right,4,BallVeloRelease,5.831,5.588,-0.244,maxShoulderFlexionNonDominantPostHitch,118.397,122.925,4.528,BallVeloRelease__zwithin,0.15,-0.206,-0.356,maxShoulderFlexionAvgPostHitch,124.354,125.299,0.945,KneeTotalROMAvg,45.077,47.968,2.891
Player 163,24430,Catch and Shoot,Right,4,BallVeloRelease,5.852,6.027,0.174,maxTorsoFlexionPreHitch__zwithin,-3.433,0.029,3.462,TorsoTotalROMAvg__zwithin,2.917,2.333,-0.583,ShoulderAlignmentRelease__zwithin,-1.509,-1.207,0.302,BallVeloRelease__zwithin,0.181,0.436,0.255
Player 163,24431,Catch and Shoot,Right,4,maxShoulderFlexionNonDominantPostHitch,122.475,124.484,2.009,maxKneeFlexionDominantPreHitch,-46.581,-58.581,-12.0,ShoulderAlignmentRelease__zwithin,-1.355,-1.084,0.271,KneeTotalROMAvg,43.178,51.313,8.135,maxKneeExtensionAvgPostHitch,-21.333,-16.009,5.324
Player 163,24432,Catch and Shoot,Right,4,BallVeloRelease,5.946,6.027,0.08,ShoulderAlignmentRelease__zwithin,-1.513,-1.21,0.303,maxAnklePlantarflexionDomDiffPostHitch,-7.221,-5.777,1.444,maxShoulderFlexionAvgPostHitch,129.426,126.946,-2.48,KneeTotalROMAvg,45.921,51.313,5.392
Player 163,24434,Catch and Shoot,Right,4,BallVeloRelease,5.688,6.027,0.339,maxShoulderFlexionAvgPostHitch,123.07,126.946,3.876,HipAlignmentPostHitch__zwithin,-1.472,-1.178,0.294,ShoulderAlignmentRelease__zwithin,-1.521,-1.217,0.304,BallVeloRelease__zwithin,-0.059,0.436,0.495
Player 163,24436,Catch and Shoot,Right,4,maxTorsoFlexionPreHitch__zwithin,-1.65,0.029,1.68,maxShoulderFlexionNonDominantPostHitch,122.067,124.484,2.417,maxShoulderFlexionAvgPostHitch,126.157,126.946,0.789,ShoulderAlignmentRelease__zwithin,-1.425,-1.14,0.285,maxKneeExtensionDomDiffHitch,-11.709,-3.816,7.892
Player 163,24438,Off the Dribble,Right,4,BallVeloRelease,5.711,5.588,-0.123,ShoulderAlignmentRelease__zwithin,-1.69,-1.352,0.338,BallVeloRelease__zwithin,-0.025,-0.206,-0.181,maxKneeFlexionDomDiffPostHitch,-14.493,-3.617,10.876,maxKneeExtensionDomDiffHitch,-14.789,-3.378,11.411
Player 163,24439,Off the Dribble,Right,4,timeToMaxAnkleDorsiflexionDomDiffHitch,0.175,0.14,-0.035,maxShoulderFlexionAvgPostHitch,122.587,125.299,2.712,BallVeloRelease,5.941,5.588,-0.353,maxShoulderFlexionNonDominantPostHitch,116.59,122.925,6.335,ShoulderAlignmentRelease__zwithin,-1.433,-1.147,0.287
Player 163,24440,Catch and Shoot,Right,4,maxHipFlexionDominantPostHitch,41.252,30.845,-10.407,maxTorsoFlexionPreHitch__zwithin,-1.763,0.029,1.793,ShoulderAlignmentRelease__zwithin,-1.463,-1.17,0.293,maxKneeFlexionDomDiffPostHitch,-13.978,-4.147,9.831,maxShoulderFlexionDomDiffHitch,-1.696,-3.364,-1.667
Player 163,24441,Off the Dribble,Right,4,KneeTotalROMAvg,41.671,47.968,6.297,ShoulderAlignmentRelease__zwithin,-1.398,-1.118,0.28,maxShoulderFlexionNonDominantPostHitch,120.747,122.925,2.178,maxTorsoFlexionPreHitch__zwithin,-2.058,0.102,2.16,maxHipFlexionDominantPostHitch,39.023,27.023,-12.0
Player 163,24442,Off the Dribble,Right,4,BallVeloRelease,5.829,5.588,-0.242,BallVeloRelease__zwithin,0.147,-0.206,-0.353,ShoulderAlignmentRelease__zwithin,-1.466,-1.173,0.293,maxShoulderFlexionNonDominantPostHitch,120.988,122.925,1.937,timeToMaxShoulderFlexionDominantPreHitch,0.017,0.192,0.175
Player 163,24443,Off the Dribble,Right,4,BallVeloRelease,5.774,5.588,-0.187,maxKneeExtensionDomDiffHitch,-15.531,-3.531,12.0,BallVeloRelease__zwithin,0.067,-0.206,-0.273,timeToMaxKneeFlexionDomDiffHitch,0.025,0.0,-0.025,ShoulderAlignmentRelease__zwithin,-1.493,-1.195,0.299
Player 163,24453,Off the Dribble,Right,4,BallVeloRelease,5.86,5.588,-0.273,KneeTotalROMAvg,40.75,47.968,7.218,maxKneeExtensionAvgPreHitch__zwithin,0.344,0.093,-0.251,BallVeloRelease__zwithin,0.193,-0.206,-0.399,TorsoTotalROMAvg__zwithin,0.9,0.72,-0.18
Player 163,24455,Off the Dribble,Right,4,BallVeloRelease,5.912,5.588,-0.325,KneeTotalROMAvg,37.901,45.481,7.58,BallVeloRelease__zwithin,0.269,-0.206,-0.475,maxKneeExtensionAvgPostHitch,-22.56,-14.28,8.28,maxAnklePlantarflexionNonDominantPostHitch,-19.656,-22.007,-2.351
Player 163,24456,Catch and Shoot,Right,4,BallVeloRelease,5.74,6.027,0.287,BallVeloRelease__zwithin,0.017,0.436,0.419,KneeTotalROMAvg,43.621,51.313,7.692,maxAnklePlantarflexionDomDiffPostHitch,-6.83,-5.464,1.366,maxShoulderFlexionNonDominantPostHitch,121.157,124.484,3.327
Player 163,24460,Off the Dribble,Right,4,BallVeloRelease,4.86,5.588,0.728,ankleTotalROMAvg,-23.802,-28.563,-4.76,BallVeloPostHitch,0.121,0.621,0.5,TorsoVeloPostHitch,0.255,0.755,0.5,BallVeloRelease__zwithin,-1.27,-0.77,0.5
Player 163,24461,Catch and Shoot,Right,3,BallVeloRelease,4.984,5.981,0.997,TorsoVeloPostHitch,0.241,0.741,0.5,BallVeloPostHitch,0.179,0.679,0.5,ankleTotalROMAvg,-27.116,-32.539,-5.423,maxAnklePlantarflexionNonDominantPostHitch,-4.494,-5.393,-0.899
Player 163,24462,Catch and Shoot,Right,3,BallVeloRelease,4.955,5.946,0.991,TorsoVeloPostHitch,0.487,0.884,0.397,KneeTotalROMAvg,39.087,46.905,7.817,maxAnklePlantarflexionNonDominantPostHitch,-5.129,-6.154,-1.026,BallVeloRelease__zwithin,-1.131,-0.631,0.5
Player 163,24463,Catch and Shoot,Right,3,BallVeloRelease,4.745,5.694,0.949,TorsoVeloPostHitch,0.578,0.884,0.305,maxAnklePlantarflexionNonDominantPostHitch,-5.479,-6.575,-1.096,BallVeloRelease__zwithin,-1.438,-0.938,0.5,TorsoVeloRelease__zwithin,-1.233,-0.733,0.5
Player 163,24464,Catch and Shoot,Right,4,BallVeloRelease,4.908,5.89,0.982,ankleTotalROMAvg,-30.137,-36.165,-6.027,TorsoVeloPostHitch,0.488,0.884,0.396,BallVeloRelease__zwithin,-1.199,-0.699,0.5,maxAnklePlantarflexionNonDominantPostHitch,1.35,1.08,-0.27
Player 163,24465,Catch and Shoot,Right,3,BallVeloRelease,4.97,5.964,0.994,ankleTotalROMAvg,-29.896,-35.875,-5.979,TorsoVeloPostHitch,0.507,0.884,0.377,maxAnklePlantarflexionNonDominantPostHitch,-5.049,-6.059,-1.01,KneeTotalROMAvg,40.747,48.897,8.149
Player 163,24466,Catch and Shoot,Right,4,BallVeloRelease,4.665,5.598,0.933,TorsoVeloPostHitch,0.491,0.884,0.393,BallVeloRelease__zwithin,-1.555,-1.055,0.5,maxAnklePlantarflexionNonDominantPostHitch,-7.15,-8.58,-1.43,TorsoVeloRelease__zwithin,-1.244,-0.744,0.5
Player 163,24468,Off the Dribble,Right,4,BallVeloRelease,5.483,5.588,0.105,HipAlignmentPreHitch__zwithin,1.715,1.372,-0.343,HipAlignmentPostHitch__zwithin,1.581,1.265,-0.316,HipAlignmentRelease__zwithin,1.603,1.282,-0.321,timeToMaxElbowExtensionDomDiffHitch,0.067,0.0,-0.067
Player 163,24470,Off the Dribble,Right,4,BallVeloRelease,5.622,5.588,-0.034,HipAlignmentPreHitch__zwithin,1.201,0.96,-0.24,HipAlignmentRelease__zwithin,1.687,1.35,-0.337,HipAlignmentPostHitch__zwithin,1.561,1.249,-0.312,BallVeloStart__zwithin,-1.022,-0.522,0.5
Player 163,24471,Off the Dribble,Right,4,HipAlignmentPreHitch__zwithin,1.421,1.137,-0.284,HipAlignmentPostHitch__zwithin,1.606,1.285,-0.321,HipAlignmentRelease__zwithin,1.582,1.266,-0.316,maxAnklePlantarflexionDomDiffPostHitch,-9.069,-7.255,1.814,maxHipExtensionNonDominantHitch__zwithin,-3.624,-0.369,3.255
Player 163,24472,Off the Dribble,Right,4,BallVeloRelease,5.861,5.588,-0.274,HipAlignmentPreHitch__zwithin,1.472,1.177,-0.294,HipAlignmentRelease__zwithin,1.748,1.398,-0.35,HipAlignmentPostHitch__zwithin,1.76,1.408,-0.352,maxAnklePlantarflexionDomDiffPostHitch,-5.335,-4.268,1.067
Player 163,24473,Off the Dribble,Right,4,ElbowFlexionAtT0NonDominant,119.184,107.184,-12.0,maxElbowFlexionAvgPreHitch,127.813,115.813,-12.0,HipAlignmentPostHitch__zwithin,1.481,1.185,-0.296,HipAlignmentRelease__zwithin,1.512,1.21,-0.302,timeToMaxTorsoFlexionPostHitch__zwithin,2.283,0.449,-1.834
Player 163,24474,Catch and Shoot,Right,4,HipAlignmentPreHitch__zwithin,1.626,1.301,-0.325,HipAlignmentPostHitch__zwithin,1.669,1.335,-0.334,HipAlignmentRelease__zwithin,1.663,1.331,-0.333,BallVeloStart__zwithin,-1.259,-0.759,0.5,ShoulderAlignmentRelease__zwithin,1.73,1.384,-0.346
Player 163,24475,Off the Dribble,Right,4,BallVeloRelease,5.504,5.588,0.084,HipAlignmentPreHitch__zwithin,1.938,1.551,-0.388,HipAlignmentRelease__zwithin,1.738,1.39,-0.348,HipAlignmentPostHitch__zwithin,1.732,1.386,-0.346,BallVeloRelease__zwithin,-0.328,-0.206,0.122
Player 163,24476,Off the Dribble,Right,4,BallVeloRelease,5.547,5.588,0.041,HipAlignmentPreHitch__zwithin,1.746,1.397,-0.349,HipAlignmentRelease__zwithin,1.696,1.357,-0.339,HipAlignmentPostHitch__zwithin,1.779,1.423,-0.356,BallVeloRelease__zwithin,-0.266,-0.206,0.06
Player 163,24477,Off the Dribble,Right,4,BallVeloRelease,5.626,5.588,-0.039,HipAlignmentPreHitch__zwithin,1.828,1.462,-0.366,HipAlignmentPostHitch__zwithin,1.595,1.276,-0.319,HipAlignmentRelease__zwithin,1.666,1.333,-0.333,maxShoulderFlexionAvgPostHitch,122.602,125.299,2.697
Player 163,24478,Off the Dribble,Right,4,BallVeloRelease,5.937,5.588,-0.35,HipAlignmentRelease__zwithin,1.786,1.429,-0.357,HipAlignmentPreHitch__zwithin,1.83,1.464,-0.366,maxAnklePlantarflexionDomDiffPostHitch,-3.086,-2.602,0.484,HipAlignmentPostHitch__zwithin,1.684,1.347,-0.337
Player 163,24479,Catch and Shoot,Right,4,BallVeloRelease,5.852,6.027,0.174,HipAlignmentRelease__zwithin,1.639,1.311,-0.328,HipAlignmentPreHitch__zwithin,1.79,1.432,-0.358,HipAlignmentPostHitch__zwithin,1.625,1.3,-0.325,ShoulderAlignmentRelease__zwithin,1.703,1.362,-0.341
Player 163,24480,Off the Dribble,Right,4,BallVeloRelease,5.75,5.588,-0.163,HipAlignmentPreHitch__zwithin,1.629,1.304,-0.326,HipAlignmentRelease__zwithin,1.71,1.368,-0.342,HipAlignmentPostHitch__zwithin,1.633,1.306,-0.327,ShoulderAlignmentRelease__zwithin,1.749,1.399,-0.35
Player 163,24484,Catch and Shoot,Right,4,HipAlignmentPreHitch__zwithin,1.338,1.071,-0.268,HipAlignmentPostHitch__zwithin,1.319,1.055,-0.264,HipAlignmentRelease__zwithin,1.268,1.015,-0.254,ShoulderAlignmentPostHitch__zwithin,1.223,0.978,-0.245,maxKneeExtensionDomDiffHitch,-9.615,-3.816,5.799
Player 163,24486,Catch and Shoot,Right,4,BallVeloRelease,5.915,6.027,0.111,KneeTotalROMAvg,40.343,48.411,8.069,maxAnklePlantarflexionDomDiffPostHitch,-5.976,-4.781,1.195,maxKneeExtensionAvgPostHitch,-22.242,-16.009,6.232,maxKneeFlexionDominantPreHitch,-50.223,-62.223,-12.0
Player 163,24487,Off the Dribble,Right,4,BallVeloRelease,5.89,5.588,-0.302,BallVeloRelease__zwithin,0.236,-0.206,-0.442,ElbowFlexionAtT0Dominant,67.44,79.44,12.0,maxShoulderFlexionAvgPostHitch,117.888,125.299,7.411,timeToMaxAnkleDorsiflexionDomDiffPreHitch__zwithin,-3.601,-2.881,0.72
Player 163,24489,Off the Dribble,Right,4,BallVeloRelease,5.944,5.588,-0.356,maxShoulderFlexionAvgPostHitch,116.444,125.299,8.855,BallVeloRelease__zwithin,0.315,-0.185,-0.5,maxKneeExtensionDomDiffHitch,-11.879,-3.378,8.501,maxShoulderFlexionDominantPostHitch,119.848,128.661,8.813
Player 163,24497,Off the Dribble,Right,4,KneeTotalROMAvg,40.343,47.968,7.625,HipAlignmentPostHitch__zwithin,1.583,1.266,-0.317,HipAlignmentRelease__zwithin,1.693,1.354,-0.339,HipAlignmentPreHitch__zwithin,1.538,1.231,-0.308,maxKneeExtensionAvgPostHitch,-21.333,-14.28,7.053
Player 163,24498,Off the Dribble,Right,4,HipAlignmentRelease__zwithin,1.657,1.325,-0.331,HipAlignmentPreHitch__zwithin,1.977,1.582,-0.395,HipAlignmentPostHitch__zwithin,1.88,1.504,-0.376,BallVeloStart__zwithin,-1.938,-1.438,0.5,FeetAlignmentRelease,-160.843,-128.675,32.169
Player 163,24501,Off the Dribble,Right,4,BallVeloRelease,5.845,5.588,-0.258,KneeTotalROMAvg,40.24,47.968,7.728,TorsoTotalROMAvg__zwithin,2.13,1.704,-0.426,maxKneeExtensionAvgPostHitch,-21.659,-14.28,7.379,HipAlignmentRelease__zwithin,1.629,1.303,-0.326
Player 163,24503,Off the Dribble,Right,4,BallVeloPostHitch,-0.379,0.121,0.5,BallVeloRelease,5.979,5.588,-0.391,HipAlignmentPostHitch__zwithin,1.832,1.466,-0.366,ShoulderAlignmentPostHitch__zwithin,1.866,1.492,-0.373,KneeTotalROMAvg,42.994,47.968,4.974
Player 163,24504,Off the Dribble,Right,4,HipAlignmentPreHitch__zwithin,1.817,1.454,-0.363,HipAlignmentRelease__zwithin,1.686,1.348,-0.337,BallVeloRelease,5.949,5.588,-0.361,HipAlignmentPostHitch__zwithin,1.646,1.317,-0.329,FeetAlignmentRelease,-158.083,-126.466,31.617
Player 163,24506,Catch and Shoot,Right,4,HipAlignmentPreHitch__zwithin,1.131,0.905,-0.226,BallVeloRelease,5.899,6.027,0.127,HipAlignmentRelease__zwithin,1.111,0.889,-0.222,HipAlignmentPostHitch__zwithin,1.151,0.921,-0.23,maxShoulderFlexionAvgPostHitch,119.38,126.946,7.566
Player 163,24507,Catch and Shoot,Right,4,HipAlignmentPreHitch__zwithin,1.153,0.923,-0.231,HipAlignmentPostHitch__zwithin,1.17,0.936,-0.234,HipAlignmentRelease__zwithin,1.122,0.898,-0.224,ShoulderAlignmentPostHitch__zwithin,1.04,0.832,-0.208,maxTorsoExtensionPreHitch,-9.363,-4.889,4.475
Player 163,24508,Catch and Shoot,Right,4,BallVeloRelease,5.874,6.027,0.153,HipAlignmentPreHitch__zwithin,1.405,1.124,-0.281,HipAlignmentRelease__zwithin,1.103,0.882,-0.221,BallVeloRelease__zwithin,0.213,0.436,0.223,HipAlignmentPostHitch__zwithin,1.163,0.93,-0.233
Player 163,24509,Catch and Shoot,Right,4,BallVeloRelease,5.856,6.027,0.17,HipAlignmentPreHitch__zwithin,1.429,1.143,-0.286,HipAlignmentRelease__zwithin,1.171,0.937,-0.234,HipAlignmentPostHitch__zwithin,1.186,0.949,-0.237,BallVeloRelease__zwithin,0.187,0.436,0.249
Player 163,24510,Catch and Shoot,Right,4,HipAlignmentPreHitch__zwithin,1.277,1.022,-0.255,HipAlignmentRelease__zwithin,1.234,0.987,-0.247,BallVeloRelease,5.934,6.027,0.093,HipAlignmentPostHitch__zwithin,1.248,0.998,-0.25,maxKneeExtensionNonDominantPostHitch,-23.731,-15.941,7.791
Player 163,24511,Catch and Shoot,Right,4,HipAlignmentPreHitch__zwithin,1.244,0.996,-0.249,HipAlignmentPostHitch__zwithin,1.145,0.916,-0.229,HipAlignmentRelease__zwithin,1.159,0.927,-0.232,KneeTotalROMAvg,44.89,51.313,6.423,maxShoulderFlexionAvgPostHitch,119.367,126.946,7.578
Player 163,24514,Catch and Shoot,Right,4,HipAlignmentPreHitch__zwithin,1.365,1.092,-0.273,HipAlignmentRelease__zwithin,1.214,0.971,-0.243,HipAlignmentPostHitch__zwithin,1.226,0.981,-0.245,BallVeloRelease,5.982,6.027,0.045,ShoulderAlignmentPostHitch__zwithin,1.17,0.936,-0.234
Player 163,24515,Catch and Shoot,Right,4,BallVeloRelease,5.81,6.027,0.216,BallVeloRelease__zwithin,0.12,0.436,0.316,KneeTotalROMAvg,43.836,51.313,7.478,maxShoulderFlexionAvgPostHitch,121.336,126.946,5.61,timeToMaxHipFlexionDomDiffPostHitch__zwithin,0.01,0.004,-0.006
Player 163,24518,Catch and Shoot,Right,4,BallVeloRelease,5.643,6.027,0.384,BallVeloRelease__zwithin,-0.125,0.375,0.5,maxShoulderFlexionAvgPostHitch,123.483,126.946,3.462,maxShoulderFlexionNonDominantPostHitch,121.77,124.484,2.714,maxAnklePlantarflexionAvgPreHitch,14.459,17.35,2.892
Player 163,24519,Catch and Shoot,Right,4,BallVeloRelease,5.792,6.027,0.235,BallVeloRelease__zwithin,0.092,0.436,0.344,Max.Ball.Released..Away.from.body.,0.658,0.564,-0.094,maxShoulderFlexionAvgPostHitch,129.506,126.946,-2.561,maxAnklePlantarflexionAvgPreHitch,22.622,18.097,-4.524
Player 163,24525,Catch and Shoot,Right,4,maxShoulderFlexionNonDominantPostHitch,120.567,124.484,3.917,maxHipFlexionDominantPostHitch,39.309,30.845,-8.463,BallVeloRelease,5.953,6.027,0.073,maxTorsoFlexionPreHitch__zwithin,-1.447,0.029,1.476,maxShoulderFlexionAvgPostHitch,125.598,126.946,1.348
Player 163,24526,Off the Dribble,Right,4,BallVeloRelease,5.821,5.588,-0.234,BallVeloRelease__zwithin,0.136,-0.206,-0.342,maxShoulderFlexionNonDominantPostHitch,121.243,122.925,1.682,ShoulderAlignmentRelease__zwithin,-1.474,-1.179,0.295,BallVeloStart__zwithin,-1.327,-0.827,0.5
Player 163,24529,Catch and Shoot,Right,4,BallVeloRelease,5.842,6.027,0.185,BallVeloRelease__zwithin,0.166,0.436,0.27,maxTorsoFlexionPreHitch__zwithin,-1.587,0.029,1.617,ShoulderAlignmentRelease__zwithin,-1.591,-1.273,0.318,maxShoulderFlexionAvgPostHitch,125.535,126.946,1.411
Player 163,24530,Off the Dribble,Right,4,BallVeloRelease,2.845,3.413,0.569,BallVeloRelease__zwithin,-4.217,-3.374,0.843,TorsoVeloRelease__zwithin,3.025,2.42,-0.605,HipAlignmentPostHitch__zwithin,-1.544,-1.235,0.309,TorsoVeloRelease,1.816,1.316,-0.5
Player 163,24532,Off the Dribble,Right,4,BallVeloRelease,5.745,5.588,-0.157,BallVeloRelease__zwithin,0.024,-0.206,-0.23,maxShoulderFlexionNonDominantPostHitch,121.615,122.925,1.309,KneeTotalROMAvg,45.17,47.968,2.798,BallVeloStart__zwithin,-1.109,-0.609,0.5
Player 163,24536,Off the Dribble,Right,4,BallVeloRelease,5.89,5.588,-0.302,maxShoulderFlexionAvgPostHitch,123.608,125.299,1.691,BallVeloRelease__zwithin,0.236,-0.206,-0.442,maxShoulderFlexionNonDominantPostHitch,118.726,122.925,4.199,KneeTotalROMAvg,45.138,47.968,2.83
Player 163,24537,Catch and Shoot,Right,4,BallVeloRelease,5.752,6.027,0.274,BallVeloRelease__zwithin,0.035,0.436,0.401,maxTorsoFlexionPreHitch__zwithin,-1.44,0.029,1.469,ShoulderAlignmentRelease__zwithin,-1.648,-1.318,0.33,maxShoulderFlexionNonDominantPostHitch,122.86,124.484,1.624
Player 163,24538,Catch and Shoot,Right,4,BallVeloRelease,5.812,6.027,0.215,maxShoulderFlexionAvgPostHitch,122.591,126.946,4.354,maxHipFlexionDominantPostHitch,40.226,30.845,-9.38,maxTorsoFlexionPreHitch__zwithin,-2.243,0.029,2.273,BallVeloRelease__zwithin,0.122,0.436,0.314
Player 163,24539,Off the Dribble,Right,4,BallVeloRelease,5.649,5.588,-0.061,BallVeloRelease__zwithin,-0.117,-0.206,-0.089,ShoulderAlignmentRelease__zwithin,-1.517,-1.213,0.303,HipAlignmentPostHitch__zwithin,-1.579,-1.263,0.316,maxHipExtensionNonDominantHitch,27.706,22.295,-5.411
Player 163,24540,Off the Dribble,Right,4,BallVeloRelease,5.082,5.588,0.505,BallVeloPostHitch,0.068,0.568,0.5,TorsoVeloPostHitch,0.341,0.772,0.431,ankleTotalROMAvg,-27.053,-32.464,-5.411,BallVeloRelease__zwithin,-0.945,-0.445,0.5
Player 163,24541,Catch and Shoot,Right,3,BallVeloRelease,5.015,6.018,1.003,ankleTotalROMAvg,-25.288,-30.345,-5.058,TorsoVeloPostHitch,0.296,0.796,0.5,BallVeloPostHitch,0.15,0.65,0.5,maxAnklePlantarflexionNonDominantPostHitch,-1.493,-1.791,-0.299
Player 163,24542,Catch and Shoot,Right,3,BallVeloRelease,4.698,5.637,0.94,ankleTotalROMAvg,-30.315,-36.378,-6.063,TorsoVeloPostHitch,0.389,0.884,0.495,BallVeloRelease__zwithin,-1.507,-1.007,0.5,TorsoVeloRelease__zwithin,-1.33,-0.83,0.5
Player 163,24543,Off the Dribble,Right,4,BallVeloRelease,5.026,5.588,0.561,ankleTotalROMAvg,-26.295,-31.554,-5.259,TorsoVeloPostHitch,0.487,0.772,0.284,maxAnklePlantarflexionNonDominantPostHitch,-2.393,-2.872,-0.479,BallVeloRelease__zwithin,-1.027,-0.527,0.5
Player 163,24544,Off the Dribble,Right,3,BallVeloRelease,4.935,5.588,0.653,maxAnklePlantarflexionNonDominantPostHitch,0.451,0.361,-0.09,ankleTotalROMAvg,-30.805,-36.966,-6.161,BallVeloRelease__zwithin,-1.161,-0.661,0.5,TorsoVeloRelease__zwithin,-1.701,-1.201,0.5
Player 163,24545,Off the Dribble,Right,3,BallVeloRelease,4.816,5.588,0.771,ankleTotalROMAvg,-28.507,-34.209,-5.701,TorsoVeloPostHitch,0.482,0.772,0.29,BallVeloRelease__zwithin,-1.334,-0.834,0.5,maxAnklePlantarflexionNonDominantPostHitch,-2.113,-2.535,-0.423
Player 163,24546,Off the Dribble,Right,3,BallVeloRelease,4.42,5.304,0.884,ankleTotalROMAvg,-25.891,-31.07,-5.178,TorsoVeloPostHitch,0.318,0.772,0.454,BallVeloPostHitch,0.17,0.67,0.5,BallVeloRelease__zwithin,-1.913,-1.413,0.5
Player 163,24550,Off the Dribble,Right,4,BallVeloRelease,5.192,5.588,0.395,KneeTotalROMAvg,41.772,47.968,6.196,maxAnklePlantarflexionNonDominantPostHitch,-6.817,-8.181,-1.363,TorsoVeloPostHitch,0.481,0.772,0.29,TorsoVeloRelease__zwithin,-0.819,-0.319,0.5
Player 163,24551,Catch and Shoot,Right,4,BallVeloRelease,4.952,5.943,0.99,maxAnklePlantarflexionNonDominantPostHitch,-8.335,-10.002,-1.667,TorsoVeloRelease__zwithin,-1.315,-0.815,0.5,BallVeloRelease__zwithin,-1.135,-0.635,0.5,TorsoVeloPostHitch,0.58,0.884,0.304
Player 163,24553,Off the Dribble,Right,3,BallVeloRelease,4.626,5.551,0.925,BallVeloRelease__zwithin,-1.612,-1.112,0.5,maxAnklePlantarflexionNonDominantPostHitch,-8.596,-10.315,-1.719,KneeTotalROMAvg,40.329,47.968,7.639,TorsoVeloRelease__zwithin,-1.263,-0.763,0.5
Player 163,24554,Catch and Shoot,Right,3,BallVeloRelease,4.445,5.334,0.889,TorsoVeloPostHitch,0.523,0.884,0.361,BallVeloRelease__zwithin,-1.877,-1.377,0.5,maxAnklePlantarflexionNonDominantPostHitch,-7.479,-8.975,-1.496,KneeTotalROMAvg,41.466,49.759,8.293
Player 163,24555,Catch and Shoot,Right,3,BallVeloRelease,4.793,5.752,0.959,ankleTotalROMAvg,-24.855,-29.826,-4.971,BallVeloPostHitch,0.043,0.543,0.5,TorsoVeloPostHitch,0.192,0.692,0.5,BallVeloRelease__zwithin,-1.367,-0.867,0.5
Player 163,24556,Catch and Shoot,Right,3,BallVeloRelease,4.72,5.664,0.944,BallVeloPostHitch,0.118,0.618,0.5,ankleTotalROMAvg,-28.058,-33.67,-5.612,TorsoVeloPostHitch,0.44,0.884,0.444,ElbowFlexionAtT0Dominant,65.975,77.975,12.0
Player 163,24557,Off the Dribble,Right,4,BallVeloRelease,5.13,5.588,0.458,KneeTotalROMAvg,40.637,47.968,7.331,BallVeloRelease__zwithin,-0.876,-0.376,0.5,maxAnklePlantarflexionNonDominantPostHitch,-1.9,-2.28,-0.38,TorsoVeloRelease__zwithin,-1.248,-0.748,0.5
Player 163,24558,Off the Dribble,Right,3,BallVeloRelease,4.681,5.588,0.906,BallVeloRelease__zwithin,-1.531,-1.031,0.5,KneeTotalROMAvg,39.748,47.698,7.95,TorsoVeloRelease__zwithin,-1.882,-1.382,0.5,maxAnklePlantarflexionNonDominantPostHitch,-4.277,-5.133,-0.855
Player 163,24559,Off the Dribble,Right,4,BallVeloRelease,5.177,5.588,0.411,TorsoVeloPostHitch,0.568,0.772,0.204,KneeTotalROMAvg,40.243,47.968,7.725,maxAnklePlantarflexionNonDominantPostHitch,-4.241,-5.089,-0.848,TorsoVeloRelease__zwithin,-1.097,-0.597,0.5
Player 163,24560,Off the Dribble,Right,3,BallVeloRelease,4.978,5.588,0.609,TorsoVeloPostHitch,0.508,0.772,0.264,maxAnklePlantarflexionNonDominantPostHitch,-4.1,-4.92,-0.82,BallVeloRelease__zwithin,-1.097,-0.597,0.5,ankleTotalROMAvg,-34.511,-41.413,-6.902
Player 163,24561,Off the Dribble,Right,3,BallVeloRelease,4.708,5.588,0.879,ankleTotalROMAvg,-30.367,-36.441,-6.074,BallVeloRelease__zwithin,-1.492,-0.992,0.5,TorsoVeloRelease__zwithin,-1.606,-1.106,0.5,KneeTotalROMAvg,30.068,36.082,6.014
Player 163,24562,Off the Dribble,Right,4,BallVeloRelease,4.392,5.271,0.878,BallVeloRelease__zwithin,-1.954,-1.454,0.5,maxAnklePlantarflexionNonDominantPostHitch,-3.433,-4.12,-0.687,TorsoVeloRelease__zwithin,-1.156,-0.656,0.5,ankleTotalROMAvg,-31.184,-37.421,-6.237
Player 163,24563,Off the Dribble,Right,4,BallVeloRelease,4.781,5.588,0.806,TorsoVeloPostHitch,0.469,0.772,0.303,maxAnklePlantarflexionNonDominantPostHitch,-1.922,-2.306,-0.384,TorsoVeloRelease__zwithin,-1.253,-0.753,0.5,BallVeloRelease__zwithin,-1.385,-0.885,0.5
Player 163,24564,Off the Dribble,Right,4,BallVeloRelease,4.721,5.588,0.867,ankleTotalROMAvg,-22.284,-26.741,-4.457,TorsoVeloPostHitch,0.479,0.772,0.292,BallVeloRelease__zwithin,-1.473,-0.973,0.5,maxKneeFlexionDominantPreHitch,-46.724,-58.724,-12.0
Player 163,24565,Off the Dribble,Right,3,BallVeloRelease,4.402,5.283,0.88,TorsoVeloPostHitch,0.421,0.772,0.351,BallVeloRelease__zwithin,-1.939,-1.439,0.5,TorsoVeloRelease__zwithin,-1.058,-0.558,0.5,maxAnklePlantarflexionNonDominantPostHitch,-4.806,-5.767,-0.961
Player 163,24566,Off the Dribble,Right,4,BallVeloRelease,4.776,5.588,0.811,TorsoVeloPostHitch,0.436,0.772,0.336,BallVeloRelease__zwithin,-1.392,-0.892,0.5,KneeTotalROMAvg,34.356,41.228,6.871,ankleTotalROMAvg,-30.944,-37.132,-6.189
Player 163,24567,Off the Dribble,Right,4,BallVeloRelease,5.021,5.588,0.566,ankleTotalROMAvg,-27.027,-32.432,-5.405,TorsoVeloPostHitch,0.441,0.772,0.33,KneeTotalROMAvg,31.483,37.779,6.297,maxAnklePlantarflexionNonDominantPostHitch,-5.13,-6.156,-1.026
Player 163,24568,Off the Dribble,Right,4,BallVeloRelease,4.712,5.588,0.876,BallVeloPostHitch,0.179,0.679,0.5,TorsoVeloPostHitch,0.434,0.772,0.338,BallVeloRelease__zwithin,-1.486,-0.986,0.5,KneeTotalROMAvg,36.438,43.726,7.288
Player 163,24569,Off the Dribble,Right,4,BallVeloRelease,4.857,5.588,0.731,ankleTotalROMAvg,-29.384,-35.261,-5.877,TorsoVeloPostHitch,0.546,0.772,0.226,KneeTotalROMAvg,41.383,47.968,6.585,BallVeloRelease__zwithin,-1.274,-0.774,0.5
Player 163,24570,Off the Dribble,Right,4,BallVeloRelease,5.048,5.588,0.539,TorsoVeloPostHitch,0.35,0.772,0.422,BallVeloPostHitch,0.166,0.666,0.5,ankleTotalROMAvg,-29.566,-35.479,-5.913,maxAnklePlantarflexionNonDominantPostHitch,-0.584,-0.701,-0.117
Player 163,24571,Off the Dribble,Right,4,BallVeloRelease,4.679,5.588,0.908,TorsoVeloPostHitch,0.381,0.772,0.391,BallVeloRelease__zwithin,-1.534,-1.034,0.5,KneeTotalROMAvg,41.686,47.968,6.282,maxAnklePlantarflexionNonDominantPostHitch,-5.941,-7.129,-1.188
Player 163,24572,Off the Dribble,Right,3,BallVeloRelease,4.904,5.588,0.683,ankleTotalROMAvg,-31.676,-38.011,-6.335,maxAnklePlantarflexionNonDominantPostHitch,-0.325,-0.39,-0.065,BallVeloRelease__zwithin,-1.205,-0.705,0.5,ankleFlexionAtT0Avg,26.362,14.362,-12.0
Player 163,24573,Off the Dribble,Right,4,BallVeloRelease,4.952,5.588,0.635,ankleTotalROMAvg,-28.264,-33.917,-5.653,TorsoVeloPostHitch,0.357,0.772,0.414,BallVeloRelease__zwithin,-1.135,-0.635,0.5,KneeTotalROMAvg,36.748,44.097,7.35
Player 163,24574,Off the Dribble,Right,3,BallVeloRelease,4.707,5.588,0.881,ankleTotalROMAvg,-30.635,-36.762,-6.127,TorsoVeloPostHitch,0.468,0.772,0.303,BallVeloRelease__zwithin,-1.494,-0.994,0.5,maxAnklePlantarflexionNonDominantPostHitch,-1.013,-1.215,-0.203
Player 163,24575,Off the Dribble,Right,3,BallVeloRelease,4.881,5.588,0.706,BallVeloPostHitch,0.067,0.567,0.5,ankleTotalROMAvg,-30.006,-36.008,-6.001,TorsoVeloPostHitch,0.4,0.772,0.372,BallVeloRelease__zwithin,-1.239,-0.739,0.5
Player 163,24576,Off the Dribble,Right,4,BallVeloRelease,4.949,5.588,0.639,timeToMaxElbowExtensionDomDiffHitch,0.075,0.0,-0.075,maxAnklePlantarflexionNonDominantPostHitch,-5.993,-7.192,-1.199,BallVeloRelease__zwithin,-1.14,-0.64,0.5,TorsoVeloRelease__zwithin,-1.2,-0.7,0.5
Player 163,24577,Off the Dribble,Right,4,BallVeloRelease,5.14,5.588,0.448,KneeTotalROMAvg,39.745,47.694,7.949,maxAnklePlantarflexionNonDominantPostHitch,-5.15,-6.18,-1.03,BallVeloRelease__zwithin,-0.86,-0.36,0.5,ankleTotalROMAvg,-34.496,-41.395,-6.899
Player 163,24578,Off the Dribble,Right,4,BallVeloRelease,4.889,5.588,0.699,TorsoVeloPostHitch,0.534,0.772,0.238,BallVeloRelease__zwithin,-1.228,-0.728,0.5,maxAnklePlantarflexionNonDominantPostHitch,-5.355,-6.426,-1.071,maxAnklePlantarflexionDomDiffPostHitch,-7.335,-5.868,1.467
Player 163,24579,Off the Dribble,Right,3,BallVeloRelease,4.744,5.588,0.844,TorsoVeloPostHitch,0.57,0.772,0.201,BallVeloRelease__zwithin,-1.44,-0.94,0.5,TorsoVeloRelease__zwithin,-1.338,-0.838,0.5,KneeTotalROMAvg,34.391,41.269,6.878
Player 163,24580,Off the Dribble,Right,4,BallVeloRelease,4.877,5.588,0.71,BallVeloRelease__zwithin,-1.245,-0.745,0.5,maxAnklePlantarflexionNonDominantPostHitch,-3.795,-4.554,-0.759,TorsoVeloRelease__zwithin,-1.176,-0.676,0.5,ankleTotalROMAvg,-33.613,-40.336,-6.723
Player 163,24581,Off the Dribble,Right,4,BallVeloRelease,4.879,5.588,0.709,maxAnklePlantarflexionNonDominantPostHitch,-5.212,-6.255,-1.042,TorsoVeloRelease__zwithin,-1.372,-0.872,0.5,BallVeloRelease__zwithin,-1.243,-0.743,0.5,ankleTotalROMAvg,-33.998,-40.798,-6.8
Player 163,24582,Off the Dribble,Right,4,BallVeloRelease,5.001,5.588,0.587,TorsoVeloPostHitch,0.546,0.772,0.226,KneeTotalROMAvg,41.051,47.968,6.917,maxAnklePlantarflexionNonDominantPostHitch,-6.607,-7.928,-1.321,TorsoVeloRelease__zwithin,-1.445,-0.945,0.5
Player 163,24583,Off the Dribble,Right,4,BallVeloRelease,5.095,5.588,0.492,KneeTotalROMAvg,40.648,47.968,7.32,TorsoVeloPostHitch,0.532,0.772,0.239,maxAnklePlantarflexionNonDominantPostHitch,-7.907,-9.488,-1.581,BallVeloRelease__zwithin,-0.926,-0.426,0.5
Player 163,24584,Off the Dribble,Right,4,BallVeloRelease,4.939,5.588,0.648,TorsoVeloRelease__zwithin,-1.313,-0.813,0.5,maxAnklePlantarflexionNonDominantPostHitch,-9.2,-11.04,-1.84,TorsoVeloPostHitch,0.671,0.772,0.101,BallVeloRelease__zwithin,-1.154,-0.654,0.5
Player 163,24585,Off the Dribble,Right,4,BallVeloRelease,5.13,5.588,0.458,TorsoVeloPostHitch,-0.535,-0.035,0.5,ShoulderAlignmentRelease__zwithin,-1.659,-1.327,0.332,TorsoVeloPostHitch__zwithin,-2.985,-2.388,0.597,timeToMaxElbowFlexionDomDiffPostHitch__zwithin,0.636,0.007,-0.628
Player 163,24586,Off the Dribble,Right,3,BallVeloRelease,4.559,5.471,0.912,TorsoVeloPostHitch,0.123,0.623,0.5,BallVeloRelease__zwithin,-1.71,-1.21,0.5,maxKneeExtensionDomDiffHitch,-14.632,-3.378,11.253,timeToMaxShoulderExtensionNonDominantPreHitch,0.134,0.0,-0.134
Player 163,24587,Off the Dribble,Right,3,BallVeloRelease,4.455,5.346,0.891,ankleTotalROMAvg,-11.989,-14.387,-2.398,TorsoVeloPostHitch,0.19,0.69,0.5,BallVeloRelease__zwithin,-1.862,-1.362,0.5,TorsoVeloRelease__zwithin,-1.579,-1.079,0.5
Player 163,24588,Catch and Shoot,Right,3,BallVeloRelease,4.575,5.49,0.915,ankleTotalROMAvg,-10.421,-12.505,-2.084,TorsoVeloPostHitch,0.131,0.631,0.5,BallVeloRelease__zwithin,-1.687,-1.187,0.5,TorsoVeloRelease__zwithin,-1.597,-1.097,0.5
Player 163,24589,Off the Dribble,Right,3,BallVeloRelease,3.938,4.726,0.788,ankleTotalROMAvg,-18.828,-22.594,-3.766,TorsoVeloPostHitch,0.087,0.587,0.5,BallVeloRelease__zwithin,-2.618,-2.094,0.524,TorsoVeloRelease__zwithin,-1.397,-0.897,0.5
Player 163,24590,Catch and Shoot,Right,3,BallVeloRelease,4.207,5.048,0.841,ankleTotalROMAvg,-15.251,-18.301,-3.05,TorsoVeloPostHitch,0.168,0.668,0.5,BallVeloRelease__zwithin,-2.225,-1.725,0.5,TorsoVeloRelease__zwithin,-1.71,-1.21,0.5
Player 163,24594,Catch and Shoot,Right,4,BallVeloRelease,5.461,6.027,0.566,KneeTotalROMAvg,37.727,45.273,7.545,BallVeloRelease__zwithin,-0.391,0.109,0.5,TorsoVeloPostHitch,0.537,0.884,0.347,maxAnklePlantarflexionNonDominantPostHitch,-13.139,-15.767,-2.628
Player 163,24595,Off the Dribble,Right,4,BallVeloRelease,5.309,5.588,0.279,BallVeloPostHitch,0.076,0.576,0.5,KneeTotalROMAvg,37.323,44.787,7.465,HipAlignmentRelease__zwithin,0.097,0.078,-0.019,TorsoVeloPostHitch,0.348,0.772,0.424
Player 163,24596,Catch and Shoot,Right,4,BallVeloRelease,5.087,6.027,0.939,TorsoVeloPostHitch,0.482,0.884,0.402,KneeTotalROMAvg,36.314,43.576,7.263,BallVeloRelease__zwithin,-0.937,-0.437,0.5,maxAnklePlantarflexionNonDominantPostHitch,-9.245,-11.094,-1.849
Player 163,24597,Catch and Shoot,Right,4,BallVeloRelease,5.615,6.027,0.411,KneeTotalROMAvg,38.012,45.615,7.602,BallVeloRelease__zwithin,-0.165,0.335,0.5,TorsoVeloPostHitch,0.343,0.843,0.5,ankleTotalROMAvg,-39.242,-47.09,-7.848
Player 163,24598,Catch and Shoot,Right,4,BallVeloRelease,5.718,6.027,0.309,KneeTotalROMAvg,42.419,50.903,8.484,maxShoulderFlexionAvgPostHitch,118.879,126.946,8.066,TorsoVeloPostHitch,0.522,0.884,0.362,BallVeloRelease__zwithin,-0.016,0.436,0.452
Player 163,24599,Catch and Shoot,Right,4,BallVeloRelease,5.658,6.027,0.368,KneeTotalROMAvg,34.467,41.361,6.893,maxAnklePlantarflexionNonDominantPostHitch,-13.342,-16.011,-2.668,BallVeloRelease__zwithin,-0.103,0.397,0.5,ankleTotalROMAvg,-37.655,-45.186,-7.531
Player 163,24600,Catch and Shoot,Right,4,BallVeloRelease,5.726,6.027,0.301,TorsoVeloPostHitch,0.43,0.884,0.454,BallVeloRelease__zwithin,-0.003,0.436,0.439,maxKneeFlexionDominantPreHitch,-49.783,-61.783,-12.0,maxShoulderFlexionAvgPostHitch,123.971,126.946,2.975
Player 163,24601,Off the Dribble,Right,4,BallVeloRelease,5.824,5.588,-0.236,BallVeloRelease__zwithin,0.14,-0.206,-0.346,TorsoVeloPostHitch,0.409,0.772,0.362,maxKneeFlexionDominantPreHitch,-48.024,-59.157,-11.133,maxShoulderFlexionAvgPostHitch,125.577,125.299,-0.278
Player 163,24604,Catch and Shoot,Right,4,HipAlignmentHitch__zwithin,0.037,0.042,0.005,maxKneeExtensionAvgPostHitch,-19.455,-16.009,3.446,maxKneeExtensionNonDominantPostHitch,-22.634,-15.941,6.693,maxHipExtensionDomDiffPostHitch,-9.721,-2.073,7.648,maxKneeExtensionDomDiffHitch,-7.429,-3.816,3.613
Player 163,24607,Catch and Shoot,Right,4,BallVeloRelease,5.823,6.027,0.203,BallVeloRelease__zwithin,0.139,0.436,0.297,maxShoulderFlexionAvgPostHitch,123.023,126.946,3.922,Max.Ball.Released..Away.from.body.,0.714,0.571,-0.143,maxAnklePlantarflexionDomDiffPostHitch,-4.483,-3.586,0.897
Player 163,24611,Catch and Shoot,Right,4,BallVeloRelease,5.853,6.027,0.173,BallVeloRelease__zwithin,0.183,0.436,0.253,Max.Ball.Released..Away.from.body.,0.767,0.614,-0.153,TorsoVeloRelease__zwithin,-0.836,-0.336,0.5,maxKneeExtensionAvgPostHitch,-22.754,-16.009,6.745
Player 163,24616,Off the Dribble,Right,4,HipAlignmentPostHitch__zwithin,1.717,1.373,-0.343,HipAlignmentRelease__zwithin,1.617,1.293,-0.323,HipAlignmentPreHitch__zwithin,1.72,1.376,-0.344,maxAnklePlantarflexionDomDiffPostHitch,-9.533,-7.627,1.907,KneeTotalROMAvg,44.866,47.968,3.102
Player 163,24617,Off the Dribble,Right,4,BallVeloRelease,5.918,5.588,-0.33,TorsoVeloPostHitch,-0.229,0.271,0.5,HipAlignmentPostHitch__zwithin,1.738,1.39,-0.348,maxShoulderFlexionAvgPostHitch,122.308,125.299,2.991,MaxStanceGapHitch,0.378,0.452,0.075
Player 163,24618,Catch and Shoot,Right,4,HipAlignmentPostHitch__zwithin,1.585,1.268,-0.317,HipAlignmentPreHitch__zwithin,1.726,1.381,-0.345,HipAlignmentRelease__zwithin,1.544,1.236,-0.309,ShoulderAlignmentPostHitch__zwithin,1.802,1.442,-0.36,KneeTotalROMAvg,43.5,51.313,7.813
Player 163,24619,Off the Dribble,Right,4,HipAlignmentPreHitch__zwithin,1.773,1.419,-0.355,HipAlignmentRelease__zwithin,1.655,1.324,-0.331,HipAlignmentPostHitch__zwithin,1.714,1.371,-0.343,ShoulderAlignmentPostHitch__zwithin,1.857,1.485,-0.371,BallVeloRelease,5.958,5.588,-0.371
Player 163,24620,Off the Dribble,Right,4,BallVeloRelease,5.893,5.588,-0.305,HipAlignmentPreHitch__zwithin,1.347,1.078,-0.269,HipAlignmentRelease__zwithin,1.168,0.935,-0.234,HipAlignmentPostHitch__zwithin,1.344,1.075,-0.269,timeToMaxKneeExtensionDominantPostHitch,0.317,0.671,0.354
Player 163,24621,Catch and Shoot,Right,4,BallVeloRelease,5.667,6.027,0.36,HipAlignmentRelease__zwithin,1.575,1.26,-0.315,HipAlignmentPreHitch__zwithin,1.729,1.383,-0.346,HipAlignmentPostHitch__zwithin,1.759,1.407,-0.352,BallVeloRelease__zwithin,-0.09,0.41,0.5
Player 163,24622,Off the Dribble,Right,4,BallVeloPostHitch,-0.587,-0.087,0.5,HipAlignmentPostHitch__zwithin,1.716,1.373,-0.343,BallVeloRelease,6.016,5.588,-0.428,maxTorsoExtensionPreHitch,-10.284,-4.018,6.266,maxShoulderFlexionAvgPostHitch,121.794,125.299,3.505
Player 163,24623,Off the Dribble,Right,4,BallVeloRelease,5.667,5.588,-0.079,KneeTotalROMAvg,41.021,47.968,6.947,HipAlignmentRelease__zwithin,1.711,1.369,-0.342,BallVeloRelease__zwithin,-0.09,-0.206,-0.116,HipAlignmentPreHitch__zwithin,1.714,1.371,-0.343
Player 163,24625,Off the Dribble,Right,4,HipAlignmentPreHitch__zwithin,1.563,1.25,-0.313,HipAlignmentRelease__zwithin,1.569,1.255,-0.314,HipAlignmentPostHitch__zwithin,1.719,1.375,-0.344,ShoulderAlignmentPostHitch__zwithin,1.64,1.312,-0.328,MaxStanceGapHitch,0.358,0.43,0.072
Player 163,24634,Off the Dribble,Right,4,HipAlignmentPreHitch__zwithin,1.182,0.945,-0.236,HipAlignmentPostHitch__zwithin,1.182,0.946,-0.236,HipAlignmentRelease__zwithin,1.028,0.822,-0.206,ShoulderAlignmentPostHitch__zwithin,1.031,0.825,-0.206,maxShoulderFlexionAvgPostHitch,121.884,125.299,3.415
Player 163,24643,Off the Dribble,Right,4,BallVeloRelease,5.784,5.588,-0.196,BallVeloRelease__zwithin,0.081,-0.206,-0.287,ShoulderAlignmentRelease__zwithin,-1.429,-1.143,0.286,HipAlignmentPostHitch__zwithin,-1.522,-1.217,0.304,maxKneeExtensionDomDiffHitch,-9.38,-3.378,6.001
Player 163,24644,Off the Dribble,Right,4,BallVeloRelease,5.747,5.588,-0.159,BallVeloRelease__zwithin,0.027,-0.206,-0.233,ShoulderAlignmentRelease__zwithin,-1.483,-1.186,0.297,maxKneeExtensionDomDiffHitch,-9.71,-3.378,6.332,maxShoulderFlexionDomDiffHitch,4.102,-3.832,-7.934
Player 163,24647,Catch and Shoot,Right,4,maxKneeFlexionDominantPreHitch,-51.663,-63.663,-12.0,ShoulderAlignmentRelease__zwithin,-1.386,-1.109,0.277,maxAnklePlantarflexionDomDiffPostHitch,-7.131,-5.705,1.426,maxShoulderFlexionNonDominantPostHitch,123.421,124.484,1.063,maxShoulderExtensionDominantHitch,45.952,55.936,9.984
Player 163,24648,Catch and Shoot,Right,4,BallVeloRelease,5.702,6.027,0.325,maxHipFlexionDominantPostHitch,39.538,30.845,-8.693,BallVeloRelease__zwithin,-0.039,0.436,0.475,maxKneeExtensionDomDiffHitch,-17.326,-5.326,12.0,TorsoVeloRelease__zwithin,-0.195,0.305,0.5
Player 163,24650,Off the Dribble,Right,4,BallVeloRelease,5.697,5.588,-0.109,BallVeloRelease__zwithin,-0.046,-0.206,-0.16,ShoulderAlignmentRelease__zwithin,-1.405,-1.124,0.281,maxKneeFlexionDominantPreHitch,-50.912,-59.157,-8.245,BallVeloStart__zwithin,-1.089,-0.589,0.5
Player 163,24651,Catch and Shoot,Right,4,BallVeloRelease,5.799,6.027,0.228,BallVeloRelease__zwithin,0.103,0.436,0.333,ShoulderAlignmentRelease__zwithin,-1.501,-1.201,0.3,maxKneeFlexionDominantPreHitch,-54.784,-64.418,-9.634,maxKneeExtensionDomDiffHitch,-11.005,-3.816,7.189
Player 163,24659,Catch and Shoot,Right,4,BallVeloRelease,5.884,6.027,0.143,BallVeloRelease__zwithin,0.227,0.436,0.209,maxKneeExtensionDomDiffHitch,-17.506,-5.506,12.0,timeToMaxKneeFlexionDomDiffHitch,0.034,0.0,-0.034,KneeTotalROMAvg,46.416,51.313,4.897
Player 163,24661,Catch and Shoot,Right,4,BallVeloRelease,5.612,6.027,0.415,BallVeloRelease__zwithin,-0.171,0.329,0.5,maxKneeFlexionDominantPreHitch,-52.476,-64.418,-11.942,TorsoVeloPostHitch,0.502,0.884,0.382,Max.Ball.Released..Away.from.body.,0.714,0.571,-0.143
Player 163,24665,Catch and Shoot,Right,4,BallVeloRelease,5.819,6.027,0.208,BallVeloRelease__zwithin,0.133,0.436,0.303,maxKneeExtensionDomDiffHitch,-12.746,-3.816,8.929,MaxStanceGapHitch,0.393,0.454,0.061,maxAnklePlantarflexionAvgPreHitch,9.867,11.84,1.973
Player 163,24672,Off the Dribble,Right,4,BallVeloRelease,5.108,5.588,0.479,TorsoVeloPostHitch,0.293,0.772,0.479,BallVeloRelease__zwithin,-0.907,-0.407,0.5,KneeTotalROMAvg,30.4,36.48,6.08,maxAnklePlantarflexionNonDominantPostHitch,-6.88,-8.256,-1.376
Player 163,24673,Catch and Shoot,Right,4,BallVeloRelease,4.733,5.68,0.947,TorsoVeloPostHitch,0.463,0.884,0.421,BallVeloRelease__zwithin,-1.455,-0.955,0.5,KneeTotalROMAvg,39.643,47.571,7.929,maxAnklePlantarflexionNonDominantPostHitch,-6.581,-7.897,-1.316
Player 163,24674,Catch and Shoot,Right,3,BallVeloRelease,4.8,5.76,0.96,ankleTotalROMAvg,-28.861,-34.634,-5.772,TorsoVeloPostHitch,0.491,0.884,0.393,timeToMaxAnkleDorsiflexionDomDiffHitch,0.134,0.107,-0.027,BallVeloRelease__zwithin,-1.358,-0.858,0.5
Player 163,24675,Catch and Shoot,Right,3,BallVeloRelease,5.268,6.027,0.759,maxAnklePlantarflexionNonDominantPostHitch,-7.96,-9.551,-1.592,ankleTotalROMAvg,-35.063,-42.076,-7.013,TorsoVeloRelease__zwithin,-0.895,-0.395,0.5,TorsoVeloPostHitch,0.544,0.884,0.339
Player 163,24676,Catch and Shoot,Right,3,BallVeloRelease,4.941,5.929,0.988,BallVeloRelease__zwithin,-1.151,-0.651,0.5,maxAnklePlantarflexionNonDominantPostHitch,-8.325,-9.99,-1.665,KneeTotalROMAvg,38.588,46.305,7.718,TorsoVeloRelease__zwithin,-1.284,-0.784,0.5
Player 163,24677,Catch and Shoot,Right,3,BallVeloRelease,4.902,5.882,0.98,BallVeloRelease__zwithin,-1.209,-0.709,0.5,maxAnklePlantarflexionNonDominantPostHitch,-5.83,-6.996,-1.166,TorsoVeloRelease__zwithin,-1.31,-0.81,0.5,TorsoVeloPostHitch,0.613,0.884,0.271
Player 163,24678,Catch and Shoot,Right,4,BallVeloRelease,5.171,6.027,0.855,KneeTotalROMAvg,33.219,39.863,6.644,maxAnklePlantarflexionNonDominantPostHitch,-4.57,-5.484,-0.914,ankleTotalROMAvg,-31.911,-38.294,-6.382,BallVeloRelease__zwithin,-0.815,-0.315,0.5
Player 163,24679,Catch and Shoot,Right,4,BallVeloRelease,5.226,6.027,0.801,KneeTotalROMAvg,39.681,47.617,7.936,maxAnklePlantarflexionNonDominantPostHitch,-8.775,-10.53,-1.755,ankleTotalROMAvg,-38.321,-45.986,-7.664,TorsoVeloRelease__zwithin,-0.923,-0.423,0.5
Player 163,24680,Catch and Shoot,Right,4,BallVeloRelease,5.263,6.027,0.763,KneeTotalROMAvg,36.573,43.888,7.315,maxAnklePlantarflexionNonDominantPostHitch,-8.472,-10.166,-1.694,TorsoVeloRelease__zwithin,-1.536,-1.036,0.5,ankleTotalROMAvg,-33.565,-40.278,-6.713
Player 163,24696,Catch and Shoot,Right,4,BallVeloRelease,5.398,6.027,0.629,BallVeloRelease__zwithin,-0.484,0.016,0.5,ShoulderAlignmentRelease__zwithin,-1.421,-1.137,0.284,HipAlignmentPostHitch__zwithin,-1.469,-1.175,0.294,maxKneeExtensionDomDiffHitch,-10.432,-3.816,6.615
Player 163,24697,Catch and Shoot,Right,4,BallVeloRelease,5.678,6.027,0.349,ShoulderAlignmentRelease__zwithin,-1.517,-1.214,0.303,BallVeloRelease__zwithin,-0.074,0.426,0.5,ShoulderTotalROMDominant,115.667,117.081,1.415,maxHipExtensionNonDominantHitch,28.247,27.744,-0.503
Player 163,24698,Off the Dribble,Right,4,BallVeloRelease,5.496,5.588,0.091,BallVeloRelease__zwithin,-0.34,-0.206,0.134,ShoulderAlignmentRelease__zwithin,-1.47,-1.176,0.294,timeToMaxAnklePlantarflexionNonDominantPreHitch,0.066,0.079,0.013,ShoulderTotalROMDominant,123.486,123.443,-0.043
Player 163,24700,Catch and Shoot,Right,4,BallVeloRelease,5.787,6.027,0.24,BallVeloRelease__zwithin,0.085,0.436,0.351,maxKneeExtensionDomDiffHitch,-18.308,-6.308,12.0,ShoulderAlignmentRelease__zwithin,-1.58,-1.264,0.316,maxShoulderFlexionAvgPostHitch,125.179,126.946,1.766
Player 163,24701,Catch and Shoot,Right,4,BallVeloRelease,5.792,6.027,0.235,BallVeloRelease__zwithin,0.093,0.436,0.343,ShoulderAlignmentRelease__zwithin,-1.449,-1.159,0.29,maxShoulderFlexionNonDominantPostHitch,122.373,124.484,2.111,HipAlignmentPostHitch__zwithin,-1.582,-1.265,0.316
Player 163,24703,Off the Dribble,Right,4,BallVeloRelease,5.406,5.588,0.181,BallVeloRelease__zwithin,-0.471,-0.206,0.265,ShoulderAlignmentRelease__zwithin,-1.427,-1.142,0.285,maxShoulderFlexionAvgPostHitch,124.45,125.299,0.849,maxShoulderFlexionNonDominantPostHitch,120.197,122.925,2.728
Player 163,24704,Catch and Shoot,Right,4,BallVeloRelease,5.555,6.027,0.472,BallVeloRelease__zwithin,-0.254,0.246,0.5,ShoulderAlignmentRelease__zwithin,-1.622,-1.297,0.324,maxShoulderFlexionAvgPostHitch,127.398,126.946,-0.452,maxKneeExtensionDomDiffHitch,-13.446,-3.816,9.63
Player 163,24706,Catch and Shoot,Right,4,BallVeloRelease,5.553,6.027,0.474,BallVeloRelease__zwithin,-0.257,0.243,0.5,maxShoulderFlexionAvgPostHitch,124.227,126.946,2.718,ShoulderAlignmentRelease__zwithin,-1.585,-1.268,0.317,HipAlignmentPostHitch__zwithin,-1.514,-1.211,0.303
Player 163,24707,Off the Dribble,Right,4,BallVeloRelease,5.742,5.588,-0.154,BallVeloRelease__zwithin,0.019,-0.206,-0.225,ShoulderAlignmentRelease__zwithin,-1.459,-1.167,0.292,maxShoulderFlexionAvgPostHitch,126.531,125.299,-1.232,HipAlignmentPostHitch__zwithin,-1.611,-1.289,0.322
Player 163,24708,Catch and Shoot,Right,4,BallVeloRelease,5.646,6.027,0.381,BallVeloRelease__zwithin,-0.121,0.379,0.5,ShoulderAlignmentRelease__zwithin,-1.579,-1.263,0.316,maxShoulderFlexionAvgPostHitch,124.602,126.946,2.344,ShoulderTotalROMDominant,113.997,117.081,3.084
Player 163,24713,Off the Dribble,Right,4,BallVeloRelease,5.424,5.588,0.164,maxShoulderFlexionNonDominantPostHitch,121.784,122.925,1.141,BallVeloRelease__zwithin,-0.445,-0.206,0.239,ShoulderAlignmentRelease__zwithin,-1.471,-1.177,0.294,maxShoulderFlexionAvgPostHitch,126.576,125.299,-1.277
Player 163,24714,Catch and Shoot,Right,4,BallVeloRelease,5.593,6.027,0.433,BallVeloRelease__zwithin,-0.197,0.303,0.5,ShoulderAlignmentRelease__zwithin,-1.631,-1.305,0.326,maxShoulderFlexionAvgPostHitch,126.628,126.946,0.317,ShoulderTotalROMDominant,122.753,117.081,-5.672
Player 163,24715,Off the Dribble,Right,4,BallVeloRelease,5.312,5.588,0.275,BallVeloRelease__zwithin,-0.608,-0.206,0.402,maxShoulderFlexionNonDominantPostHitch,121.819,122.925,1.106,ShoulderAlignmentRelease__zwithin,-1.51,-1.208,0.302,maxShoulderFlexionAvgPostHitch,127.306,125.299,-2.007
Player 163,24716,Catch and Shoot,Right,4,BallVeloRelease,5.723,6.027,0.303,ShoulderAlignmentRelease__zwithin,-1.686,-1.349,0.337,BallVeloRelease__zwithin,-0.007,0.436,0.443,maxShoulderFlexionAvgPostHitch,127.028,126.946,-0.083,ShoulderTotalROMDominant,117.505,117.081,-0.423
Player 163,24717,Off the Dribble,Right,4,BallVeloRelease,5.633,5.588,-0.045,BallVeloRelease__zwithin,-0.14,-0.206,-0.066,ShoulderAlignmentRelease__zwithin,-1.507,-1.205,0.301,maxShoulderFlexionAvgPostHitch,126.18,125.299,-0.881,maxHipFlexionNonDominantPreHitch__zwithin,-0.799,-0.054,0.746
Player 163,24719,Off the Dribble,Right,4,BallVeloRelease,5.798,5.588,-0.21,BallVeloRelease__zwithin,0.102,-0.206,-0.308,ShoulderAlignmentRelease__zwithin,-1.485,-1.188,0.297,maxHipFlexionDominantPostHitch,35.438,23.604,-11.834,ShoulderTotalROMDominant,121.147,123.443,2.296
Player 163,24720,Catch and Shoot,Right,4,BallVeloRelease,5.751,6.027,0.276,maxShoulderFlexionAvgPostHitch,123.088,126.946,3.858,BallVeloRelease__zwithin,0.033,0.436,0.403,ShoulderAlignmentRelease__zwithin,-1.741,-1.392,0.348,maxHipFlexionDominantPostHitch,36.105,30.845,-5.26
Player 163,24721,Off the Dribble,Right,4,BallVeloRelease,5.827,5.588,-0.24,BallVeloRelease__zwithin,0.145,-0.206,-0.351,ShoulderAlignmentRelease__zwithin,-1.434,-1.147,0.287,maxShoulderFlexionNonDominantPostHitch,120.196,122.925,2.729,ShoulderTotalROMDominant,87.43,104.916,17.486
Player 163,24722,Off the Dribble,Right,4,BallVeloRelease,5.584,5.588,0.003,BallVeloRelease__zwithin,-0.211,-0.206,0.005,ShoulderAlignmentRelease__zwithin,-1.461,-1.169,0.292,ShoulderTotalROMDominant,81.733,98.08,16.347,maxHipFlexionNonDominantPreHitch__zwithin,-1.032,-0.054,0.979
Player 163,24724,Off the Dribble,Right,4,BallVeloRelease,5.744,5.588,-0.156,BallVeloRelease__zwithin,0.023,-0.206,-0.229,HipAlignmentPostHitch__zwithin,-1.486,-1.189,0.297,ShoulderAlignmentRelease__zwithin,-1.483,-1.186,0.297,maxKneeExtensionDomDiffHitch,-15.325,-3.378,11.947
Player 163,24727,Off the Dribble,Right,4,BallVeloRelease,5.903,5.588,-0.315,ShoulderAlignmentRelease__zwithin,-1.469,-1.175,0.294,BallVeloRelease__zwithin,0.255,-0.206,-0.461,timeToMaxElbowExtensionDominantPostHitch,0.441,0.692,0.251,timeToMaxShoulderFlexionDominantPreHitch,0.041,0.192,0.151
Player 163,24728,Off the Dribble,Right,4,BallVeloRelease,5.705,5.588,-0.118,BallVeloRelease__zwithin,-0.034,-0.206,-0.172,maxAnkleDorsiflexionDomDiffPostHitch,12.286,9.829,-2.457,ShoulderAlignmentRelease__zwithin,-1.554,-1.243,0.311,maxHipExtensionAvgHitch__zwithin,-0.239,-0.312,-0.073
Player 163,24729,Catch and Shoot,Right,4,BallVeloRelease,5.785,6.027,0.241,maxKneeExtensionDomDiffHitch,-16.785,-4.785,12.0,BallVeloRelease__zwithin,0.083,0.436,0.353,maxHipFlexionDominantPostHitch,36.094,30.845,-5.249,maxTorsoFlexionPreHitch__zwithin,-1.214,0.029,1.243
Player 163,24730,Catch and Shoot,Right,4,maxShoulderFlexionNonDominantPostHitch,122.681,124.484,1.803,BallVeloRelease,5.948,6.027,0.079,ShoulderAlignmentRelease__zwithin,-1.451,-1.161,0.29,maxShoulderFlexionAvgPostHitch,126.848,126.946,0.098,HipAlignmentPostHitch__zwithin,-1.486,-1.189,0.297
Player 163,24731,Catch and Shoot,Right,4,BallVeloRelease,5.865,6.027,0.162,BallVeloRelease__zwithin,0.2,0.436,0.236,maxTorsoFlexionPreHitch__zwithin,-1.588,0.029,1.618,ShoulderAlignmentRelease__zwithin,-1.459,-1.167,0.292,maxShoulderFlexionAvgPostHitch,127.597,126.946,-0.651
Player 163,24732,Catch and Shoot,Right,4,BallVeloRelease,5.364,6.027,0.663,BallVeloRelease__zwithin,-0.533,-0.033,0.5,maxKneeExtensionDomDiffHitch,-17.121,-5.121,12.0,ShoulderAlignmentRelease__zwithin,-1.447,-1.158,0.289,maxHipFlexionDominantPostHitch,35.59,30.845,-4.744
Player 163,24735,Catch and Shoot,Right,4,BallVeloRelease,5.821,6.027,0.206,BallVeloRelease__zwithin,0.135,0.436,0.301,ShoulderAlignmentRelease__zwithin,-1.445,-1.156,0.289,MaxStanceGapHitch,0.331,0.397,0.066,maxKneeExtensionDomDiffHitch,-8.704,-3.816,4.887
Player 163,24736,Off the Dribble,Right,4,BallVeloRelease,5.72,5.588,-0.132,BallVeloRelease__zwithin,-0.013,-0.206,-0.193,ShoulderTotalROMDominant,88.844,106.613,17.769,ShoulderAlignmentRelease__zwithin,-1.407,-1.126,0.281,timeToMaxShoulderFlexionDominantPreHitch,0.017,0.192,0.175
Player 163,24737,Catch and Shoot,Right,4,BallVeloRelease,5.546,6.027,0.481,KneeTotalROMAvg,40.539,48.647,8.108,BallVeloRelease__zwithin,-0.267,0.233,0.5,ShoulderAlignmentRelease__zwithin,-1.536,-1.228,0.307,maxKneeExtensionDomDiffHitch,-14.6,-3.816,10.783
Player 163,24738,Catch and Shoot,Right,4,BallVeloRelease,5.817,6.027,0.209,maxKneeExtensionDomDiffHitch,-19.532,-7.532,12.0,BallVeloRelease__zwithin,0.13,0.436,0.306,maxTorsoFlexionPreHitch__zwithin,-1.268,0.029,1.298,maxHipFlexionDominantPostHitch,35.331,30.845,-4.486
Player 163,24741,Catch and Shoot,Right,4,BallVeloRelease,5.743,6.027,0.284,BallVeloRelease__zwithin,0.021,0.436,0.415,maxKneeExtensionDomDiffHitch,-16.986,-4.986,12.0,ShoulderAlignmentRelease__zwithin,-1.601,-1.281,0.32,MaxStanceGapHitch,0.401,0.454,0.053
Player 163,24743,Off the Dribble,Right,4,BallVeloRelease,5.794,5.588,-0.206,BallVeloRelease__zwithin,0.096,-0.206,-0.302,ShoulderAlignmentRelease__zwithin,-1.525,-1.22,0.305,maxKneeExtensionDomDiffHitch,-15.115,-3.378,11.737,TorsoVeloRelease__zwithin,-0.223,-0.227,-0.004
Player 163,24746,Off the Dribble,Right,4,BallVeloRelease,5.874,5.588,-0.286,HipAlignmentPreHitch__zwithin,1.657,1.325,-0.331,HipAlignmentRelease__zwithin,1.608,1.287,-0.322,maxKneeExtensionDomDiffHitch,-10.488,-3.378,7.11,BallVeloRelease__zwithin,0.213,-0.206,-0.419
Player 163,24747,Catch and Shoot,Right,4,HipAlignmentPreHitch__zwithin,1.658,1.326,-0.332,HipAlignmentRelease__zwithin,1.669,1.336,-0.334,HipAlignmentPostHitch__zwithin,1.853,1.482,-0.371,ShoulderAlignmentPostHitch__zwithin,1.923,1.538,-0.385,BallVeloStart__zwithin,-1.171,-0.671,0.5
Player 163,24748,Off the Dribble,Right,4,HipAlignmentRelease__zwithin,1.861,1.489,-0.372,ShoulderAlignmentPostHitch__zwithin,1.914,1.531,-0.383,HipAlignmentPostHitch__zwithin,2.011,1.609,-0.402,HipAlignmentPreHitch__zwithin,1.908,1.526,-0.382,BallVeloRelease,6.022,5.588,-0.434
Player 163,24749,Catch and Shoot,Right,4,HipAlignmentPostHitch__zwithin,1.759,1.407,-0.352,HipAlignmentRelease__zwithin,1.55,1.24,-0.31,KneeTotalROMAvg,43.649,51.313,7.664,ShoulderAlignmentPostHitch__zwithin,2.052,1.642,-0.41,HipAlignmentPreHitch__zwithin,1.762,1.409,-0.352
Player 163,24750,Off the Dribble,Right,4,HipAlignmentPreHitch__zwithin,1.843,1.475,-0.369,HipAlignmentRelease__zwithin,1.612,1.289,-0.322,HipAlignmentPostHitch__zwithin,1.78,1.424,-0.356,FeetAlignmentRelease,-171.099,-136.879,34.22,BallVeloStart__zwithin,-0.958,-0.458,0.5
Player 163,24752,Off the Dribble,Right,4,BallVeloRelease,5.774,5.588,-0.186,HipAlignmentPreHitch__zwithin,1.586,1.269,-0.317,HipAlignmentRelease__zwithin,1.693,1.354,-0.339,FeetAlignmentRelease,-150.033,-120.026,30.007,BallVeloRelease__zwithin,0.066,-0.206,-0.272
Player 163,24754,Off the Dribble,Right,4,BallVeloRelease,5.804,5.588,-0.216,HipAlignmentRelease__zwithin,1.757,1.405,-0.351,maxShoulderExtensionAvgHitch,80.476,68.476,-12.0,maxAnkleDorsiflexionDomDiffPreHitch,10.147,8.118,-2.029,maxKneeExtensionDomDiffHitch,-28.693,-16.693,12.0
Player 163,24759,Off the Dribble,Right,4,maxKneeExtensionDomDiffHitch,-17.544,-5.544,12.0,ShoulderAlignmentPostHitch__zwithin,1.983,1.587,-0.397,HipAlignmentRelease__zwithin,1.785,1.428,-0.357,HipAlignmentPostHitch__zwithin,1.999,1.599,-0.4,HipAlignmentPreHitch__zwithin,2.021,1.617,-0.404
Player 163,24769,Off the Dribble,Right,4,BallVeloRelease,5.656,5.588,-0.068,BallVeloRelease__zwithin,-0.106,-0.206,-0.1,ShoulderTotalROMDominant,81.4,97.68,16.28,timeToMaxElbowExtensionDominantPostHitch,0.442,0.692,0.25,timeToMaxKneeExtensionNonDominantPostHitch__zwithin,-1.572,0.242,1.813
Player 163,24783,Off the Dribble,Right,3,BallVeloRelease,5.127,5.588,0.46,ankleTotalROMAvg,-30.417,-36.501,-6.083,TorsoVeloPostHitch,0.497,0.772,0.275,maxAnklePlantarflexionNonDominantPostHitch,-0.737,-0.884,-0.147,KneeTotalROMAvg,36.262,43.514,7.252
Player 163,24784,Catch and Shoot,Right,4,BallVeloRelease,4.949,5.939,0.99,ankleTotalROMAvg,-28.924,-34.709,-5.785,TorsoVeloPostHitch,0.47,0.884,0.414,KneeTotalROMAvg,22.462,26.955,4.492,maxAnklePlantarflexionNonDominantPostHitch,-3.902,-4.683,-0.78
Player 163,24785,Catch and Shoot,Right,4,BallVeloRelease,5.238,6.027,0.789,KneeTotalROMAvg,38.068,45.682,7.614,maxAnklePlantarflexionNonDominantPostHitch,-5.643,-6.772,-1.129,TorsoVeloRelease__zwithin,-1.691,-1.191,0.5,BallVeloRelease__zwithin,-0.717,-0.217,0.5
Player 163,24786,Catch and Shoot,Right,4,BallVeloRelease,5.096,6.027,0.931,TorsoVeloPostHitch,0.479,0.884,0.405,KneeTotalROMAvg,33.632,40.359,6.726,maxAnklePlantarflexionNonDominantPostHitch,-5.252,-6.303,-1.05,BallVeloRelease__zwithin,-0.925,-0.425,0.5
Player 163,24787,Catch and Shoot,Right,4,BallVeloRelease,4.993,5.991,0.999,BallVeloPostHitch,0.102,0.602,0.5,ankleTotalROMAvg,-26.716,-32.06,-5.343,TorsoVeloPostHitch,0.348,0.848,0.5,maxAnklePlantarflexionNonDominantPostHitch,-2.897,-3.477,-0.579
Player 163,24788,Catch and Shoot,Right,4,BallVeloRelease,5.186,6.027,0.841,BallVeloPostHitch,0.1,0.6,0.5,ankleTotalROMAvg,-29.701,-35.641,-5.94,TorsoVeloPostHitch,0.31,0.81,0.5,KneeTotalROMAvg,16.581,19.897,3.316
Player 163,24789,Catch and Shoot,Right,4,BallVeloRelease,5.106,6.027,0.921,BallVeloPostHitch,0.145,0.645,0.5,TorsoVeloPostHitch,0.331,0.831,0.5,ankleTotalROMAvg,-29.611,-35.533,-5.922,maxAnklePlantarflexionNonDominantPostHitch,-3.011,-3.613,-0.602
Player 163,24790,Catch and Shoot,Right,3,BallVeloRelease,5.006,6.007,1.001,TorsoVeloPostHitch,0.337,0.837,0.5,ankleTotalROMAvg,-27.073,-32.487,-5.415,TorsoVeloRelease__zwithin,-1.521,-1.021,0.5,maxAnklePlantarflexionNonDominantPostHitch,-4.495,-5.394,-0.899
Player 163,24791,Off the Dribble,Right,3,BallVeloRelease,4.964,5.588,0.623,TorsoVeloPostHitch,0.276,0.772,0.496,BallVeloPostHitch,0.129,0.629,0.5,ankleTotalROMAvg,-31.795,-38.154,-6.359,KneeTotalROMAvg,24.296,29.155,4.859
Player 163,24792,Off the Dribble,Right,4,BallVeloRelease,4.669,5.588,0.918,TorsoVeloPostHitch,0.471,0.772,0.3,BallVeloRelease__zwithin,-1.549,-1.049,0.5,KneeTotalROMAvg,29.434,35.321,5.887,TorsoVeloRelease__zwithin,-1.353,-0.853,0.5
Player 163,24793,Catch and Shoot,Right,4,BallVeloRelease,5.175,6.027,0.851,BallVeloPostHitch,0.122,0.622,0.5,KneeTotalROMAvg,36.371,43.645,7.274,maxAnklePlantarflexionNonDominantPostHitch,-5.269,-6.322,-1.054,TorsoVeloPostHitch,0.553,0.884,0.331
Player 163,24794,Catch and Shoot,Right,4,BallVeloRelease,5.212,6.027,0.815,KneeTotalROMAvg,38.637,46.364,7.727,TorsoVeloRelease__zwithin,-1.163,-0.663,0.5,maxAnklePlantarflexionNonDominantPostHitch,-11.614,-13.937,-2.323,BallVeloRelease__zwithin,-0.756,-0.256,0.5
Player 163,24795,Catch and Shoot,Right,4,BallVeloRelease,5.376,6.027,0.65,KneeTotalROMAvg,28.109,33.731,5.622,maxAnklePlantarflexionNonDominantPostHitch,-5.767,-6.921,-1.153,TorsoVeloPostHitch,0.421,0.884,0.462,TorsoVeloRelease__zwithin,-1.009,-0.509,0.5
Player 163,24796,Off the Dribble,Right,4,BallVeloRelease,4.889,5.588,0.698,ElbowFlexionAtT0Dominant,63.192,75.192,12.0,TorsoVeloPostHitch,0.317,0.772,0.455,ankleTotalROMAvg,-30.079,-36.095,-6.016,KneeTotalROMAvg,24.651,29.582,4.93
Player 163,24797,Off the Dribble,Right,4,BallVeloRelease,5.055,5.588,0.533,TorsoVeloPostHitch,0.315,0.772,0.457,BallVeloPostHitch,0.102,0.602,0.5,ankleTotalROMAvg,-30.37,-36.444,-6.074,BallVeloRelease__zwithin,-0.985,-0.485,0.5
Player 163,24798,Off the Dribble,Right,4,BallVeloRelease,5.049,5.588,0.538,TorsoVeloPostHitch,0.485,0.772,0.287,TorsoVeloRelease__zwithin,-1.298,-0.798,0.5,maxAnklePlantarflexionNonDominantPostHitch,-2.301,-2.761,-0.46,ankleTotalROMAvg,-32.167,-38.6,-6.433
Player 163,24799,Catch and Shoot,Right,4,BallVeloRelease,5.16,6.027,0.867,ankleTotalROMAvg,-26.805,-32.166,-5.361,KneeTotalROMAvg,20.693,24.831,4.139,TorsoVeloPostHitch,0.473,0.884,0.41,maxAnklePlantarflexionNonDominantPostHitch,-4.294,-5.153,-0.859
Player 163,24800,Off the Dribble,Right,3,BallVeloRelease,3.824,4.589,0.765,TorsoVeloPostHitch,0.227,0.727,0.5,ankleTotalROMAvg,-24.085,-28.902,-4.817,timeToMaxShoulderFlexionDominantPostHitch,0.442,0.692,0.25,BallVeloRelease__zwithin,-2.784,-2.228,0.557
Player 163,24812,Off the Dribble,Right,4,BallVeloRelease,5.022,5.588,0.566,TorsoVeloPostHitch,0.079,0.579,0.5,maxElbowExtensionDomDiffPostHitch,-100.447,-88.447,12.0,ElbowTotalROMNonDominant__zwithin,2.519,2.015,-0.504,timeToMaxShoulderExtensionDomDiffPreHitch,-0.116,0.0,0.116
Player 163,24813,Catch and Shoot,Right,3,BallVeloRelease,4.488,5.385,0.898,ankleTotalROMAvg,-19.896,-23.875,-3.979,TorsoVeloPostHitch,0.271,0.77,0.5,BallVeloRelease__zwithin,-1.814,-1.314,0.5,maxAnklePlantarflexionNonDominantPostHitch,-2.897,-3.477,-0.579
Player 163,24814,Catch and Shoot,Right,3,BallVeloRelease,4.27,5.124,0.854,ankleTotalROMAvg,-13.403,-16.084,-2.681,TorsoVeloPostHitch,0.077,0.577,0.5,BallVeloRelease__zwithin,-2.133,-1.633,0.5,TorsoVeloRelease__zwithin,-1.546,-1.046,0.5
Player 163,24815,Catch and Shoot,Right,3,BallVeloRelease,3.726,4.471,0.745,ankleTotalROMAvg,-17.803,-21.364,-3.561,TorsoVeloPostHitch,0.211,0.711,0.5,TorsoVeloRelease__zwithin,-1.967,-1.467,0.5,BallVeloRelease__zwithin,-2.929,-2.343,0.586
Player 163,24823,Off the Dribble,Right,4,BallVeloRelease,5.669,5.588,-0.082,BallVeloRelease__zwithin,-0.086,-0.206,-0.12,KneeTotalROMAvg,42.568,47.968,5.4,TorsoVeloPostHitch,0.462,0.772,0.31,maxShoulderFlexionAvgPostHitch,122.096,125.299,3.204
Player 163,24826,Off the Dribble,Right,4,BallVeloRelease,5.992,5.588,-0.405,maxShoulderFlexionAvgPostHitch,123.342,125.299,1.957,maxShoulderFlexionNonDominantPostHitch,119.857,122.925,3.068,maxAnklePlantarflexionDomDiffPostHitch,-5.302,-4.241,1.06,TorsoVeloPostHitch,0.542,0.772,0.23
Player 163,24827,Catch and Shoot,Right,4,KneeTotalROMAvg,41.735,50.082,8.347,ankleTotalROMAvg,-38.094,-45.713,-7.619,TorsoVeloPostHitch,0.243,0.743,0.5,maxKneeExtensionNonDominantPostHitch,-22.33,-15.941,6.389,HipAlignmentHitch__zwithin,0.058,0.046,-0.012
Player 163,24829,Catch and Shoot,Right,4,KneeTotalROMAvg,40.596,48.715,8.119,BallVeloRelease,5.968,6.027,0.059,maxKneeFlexionDominantPreHitch,-41.908,-53.908,-12.0,maxAnklePlantarflexionNonDominantPostHitch,-17.957,-21.548,-3.591,timeToMaxShoulderExtensionDominantPreHitch,0.092,0.0,-0.092
Player 163,24830,Catch and Shoot,Right,4,BallVeloRelease,5.731,6.027,0.296,BallVeloRelease__zwithin,0.003,0.436,0.433,maxKneeFlexionDominantPreHitch,-54.096,-64.418,-10.321,TorsoVeloPostHitch,0.541,0.884,0.343,maxAnklePlantarflexionDomDiffPostHitch,-4.688,-3.751,0.938
Player 163,24849,Catch and Shoot,Right,4,BallVeloRelease,5.628,6.027,0.399,BallVeloRelease__zwithin,-0.147,0.353,0.5,MaxStanceGapPreHitch,0.249,0.298,0.05,timeToMaxKneeFlexionDomDiffHitch,0.05,0.0,-0.05,maxAnkleDorsiflexionNonDominantPostHitch__zwithin,-1.648,-1.319,0.33
Player 163,24850,Off the Dribble,Right,4,BallVeloRelease,5.941,5.588,-0.354,HipAlignmentPreHitch__zwithin,1.656,1.325,-0.331,HipAlignmentRelease__zwithin,1.582,1.266,-0.316,HipAlignmentPostHitch__zwithin,1.842,1.474,-0.368,ShoulderAlignmentPostHitch__zwithin,2.052,1.642,-0.41
Player 163,24851,Off the Dribble,Right,4,ElbowFlexionAtT0NonDominant,108.577,96.577,-12.0,HipAlignmentPreHitch__zwithin,1.634,1.308,-0.327,maxAnklePlantarflexionNonDominantPostHitch,-30.893,-24.715,6.179,HipAlignmentPostHitch__zwithin,1.722,1.378,-0.344,HipAlignmentRelease__zwithin,1.613,1.291,-0.323
Player 163,24853,Off the Dribble,Right,4,BallVeloRelease,5.874,5.588,-0.286,HipAlignmentRelease__zwithin,1.623,1.298,-0.325,HipAlignmentPreHitch__zwithin,1.56,1.248,-0.312,HipAlignmentPostHitch__zwithin,1.667,1.333,-0.333,maxAnkleDorsiflexionDomDiffPreHitch,14.201,11.361,-2.84
Player 163,24855,Catch and Shoot,Right,4,HipAlignmentPreHitch__zwithin,1.486,1.189,-0.297,HipAlignmentPostHitch__zwithin,1.473,1.178,-0.295,HipAlignmentRelease__zwithin,1.331,1.065,-0.266,ShoulderAlignmentPostHitch__zwithin,1.434,1.147,-0.287,maxElbowExtensionDomDiffHitch,0.153,12.153,12.0
Player 163,24856,Off the Dribble,Right,4,BallVeloRelease,5.849,5.588,-0.261,HipAlignmentPostHitch__zwithin,1.668,1.334,-0.334,HipAlignmentRelease__zwithin,1.613,1.291,-0.323,HipAlignmentPreHitch__zwithin,1.533,1.227,-0.307,BallVeloRelease__zwithin,0.176,-0.206,-0.382
Player 163,24860,Catch and Shoot,Right,4,HipAlignmentPreHitch__zwithin,1.242,0.993,-0.248,HipAlignmentRelease__zwithin,0.979,0.784,-0.196,HipAlignmentPostHitch__zwithin,1.129,0.903,-0.226,ShoulderAlignmentPostHitch__zwithin,0.95,0.76,-0.19,MaxStanceGapHitch,0.403,0.454,0.051
Player 163,24861,Off the Dribble,Right,4,HipAlignmentPreHitch__zwithin,1.374,1.099,-0.275,HipAlignmentPostHitch__zwithin,1.362,1.09,-0.272,HipAlignmentRelease__zwithin,1.253,1.003,-0.251,timeToMaxElbowExtensionDomDiffPostHitch,0.034,0.0,-0.034,ShoulderAlignmentPostHitch__zwithin,1.279,1.023,-0.256
Player 163,24864,Off the Dribble,Right,4,HipAlignmentPreHitch__zwithin,1.192,0.954,-0.238,HipAlignmentRelease__zwithin,1.236,0.989,-0.247,HipAlignmentPostHitch__zwithin,1.222,0.978,-0.244,BallVeloRelease,5.942,5.588,-0.355,ShoulderTotalROMDominant,117.579,123.443,5.864
Player 163,24872,Off the Dribble,Right,3,BallVeloRelease,3.929,4.714,0.786,ShoulderTotalROMNonDominant__zwithin,-3.263,-2.61,0.653,Max.Ball.Released..Away.from.body.,2.596,2.077,-0.519,maxShoulderExtensionDominantHitch,5.171,17.171,12.0,BallVeloRelease__zwithin,-2.632,-2.106,0.526
Player 163,24873,Catch and Shoot,Right,4,BallVeloRelease,5.065,6.027,0.961,ankleTotalROMAvg,-30.75,-36.9,-6.15,KneeTotalROMAvg,24.899,29.878,4.98,maxAnklePlantarflexionNonDominantPostHitch,-4.897,-5.876,-0.979,BallVeloRelease__zwithin,-0.97,-0.47,0.5
Player 163,24874,Catch and Shoot,Right,3,BallVeloRelease,4.925,5.91,0.985,ankleTotalROMAvg,-29.477,-35.372,-5.895,TorsoVeloPostHitch,0.39,0.884,0.494,maxAnklePlantarflexionNonDominantPostHitch,-4.233,-5.08,-0.847,BallVeloRelease__zwithin,-1.175,-0.675,0.5
Player 163,24875,Catch and Shoot,Right,4,BallVeloRelease,4.818,5.782,0.964,BallVeloPostHitch,0.065,0.565,0.5,TorsoVeloPostHitch,0.275,0.774,0.5,ankleTotalROMAvg,-28.983,-34.78,-5.797,BallVeloRelease__zwithin,-1.331,-0.831,0.5
Player 163,24876,Catch and Shoot,Right,4,BallVeloRelease,5.033,6.027,0.994,TorsoVeloPostHitch,0.474,0.884,0.41,maxAnklePlantarflexionNonDominantPostHitch,-5.148,-6.177,-1.03,KneeTotalROMAvg,37.739,45.287,7.548,BallVeloRelease__zwithin,-1.017,-0.517,0.5
Player 163,24877,Catch and Shoot,Right,4,BallVeloRelease,4.97,5.964,0.994,ankleTotalROMAvg,-30.503,-36.604,-6.101,TorsoVeloPostHitch,0.409,0.884,0.475,maxAnklePlantarflexionNonDominantPostHitch,-3.908,-4.69,-0.782,KneeTotalROMAvg,32.349,38.819,6.47
Player 163,24878,Catch and Shoot,Right,3,BallVeloRelease,4.951,5.941,0.99,maxAnklePlantarflexionNonDominantPostHitch,-5.524,-6.628,-1.105,KneeTotalROMAvg,41.7,50.04,8.34,BallVeloRelease__zwithin,-1.137,-0.637,0.5,ankleTotalROMAvg,-33.777,-40.532,-6.755
Player 163,24879,Off the Dribble,Right,4,BallVeloRelease,5.05,5.588,0.537,TorsoVeloPostHitch,0.531,0.772,0.241,maxAnklePlantarflexionNonDominantPostHitch,-7.622,-9.147,-1.524,BallVeloRelease__zwithin,-0.991,-0.491,0.5,ankleTotalROMAvg,-36.359,-43.631,-7.272
Player 163,24880,Catch and Shoot,Right,4,BallVeloRelease,5.106,6.027,0.921,BallVeloRelease__zwithin,-0.91,-0.41,0.5,TorsoVeloPostHitch,0.476,0.884,0.408,maxAnklePlantarflexionNonDominantPostHitch,-8.348,-10.018,-1.67,TorsoVeloRelease__zwithin,-1.328,-0.828,0.5
Player 163,24881,Catch and Shoot,Right,3,BallVeloRelease,5.161,6.027,0.865,TorsoVeloPostHitch,0.397,0.884,0.487,maxAnklePlantarflexionNonDominantPostHitch,-7.734,-9.281,-1.547,KneeTotalROMAvg,41.383,49.66,8.277,BallVeloRelease__zwithin,-0.83,-0.33,0.5
Player 163,24882,Catch and Shoot,Right,4,BallVeloRelease,5.004,6.005,1.001,TorsoVeloPostHitch,0.513,0.884,0.371,KneeTotalROMAvg,39.108,46.93,7.822,maxAnklePlantarflexionNonDominantPostHitch,-8.967,-10.76,-1.793,BallVeloRelease__zwithin,-1.059,-0.559,0.5
Player 163,24883,Off the Dribble,Right,4,BallVeloRelease,4.786,5.588,0.801,BallVeloPostHitch,0.123,0.623,0.5,TorsoVeloPostHitch,0.201,0.701,0.5,ankleTotalROMAvg,-29.83,-35.796,-5.966,BallVeloRelease__zwithin,-1.378,-0.878,0.5
Player 163,24884,Catch and Shoot,Right,3,BallVeloRelease,4.812,5.775,0.962,TorsoVeloPostHitch,0.499,0.884,0.385,BallVeloRelease__zwithin,-1.34,-0.84,0.5,KneeTotalROMAvg,34.403,41.283,6.881,maxAnklePlantarflexionNonDominantPostHitch,-3.382,-4.058,-0.676
Player 163,24885,Catch and Shoot,Right,4,BallVeloRelease,4.962,5.955,0.992,BallVeloPostHitch,-0.011,0.489,0.5,ankleTotalROMAvg,-26.308,-31.569,-5.262,TorsoVeloPostHitch,0.406,0.884,0.478,maxAnklePlantarflexionNonDominantPostHitch,-4.43,-5.316,-0.886
Player 163,24886,Catch and Shoot,Right,4,BallVeloRelease,4.924,5.909,0.985,ankleTotalROMAvg,-26.823,-32.187,-5.365,TorsoVeloPostHitch,0.32,0.82,0.5,BallVeloRelease__zwithin,-1.177,-0.677,0.5,maxAnklePlantarflexionNonDominantPostHitch,-6.418,-7.702,-1.284
Player 163,24887,Catch and Shoot,Right,4,BallVeloRelease,4.775,5.73,0.955,TorsoVeloPostHitch,0.397,0.884,0.487,BallVeloRelease__zwithin,-1.395,-0.895,0.5,maxAnklePlantarflexionNonDominantPostHitch,-5.68,-6.816,-1.136,KneeTotalROMAvg,28.096,33.716,5.619
Player 163,24888,Catch and Shoot,Right,3,BallVeloRelease,4.808,5.769,0.962,TorsoVeloPostHitch,0.262,0.762,0.5,BallVeloRelease__zwithin,-1.347,-0.847,0.5,maxAnklePlantarflexionNonDominantPostHitch,-4.749,-5.699,-0.95,KneeTotalROMAvg,35.605,42.726,7.121
Player 163,24889,Catch and Shoot,Right,4,BallVeloRelease,5.09,6.027,0.937,TorsoVeloPostHitch,0.481,0.884,0.403,ankleTotalROMAvg,-38.335,-46.002,-7.667,maxAnklePlantarflexionNonDominantPostHitch,-5.221,-6.265,-1.044,KneeTotalROMAvg,34.69,41.628,6.938
Player 163,24890,Catch and Shoot,Right,4,BallVeloRelease,5.066,6.027,0.961,TorsoVeloPostHitch,0.395,0.884,0.489,BallVeloRelease__zwithin,-0.969,-0.469,0.5,maxAnklePlantarflexionNonDominantPostHitch,-7.373,-8.847,-1.475,TorsoVeloRelease__zwithin,-1.18,-0.68,0.5
Player 163,24891,Catch and Shoot,Right,3,BallVeloRelease,4.818,5.782,0.964,TorsoVeloPostHitch,0.541,0.884,0.343,BallVeloRelease__zwithin,-1.331,-0.831,0.5,maxAnklePlantarflexionNonDominantPostHitch,-5.245,-6.294,-1.049,KneeTotalROMAvg,37.418,44.902,7.484
Player 163,24892,Off the Dribble,Right,4,BallVeloRelease,5.143,5.588,0.445,maxAnklePlantarflexionNonDominantPostHitch,-8.788,-10.545,-1.758,BallVeloRelease__zwithin,-0.856,-0.356,0.5,maxAnklePlantarflexionDomDiffPostHitch,-16.068,-12.854,3.214,timeToMaxAnkleDorsiflexionDominantPreHitch,0.008,0.01,0.002
Player 163,24893,Off the Dribble,Right,3,BallVeloRelease,4.875,5.588,0.713,ankleTotalROMAvg,-8.018,-9.621,-1.604,TorsoVeloPostHitch,0.28,0.772,0.492,KneeTotalROMAvg,4.605,5.526,0.921,BallVeloRelease__zwithin,-1.249,-0.749,0.5
Player 163,24894,Off the Dribble,Right,3,BallVeloRelease,4.864,5.588,0.723,ankleTotalROMAvg,-17.71,-21.252,-3.542,TorsoVeloPostHitch,0.219,0.719,0.5,maxAnklePlantarflexionNonDominantPostHitch,-3.905,-4.686,-0.781,BallVeloRelease__zwithin,-1.263,-0.763,0.5
Player 163,24895,Catch and Shoot,Right,3,BallVeloRelease,4.933,5.919,0.987,ankleTotalROMAvg,-16.436,-19.724,-3.287,BallVeloPostHitch,0.13,0.63,0.5,TorsoVeloPostHitch,0.307,0.807,0.5,maxAnklePlantarflexionNonDominantPostHitch,-0.359,-0.431,-0.072
Player 163,24896,Catch and Shoot,Right,3,BallVeloRelease,4.535,5.442,0.907,ankleTotalROMAvg,-16.922,-20.307,-3.384,TorsoVeloPostHitch,0.193,0.693,0.5,BallVeloRelease__zwithin,-1.745,-1.245,0.5,maxAnklePlantarflexionNonDominantPostHitch,-1.113,-1.336,-0.223
Player 163,24897,Catch and Shoot,Right,3,BallVeloRelease,4.495,5.394,0.899,ankleTotalROMAvg,-11.626,-13.951,-2.325,TorsoVeloPostHitch,0.339,0.839,0.5,ElbowFlexionAtT0Dominant,37.588,49.588,12.0,maxShoulderFlexionNonDominantPreHitch,13.779,25.779,12.0
Player 163,24898,Off the Dribble,Right,3,BallVeloRelease,5.017,5.588,0.571,TorsoVeloPostHitch,0.518,0.772,0.254,KneeTotalROMAvg,35.402,42.482,7.08,maxAnklePlantarflexionNonDominantPostHitch,-7.29,-8.748,-1.458,BallVeloRelease__zwithin,-1.04,-0.54,0.5
Player 163,24899,Off the Dribble,Right,3,BallVeloRelease,4.957,5.588,0.63,TorsoVeloPostHitch,0.405,0.772,0.367,maxAnklePlantarflexionNonDominantPostHitch,-5.064,-6.076,-1.013,KneeTotalROMAvg,33.468,40.161,6.694,TorsoVeloRelease__zwithin,-1.255,-0.755,0.5
Player 163,24900,Catch and Shoot,Right,3,BallVeloRelease,4.98,5.976,0.996,ankleTotalROMAvg,-29.355,-35.226,-5.871,TorsoVeloPostHitch,0.396,0.884,0.487,KneeTotalROMAvg,36.142,43.37,7.228,maxAnklePlantarflexionNonDominantPostHitch,-3.993,-4.791,-0.799
Player 163,24901,Catch and Shoot,Right,4,BallVeloRelease,5.05,6.027,0.977,ankleTotalROMAvg,-30.266,-36.319,-6.053,TorsoVeloPostHitch,0.544,0.884,0.34,KneeTotalROMAvg,36.096,43.315,7.219,maxAnklePlantarflexionNonDominantPostHitch,-4.157,-4.988,-0.831
Player 163,24902,Catch and Shoot,Right,4,BallVeloRelease,5.189,6.027,0.837,ankleTotalROMAvg,-29.759,-35.711,-5.952,KneeTotalROMAvg,32.95,39.54,6.59,maxAnklePlantarflexionNonDominantPostHitch,-4.021,-4.825,-0.804,TorsoVeloPostHitch,0.486,0.884,0.398
Player 163,24903,Catch and Shoot,Right,3,BallVeloRelease,4.558,5.47,0.912,TorsoVeloPostHitch,0.412,0.884,0.472,BallVeloRelease__zwithin,-1.711,-1.211,0.5,TorsoVeloRelease__zwithin,-1.956,-1.456,0.5,maxAnkleDorsiflexionAvgHitch,13.093,15.712,2.619
Player 163,24904,Catch and Shoot,Right,3,BallVeloRelease,4.224,5.069,0.845,ankleTotalROMAvg,-13.992,-16.79,-2.798,TorsoVeloPostHitch,0.2,0.7,0.5,BallVeloRelease__zwithin,-2.2,-1.7,0.5,KneeTotalROMAvg,3.123,3.748,0.625
Player 163,24905,Off the Dribble,Right,3,BallVeloRelease,3.713,4.455,0.743,ankleTotalROMAvg,-16.93,-20.316,-3.386,TorsoVeloPostHitch,0.15,0.65,0.5,BallVeloRelease__zwithin,-2.947,-2.358,0.589,TorsoVeloRelease__zwithin,-1.39,-0.89,0.5
Player 163,24906,Off the Dribble,Right,3,BallVeloRelease,4.421,5.306,0.884,ankleTotalROMAvg,-16.349,-19.619,-3.27,TorsoVeloPostHitch,0.072,0.572,0.5,BallVeloPostHitch,0.154,0.654,0.5,BallVeloRelease__zwithin,-1.911,-1.411,0.5
Player 163,24907,Off the Dribble,Right,3,BallVeloRelease,4.687,5.588,0.901,ankleTotalROMAvg,-15.315,-18.378,-3.063,TorsoVeloPostHitch,0.186,0.686,0.5,BallVeloPostHitch,0.172,0.672,0.5,BallVeloRelease__zwithin,-1.523,-1.023,0.5
Player 163,24912,Off the Dribble,Right,4,BallVeloRelease,5.645,5.588,-0.058,KneeTotalROMAvg,42.903,47.968,5.065,maxShoulderFlexionAvgPostHitch,120.135,125.299,5.164,maxAnklePlantarflexionNonDominantPostHitch,-13.095,-15.714,-2.619,BallVeloRelease__zwithin,-0.122,-0.206,-0.085
Player 163,24913,Off the Dribble,Right,4,BallVeloRelease,5.282,5.588,0.305,KneeTotalROMAvg,36.492,43.791,7.298,maxAnklePlantarflexionNonDominantPostHitch,-8.877,-10.653,-1.775,BallVeloRelease__zwithin,-0.652,-0.206,0.446,TorsoVeloPostHitch,0.456,0.772,0.316
Player 163,24914,Catch and Shoot,Right,4,BallVeloRelease,5.899,6.027,0.128,BallVeloRelease__zwithin,0.249,0.436,0.187,Max.Ball.Released..Away.from.body.,0.792,0.633,-0.158,Max.Ball.Released..Away.from.body.__zwithin,1.835,1.468,-0.367,maxShoulderFlexionAvgPostHitch,128.652,126.946,-1.706
Player 163,24921,Catch and Shoot,Right,4,BallVeloRelease,5.847,6.027,0.179,BallVeloRelease__zwithin,0.174,0.436,0.262,Max.Ball.Released..Away.from.body.,0.8,0.64,-0.16,Max.Ball.Released..Away.from.body.__zwithin,1.906,1.525,-0.381,timeToMaxKneeFlexionDomDiffHitch,0.042,0.0,-0.042
Player 163,24922,Catch and Shoot,Right,4,BallVeloRelease,5.903,6.027,0.124,BallVeloRelease__zwithin,0.255,0.436,0.181,Max.Ball.Released..Away.from.body.,0.929,0.743,-0.186,maxShoulderFlexionAvgPostHitch,124.439,126.946,2.506,maxKneeExtensionAvgPreHitch__zwithin,0.598,-0.183,-0.78
Player 163,24924,Catch and Shoot,Right,4,BallVeloRelease,5.73,6.027,0.297,BallVeloRelease__zwithin,0.002,0.436,0.434,maxShoulderExtensionDomDiffHitch__zwithin,0.918,-0.006,-0.924,maxAnklePlantarflexionAvgPreHitch,20.281,17.758,-2.524,timeToMaxKneeFlexionDomDiffHitch,0.033,0.0,-0.033
Player 163,24928,Off the Dribble,Right,4,HipAlignmentPreHitch__zwithin,1.606,1.285,-0.321,HipAlignmentPostHitch__zwithin,1.796,1.437,-0.359,HipAlignmentRelease__zwithin,1.685,1.348,-0.337,ShoulderAlignmentPostHitch__zwithin,1.97,1.576,-0.394,maxAnklePlantarflexionDomDiffPostHitch,-3.469,-2.775,0.694
Player 163,24930,Off the Dribble,Right,4,HipAlignmentPostHitch__zwithin,1.801,1.44,-0.36,FeetAlignmentRelease,-142.798,-114.238,28.56,HipAlignmentPreHitch__zwithin,1.793,1.435,-0.359,maxElbowFlexionDominantPostHitch,128.728,118.349,-10.38,HipAlignmentRelease__zwithin,1.702,1.362,-0.34
Player 163,24931,Off the Dribble,Right,4,HipAlignmentPostHitch__zwithin,1.674,1.339,-0.335,FeetAlignmentRelease,-152.315,-121.852,30.463,HipAlignmentRelease__zwithin,1.692,1.354,-0.338,HipAlignmentPreHitch__zwithin,1.761,1.408,-0.352,ShoulderAlignmentPostHitch__zwithin,1.954,1.563,-0.391
Player 163,24932,Off the Dribble,Right,4,ElbowFlexionAtT0NonDominant,115.262,103.262,-12.0,HipAlignmentPreHitch__zwithin,1.768,1.414,-0.354,HipAlignmentPostHitch__zwithin,1.698,1.358,-0.34,maxElbowFlexionAvgPreHitch,118.468,106.468,-12.0,HipAlignmentRelease__zwithin,1.675,1.34,-0.335
Player 163,24933,Off the Dribble,Right,4,BallVeloRelease,5.931,5.588,-0.344,HipAlignmentPreHitch__zwithin,1.744,1.395,-0.349,HipAlignmentRelease__zwithin,1.746,1.397,-0.349,HipAlignmentPostHitch__zwithin,1.692,1.354,-0.338,ShoulderAlignmentPostHitch__zwithin,1.777,1.422,-0.355
Player 163,24935,Off the Dribble,Right,4,HipAlignmentPreHitch__zwithin,1.845,1.476,-0.369,HipAlignmentPostHitch__zwithin,1.879,1.503,-0.376,BallVeloRelease,5.979,5.588,-0.391,HipAlignmentRelease__zwithin,1.821,1.457,-0.364,timeToMaxAnkleDorsiflexionDominantHitch,0.084,0.101,0.017
Player 163,24936,Off the Dribble,Right,4,BallVeloRelease,5.949,5.588,-0.361,TorsoVeloPostHitch,0.163,0.663,0.5,HipAlignmentRelease__zwithin,1.767,1.413,-0.353,KneeTotalROMAvg,44.455,47.968,3.513,HipAlignmentPreHitch__zwithin,1.736,1.389,-0.347
Player 163,24937,Off the Dribble,Right,4,HipAlignmentPostHitch__zwithin,1.663,1.331,-0.333,HipAlignmentPreHitch__zwithin,1.629,1.304,-0.326,HipAlignmentRelease__zwithin,1.588,1.271,-0.318,maxHipFlexionDomDiffPreHitch,-21.208,-9.208,12.0,maxShoulderFlexionAvgPostHitch,126.089,125.299,-0.79
Player 163,24938,Off the Dribble,Right,4,BallVeloRelease,5.956,5.588,-0.369,HipAlignmentRelease__zwithin,1.752,1.401,-0.35,HipAlignmentPostHitch__zwithin,1.682,1.346,-0.336,HipAlignmentPreHitch__zwithin,1.718,1.375,-0.344,FeetAlignmentRelease,-162.088,-129.67,32.417
Player 163,24939,Off the Dribble,Right,4,HipAlignmentPreHitch__zwithin,1.729,1.383,-0.346,HipAlignmentRelease__zwithin,1.699,1.359,-0.34,HipAlignmentPostHitch__zwithin,1.752,1.402,-0.35,ShoulderAlignmentPostHitch__zwithin,1.819,1.455,-0.364,maxShoulderFlexionNonDominantPostHitch,120.223,122.925,2.702
Player 163,24940,Off the Dribble,Right,4,ShoulderAlignmentRelease__zwithin,-1.367,-1.093,0.273,timeToMaxElbowFlexionDomDiffPostHitch__zwithin,0.59,0.007,-0.583,maxKneeFlexionDominantPreHitch,-52.08,-59.157,-7.077,timeToMaxKneeFlexionNonDominantPreHitch__zwithin,1.059,-0.046,-1.106,maxShoulderFlexionAvgPostHitch,126.612,125.299,-1.313
Player 163,24941,Off the Dribble,Right,4,BallVeloRelease,-0.086,0.414,0.5,BallVeloRelease__zwithin,-8.503,-6.803,1.701,TorsoVeloRelease__zwithin,2.642,2.114,-0.528,maxShoulderFlexionAvgPostHitch,92.205,104.205,12.0,maxShoulderExtensionDomDiffHitch__zwithin,0.518,-0.138,-0.657
Player 163,24942,Off the Dribble,Right,4,BallVeloRelease,5.766,5.588,-0.178,BallVeloRelease__zwithin,0.055,-0.206,-0.261,KneeTotalROMAvg,42.195,47.968,5.773,ShoulderAlignmentRelease__zwithin,-1.401,-1.121,0.28,MaxStanceGapHitch,0.346,0.416,0.069
Player 163,24943,Off the Dribble,Right,4,maxShoulderFlexionAvgPostHitch,123.686,125.299,1.613,maxShoulderFlexionNonDominantPostHitch,121.295,122.925,1.63,ShoulderAlignmentRelease__zwithin,-1.625,-1.3,0.325,maxKneeFlexionDominantPreHitch,-49.837,-59.157,-9.32,BallVeloStart__zwithin,-1.354,-0.854,0.5
Player 163,24944,Off the Dribble,Right,4,BallVeloRelease,5.683,5.588,-0.095,ShoulderAlignmentRelease__zwithin,-1.387,-1.109,0.277,timeToMaxElbowFlexionDomDiffPostHitch__zwithin,0.517,0.007,-0.51,BallVeloRelease__zwithin,-0.067,-0.206,-0.14,maxKneeFlexionDominantPreHitch,-48.653,-59.157,-10.504
Player 163,24945,Off the Dribble,Right,4,ShoulderAlignmentRelease__zwithin,-1.413,-1.131,0.283,maxShoulderFlexionNonDominantPostHitch,122.647,122.925,0.277,timeToMaxElbowFlexionDomDiffPostHitch__zwithin,0.586,0.007,-0.579,maxShoulderFlexionAvgPostHitch,123.221,125.299,2.078,maxShoulderFlexionDominantPostHitch,123.794,128.661,4.867
Player 163,24947,Off the Dribble,Right,4,BallVeloRelease,5.702,5.588,-0.115,BallVeloRelease__zwithin,-0.038,-0.206,-0.168,ShoulderAlignmentRelease__zwithin,-1.475,-1.18,0.295,maxKneeFlexionDominantPreHitch,-51.111,-59.157,-8.046,TorsoVeloRelease__zwithin,-1.09,-0.59,0.5
Player 163,24948,Off the Dribble,Right,4,BallVeloRelease,5.685,5.588,-0.098,maxShoulderFlexionNonDominantPostHitch,122.235,122.925,0.69,BallVeloRelease__zwithin,-0.063,-0.206,-0.143,maxKneeExtensionDomDiffHitch,-8.846,-3.378,5.468,ShoulderAlignmentRelease__zwithin,-1.451,-1.161,0.29
Player 163,24949,Off the Dribble,Right,4,maxShoulderFlexionNonDominantPostHitch,121.606,122.925,1.319,maxKneeFlexionDominantPreHitch,-50.768,-59.157,-8.389,ShoulderAlignmentRelease__zwithin,-1.377,-1.102,0.275,BallVeloStart__zwithin,-1.196,-0.696,0.5,maxShoulderFlexionAvgPostHitch,126.094,125.299,-0.794
Player 163,24963,Catch and Shoot,Right,4,BallVeloRelease,5.801,6.027,0.225,BallVeloRelease__zwithin,0.106,0.436,0.33,BallVeloStart__zwithin,-1.054,-0.554,0.5,maxShoulderExtensionDomDiffHitch,-21.377,-9.377,12.0,maxKneeExtensionDomDiffHitch,-14.059,-3.816,10.243
Player 163,24967,Catch and Shoot,Right,4,HipAlignmentPostHitch__zwithin,1.038,0.83,-0.208,HipAlignmentRelease__zwithin,0.966,0.773,-0.193,Max.Ball.Released..Away.from.body.,0.777,0.621,-0.155,Max.Ball.Released..Away.from.body.__zwithin,1.71,1.368,-0.342,maxKneeFlexionDominantPreHitch,-49.61,-61.61,-12.0
Player 163,24968,Catch and Shoot,Right,4,HipAlignmentPreHitch__zwithin,1.044,0.835,-0.209,HipAlignmentPostHitch__zwithin,0.991,0.793,-0.198,HipAlignmentRelease__zwithin,0.89,0.712,-0.178,maxElbowExtensionDominantPreHitch,117.368,105.368,-12.0,BallVeloRelease,5.988,6.027,0.038
Player 163,24970,Off the Dribble,Right,4,HipAlignmentPreHitch__zwithin,1.063,0.851,-0.213,BallVeloRelease,5.839,5.588,-0.252,BallVeloRelease__zwithin,0.162,-0.206,-0.368,HipAlignmentPostHitch__zwithin,0.994,0.795,-0.199,maxShoulderFlexionAvgPostHitch,123.815,125.299,1.484
Player 163,24976,Catch and Shoot,Right,4,HipAlignmentRelease__zwithin,1.024,0.819,-0.205,HipAlignmentPostHitch__zwithin,1.0,0.8,-0.2,maxShoulderFlexionAvgPostHitch,119.031,126.946,7.915,maxKneeFlexionDominantPreHitch,-43.431,-55.431,-12.0,BallVeloRelease,6.045,6.027,-0.018
Player 163,24981,Off the Dribble,Right,4,ElbowFlexionAtT0NonDominant,108.532,96.532,-12.0,HipAlignmentPreHitch__zwithin,1.093,0.874,-0.219,maxAnklePlantarflexionNonDominantPostHitch,-30.451,-24.361,6.09,HipAlignmentPostHitch__zwithin,1.167,0.934,-0.233,HipAlignmentRelease__zwithin,1.001,0.801,-0.2
Player 163,24985,Off the Dribble,Right,4,HipAlignmentPreHitch__zwithin,1.231,0.985,-0.246,HipAlignmentPostHitch__zwithin,1.18,0.944,-0.236,HipAlignmentRelease__zwithin,1.037,0.829,-0.207,ShoulderAlignmentPostHitch__zwithin,1.067,0.854,-0.213,MaxStanceGapHitch,0.373,0.447,0.075
Player 163,24989,Off the Dribble,Right,3,BallVeloRelease,3.974,4.769,0.795,TorsoVeloPostHitch,0.2,0.7,0.5,BallVeloRelease__zwithin,-2.565,-2.052,0.513,ShoulderAlignmentRelease__zwithin,-2.35,-1.88,0.47,ShoulderAlignmentPostHitch__zwithin,-2.496,-1.997,0.499
Player 163,24990,Off the Dribble,Right,3,BallVeloRelease,5.178,5.588,0.409,ankleTotalROMAvg,-20.058,-24.07,-4.012,ElbowFlexionAtT0Dominant,50.807,62.808,12.0,timeToMaxShoulderFlexionDominantPostHitch,0.417,0.692,0.275,TorsoVeloPostHitch,0.505,0.772,0.267
Player 163,24991,Off the Dribble,Right,3,BallVeloRelease,5.091,5.588,0.496,ankleTotalROMAvg,-20.56,-24.672,-4.112,TorsoVeloPostHitch,0.321,0.772,0.451,timeToMaxShoulderFlexionDominantPostHitch,0.5,0.692,0.192,BallVeloRelease__zwithin,-0.932,-0.432,0.5
Player 163,24992,Off the Dribble,Right,4,BallVeloRelease,5.096,5.588,0.492,ankleTotalROMAvg,-25.461,-30.553,-5.092,TorsoVeloPostHitch,0.31,0.772,0.462,BallVeloRelease__zwithin,-0.925,-0.425,0.5,KneeTotalROMAvg,36.621,43.945,7.324
Player 163,24993,Off the Dribble,Right,3,BallVeloRelease,4.122,4.947,0.824,timeToMaxShoulderFlexionDominantPostHitch,0.434,0.692,0.258,BallVeloRelease__zwithin,-2.349,-1.849,0.5,maxShoulderExtensionDominantPostHitch,54.828,66.828,12.0,maxShoulderFlexionAvgPostHitch,84.222,96.222,12.0
Player 163,24994,Off the Dribble,Right,3,BallVeloRelease,2.392,2.892,0.5,BallVeloRelease__zwithin,-4.878,-3.903,0.976,TorsoVeloRelease__zwithin,-2.81,-2.248,0.562,maxHipExtensionNonDominantHitch__zwithin,-2.924,-0.369,2.556,maxShoulderExtensionDomDiffHitch__zwithin,2.375,-0.138,-2.513
Player 163,24995,Off the Dribble,Right,3,BallVeloRelease,3.391,4.069,0.678,BallVeloRelease__zwithin,-3.419,-2.735,0.684,TorsoVeloPostHitch,0.499,0.772,0.273,TorsoVeloRelease__zwithin,-4.919,-3.936,0.984,HipAlignmentPreHitch__zwithin,-1.886,-1.509,0.377
Player 163,24996,Off the Dribble,Right,4,BallVeloRelease,5.13,5.588,0.458,KneeTotalROMAvg,30.665,36.798,6.133,BallVeloRelease__zwithin,-0.876,-0.376,0.5,maxAnklePlantarflexionNonDominantPostHitch,-9.78,-11.735,-1.956,TorsoVeloRelease__zwithin,-0.977,-0.477,0.5
Player 163,24997,Catch and Shoot,Right,4,BallVeloRelease,5.133,6.027,0.894,maxAnklePlantarflexionNonDominantPostHitch,-7.663,-9.196,-1.533,BallVeloRelease__zwithin,-0.871,-0.371,0.5,TorsoVeloRelease__zwithin,-1.538,-1.038,0.5,ankleTotalROMAvg,-39.067,-46.881,-7.813
Player 163,24998,Off the Dribble,Right,4,BallVeloRelease,5.184,5.588,0.403,KneeTotalROMAvg,31.823,38.188,6.365,maxAnklePlantarflexionNonDominantPostHitch,-6.194,-7.433,-1.239,BallVeloRelease__zwithin,-0.796,-0.296,0.5,ankleTotalROMAvg,-31.748,-38.098,-6.35
Player 163,24999,Catch and Shoot,Right,4,BallVeloRelease,5.198,6.027,0.829,KneeTotalROMAvg,39.892,47.87,7.978,BallVeloRelease__zwithin,-0.776,-0.276,0.5,maxAnklePlantarflexionNonDominantPostHitch,-12.656,-15.187,-2.531,TorsoVeloRelease__zwithin,-1.18,-0.68,0.5
Player 163,25000,Catch and Shoot,Right,4,BallVeloRelease,5.271,6.027,0.756,BallVeloPostHitch,0.129,0.629,0.5,KneeTotalROMAvg,33.052,39.663,6.61,TorsoVeloPostHitch,0.388,0.884,0.496,maxAnklePlantarflexionNonDominantPostHitch,-11.484,-13.781,-2.297
Player 163,25001,Catch and Shoot,Right,4,BallVeloRelease,4.775,5.73,0.955,BallVeloPostHitch,0.18,0.68,0.5,TorsoVeloPostHitch,0.468,0.884,0.415,BallVeloRelease__zwithin,-1.395,-0.895,0.5,KneeTotalROMAvg,28.931,34.717,5.786
Player 163,25002,Catch and Shoot,Right,4,BallVeloRelease,5.038,6.027,0.988,KneeTotalROMAvg,37.17,44.604,7.434,BallVeloRelease__zwithin,-1.009,-0.509,0.5,maxAnklePlantarflexionNonDominantPostHitch,-12.021,-14.426,-2.404,TorsoVeloRelease__zwithin,-1.564,-1.064,0.5
Player 163,25003,Catch and Shoot,Right,4,BallVeloRelease,5.497,6.027,0.53,KneeTotalROMAvg,33.785,40.542,6.757,TorsoVeloRelease__zwithin,-1.615,-1.115,0.5,maxAnklePlantarflexionNonDominantPostHitch,-10.49,-12.588,-2.098,TorsoVeloPostHitch,0.5,0.884,0.384
Player 163,25004,Catch and Shoot,Right,4,BallVeloRelease,5.138,6.027,0.889,KneeTotalROMAvg,41.866,50.239,8.373,BallVeloRelease__zwithin,-0.864,-0.364,0.5,maxAnklePlantarflexionNonDominantPostHitch,-11.046,-13.255,-2.209,ankleTotalROMAvg,-37.735,-45.282,-7.547
Player 163,25005,Off the Dribble,Right,4,BallVeloRelease,5.155,5.588,0.433,KneeTotalROMAvg,40.296,47.968,7.672,TorsoVeloPostHitch,0.456,0.772,0.316,maxAnklePlantarflexionNonDominantPostHitch,-11.982,-14.378,-2.396,TorsoVeloRelease__zwithin,-1.318,-0.818,0.5
Player 163,25008,Catch and Shoot,Right,4,BallVeloRelease,5.901,6.027,0.126,BallVeloRelease__zwithin,0.252,0.436,0.184,Max.Ball.Released..Away.from.body.,0.812,0.65,-0.162,maxShoulderFlexionAvgPostHitch,123.061,126.946,3.885,TorsoTotalROMAvg__zwithin,2.296,1.837,-0.459
Player 163,25009,Off the Dribble,Right,4,BallVeloRelease,5.89,5.588,-0.303,BallVeloRelease__zwithin,0.236,-0.206,-0.443,Max.Ball.Released..Away.from.body.__zwithin,1.708,1.367,-0.342,Max.Ball.Released..Away.from.body.,0.777,0.621,-0.155,ShoulderTotalROMDominant,113.31,123.443,10.133
Player 163,25012,Off the Dribble,Right,4,BallVeloRelease,5.123,5.588,0.465,BallVeloPostHitch,0.176,0.676,0.5,ankleTotalROMAvg,-26.514,-31.816,-5.303,TorsoVeloPostHitch,0.298,0.772,0.474,BallVeloRelease__zwithin,-0.885,-0.385,0.5
Player 163,25013,Off the Dribble,Right,3,BallVeloRelease,5.116,5.588,0.471,ankleTotalROMAvg,-18.733,-22.479,-3.747,BallVeloPostHitch,-0.046,0.454,0.5,TorsoVeloPostHitch,0.297,0.772,0.475,maxAnklePlantarflexionNonDominantPostHitch,-5.479,-6.574,-1.096
Player 163,25014,Catch and Shoot,Right,4,BallVeloRelease,4.994,5.993,0.999,BallVeloPostHitch,-0.041,0.459,0.5,ankleTotalROMAvg,-24.652,-29.583,-4.93,TorsoVeloPostHitch,0.236,0.736,0.5,BallVeloRelease__zwithin,-1.074,-0.574,0.5
Player 163,25015,Catch and Shoot,Right,3,BallVeloRelease,4.958,5.95,0.992,ankleTotalROMAvg,-19.476,-23.371,-3.895,BallVeloPostHitch,-0.187,0.313,0.5,TorsoVeloPostHitch,0.223,0.723,0.5,maxAnklePlantarflexionNonDominantPostHitch,-4.898,-5.877,-0.98
Player 163,25016,Catch and Shoot,Right,3,BallVeloRelease,4.872,5.847,0.974,ankleTotalROMAvg,-23.666,-28.399,-4.733,TorsoVeloPostHitch,0.332,0.832,0.5,maxAnklePlantarflexionNonDominantPostHitch,-6.177,-7.413,-1.235,BallVeloRelease__zwithin,-1.252,-0.752,0.5
Player 163,25017,Catch and Shoot,Right,4,BallVeloRelease,4.998,5.998,1.0,ankleTotalROMAvg,-27.709,-33.251,-5.542,TorsoVeloPostHitch,0.397,0.884,0.487,maxAnklePlantarflexionNonDominantPostHitch,-6.026,-7.231,-1.205,KneeTotalROMAvg,27.343,32.812,5.469
Player 163,25018,Catch and Shoot,Right,4,BallVeloRelease,5.201,6.027,0.825,ankleTotalROMAvg,-26.013,-31.215,-5.203,KneeTotalROMAvg,18.475,22.17,3.695,maxAnklePlantarflexionNonDominantPostHitch,-6.832,-8.198,-1.366,TorsoVeloPostHitch,0.438,0.884,0.446
Player 163,25019,Catch and Shoot,Right,3,BallVeloRelease,4.656,5.587,0.931,ankleTotalROMAvg,-23.209,-27.85,-4.642,TorsoVeloPostHitch,0.32,0.82,0.5,BallVeloPostHitch,0.012,0.512,0.5,BallVeloRelease__zwithin,-1.568,-1.068,0.5
Player 163,25020,Catch and Shoot,Right,4,BallVeloRelease,5.236,6.027,0.791,ankleTotalROMAvg,-25.888,-31.065,-5.178,BallVeloPostHitch,0.141,0.641,0.5,TorsoVeloPostHitch,0.353,0.853,0.5,KneeTotalROMAvg,25.373,30.448,5.075
Player 163,25025,Catch and Shoot,Right,4,HipAlignmentPreHitch__zwithin,1.757,1.406,-0.351,BallVeloRelease,5.755,6.027,0.271,HipAlignmentRelease__zwithin,1.685,1.348,-0.337,HipAlignmentPostHitch__zwithin,1.802,1.442,-0.36,ShoulderAlignmentPostHitch__zwithin,1.816,1.453,-0.363
Player 163,25028,Off the Dribble,Right,4,BallVeloRelease,5.439,5.588,0.149,BallVeloRelease__zwithin,-0.424,-0.206,0.218,timeToMaxElbowExtensionDomDiffPostHitch,0.034,0.0,-0.034,TorsoVeloRelease__zwithin,-1.148,-0.648,0.5,MaxStanceGapPreHitch,0.29,0.348,0.058
Player 163,25029,Off the Dribble,Right,4,BallVeloRelease,5.186,5.588,0.401,BallVeloPostHitch,-0.015,0.485,0.5,ankleTotalROMAvg,-26.584,-31.901,-5.317,KneeTotalROMAvg,15.475,18.57,3.095,maxAnklePlantarflexionNonDominantPostHitch,-6.785,-8.142,-1.357
Player 163,25030,Catch and Shoot,Right,4,BallVeloRelease,5.123,6.027,0.904,ankleTotalROMAvg,-23.874,-28.649,-4.775,BallVeloPostHitch,-0.012,0.488,0.5,TorsoVeloPostHitch,0.213,0.714,0.5,KneeTotalROMAvg,14.575,17.49,2.915
Player 163,25031,Catch and Shoot,Right,4,BallVeloRelease,4.976,5.971,0.995,TorsoVeloPostHitch,0.277,0.777,0.5,ankleTotalROMAvg,-26.374,-31.648,-5.275,KneeTotalROMAvg,23.943,28.732,4.789,maxAnklePlantarflexionNonDominantPostHitch,-4.718,-5.661,-0.944
Player 163,25032,Catch and Shoot,Right,4,BallVeloRelease,5.158,6.027,0.869,BallVeloPostHitch,0.124,0.624,0.5,ankleTotalROMAvg,-29.361,-35.233,-5.872,TorsoVeloPostHitch,0.244,0.744,0.5,maxAnklePlantarflexionNonDominantPostHitch,-7.975,-9.57,-1.595
Player 163,25033,Off the Dribble,Right,4,BallVeloRelease,5.362,5.588,0.225,BallVeloRelease__zwithin,-0.535,-0.206,0.329,ShoulderAlignmentRelease__zwithin,-1.502,-1.202,0.3,timeToMaxShoulderFlexionDominantPreHitch,0.0,0.192,0.192,ShoulderTotalROMDominant,84.035,100.842,16.807
Player 163,25034,Catch and Shoot,Right,4,BallVeloRelease,5.629,6.027,0.398,BallVeloRelease__zwithin,-0.146,0.354,0.5,maxKneeExtensionDomDiffHitch,-17.675,-5.675,12.0,ShoulderAlignmentRelease__zwithin,-1.422,-1.137,0.284,TorsoVeloRelease__zwithin,-0.57,-0.07,0.5
Player 163,25035,Off the Dribble,Right,4,BallVeloRelease,5.751,5.588,-0.164,BallVeloRelease__zwithin,0.033,-0.206,-0.239,ShoulderAlignmentRelease__zwithin,-1.538,-1.23,0.308,maxShoulderFlexionNonDominantPostHitch,116.72,122.925,6.205,ShoulderTotalROMDominant,79.335,95.202,15.867
Player 163,25037,Off the Dribble,Right,4,BallVeloRelease,5.438,5.588,0.149,BallVeloRelease__zwithin,-0.424,-0.206,0.218,ShoulderAlignmentRelease__zwithin,-1.537,-1.23,0.307,ShoulderTotalROMDominant,88.904,106.685,17.781,maxShoulderFlexionDomDiffPostHitch__zwithin,0.601,0.062,-0.539
Player 163,25039,Off the Dribble,Right,4,BallVeloRelease,5.295,5.588,0.292,timeToMaxShoulderFlexionDomDiffHitch__zwithin,-0.925,0.038,0.963,BallVeloRelease__zwithin,-0.633,-0.206,0.427,maxHipExtensionNonDominantHitch__zwithin,-2.782,-0.369,2.414,maxKneeFlexionDominantPreHitch,-53.964,-59.157,-5.193
Player 163,25040,Off the Dribble,Right,4,BallVeloRelease,5.296,5.588,0.292,BallVeloRelease__zwithin,-0.633,-0.206,0.427,maxHipExtensionNonDominantHitch__zwithin,-2.723,-0.369,2.355,maxKneeExtensionDominantHitch__zwithin,3.207,0.102,-3.104,maxKneeFlexionDominantPreHitch,-54.706,-59.157,-4.451
Player 163,25041,Catch and Shoot,Right,4,BallVeloRelease,5.751,6.027,0.276,Max.Ball.Released..Away.from.body.,0.814,0.651,-0.163,BallVeloRelease__zwithin,0.033,0.436,0.403,maxAnklePlantarflexionAvgPostHitch__zwithin,-1.064,-0.851,0.213,maxShoulderFlexionDomDiffPostHitch__zwithin,0.54,-0.001,-0.541
Player 163,25044,Off the Dribble,Right,4,BallVeloRelease,4.784,5.588,0.803,ankleTotalROMAvg,-26.777,-32.133,-5.355,TorsoVeloPostHitch,0.364,0.772,0.408,BallVeloRelease__zwithin,-1.381,-0.881,0.5,KneeTotalROMAvg,21.121,25.345,4.224
Player 163,25045,Catch and Shoot,Right,3,BallVeloRelease,4.798,5.757,0.96,ankleTotalROMAvg,-25.059,-30.071,-5.012,BallVeloPostHitch,0.038,0.538,0.5,timeToMaxAnkleDorsiflexionDomDiffHitch,0.15,0.12,-0.03,TorsoVeloPostHitch,0.262,0.762,0.5
Player 163,25046,Catch and Shoot,Right,4,BallVeloRelease,4.958,5.949,0.992,maxAnklePlantarflexionNonDominantPostHitch,-3.679,-4.414,-0.736,ankleTotalROMAvg,-32.738,-39.285,-6.548,maxShoulderFlexionAvgPostHitch,122.36,126.946,4.586,BallVeloRelease__zwithin,-1.127,-0.627,0.5
Player 163,25047,Catch and Shoot,Right,3,BallVeloRelease,5.0,6.0,1.0,ankleTotalROMAvg,-32.217,-38.66,-6.443,KneeTotalROMAvg,40.098,48.117,8.02,maxAnklePlantarflexionNonDominantPostHitch,-7.836,-9.403,-1.567,BallVeloRelease__zwithin,-1.065,-0.565,0.5
Player 163,25048,Catch and Shoot,Right,4,BallVeloRelease,5.245,6.027,0.781,KneeTotalROMAvg,36.838,44.206,7.368,maxAnklePlantarflexionNonDominantPostHitch,-8.539,-10.247,-1.708,ankleTotalROMAvg,-32.844,-39.413,-6.569,BallVeloRelease__zwithin,-0.706,-0.206,0.5
Player 163,25049,Catch and Shoot,Right,4,BallVeloRelease,5.089,6.027,0.938,TorsoVeloPostHitch,0.544,0.884,0.34,KneeTotalROMAvg,33.828,40.593,6.766,BallVeloRelease__zwithin,-0.935,-0.435,0.5,maxAnklePlantarflexionNonDominantPostHitch,-8.753,-10.504,-1.751
Player 163,25050,Catch and Shoot,Right,3,BallVeloRelease,4.94,5.928,0.988,TorsoVeloPostHitch,0.37,0.87,0.5,ankleTotalROMAvg,-29.689,-35.626,-5.938,BallVeloRelease__zwithin,-1.153,-0.653,0.5,maxAnklePlantarflexionNonDominantPostHitch,-5.642,-6.77,-1.128
Player 163,25051,Catch and Shoot,Right,4,BallVeloRelease,5.021,6.026,1.004,TorsoVeloPostHitch,0.566,0.884,0.318,KneeTotalROMAvg,38.812,46.575,7.763,maxAnklePlantarflexionNonDominantPostHitch,-6.923,-8.308,-1.385,BallVeloRelease__zwithin,-1.034,-0.534,0.5
Player 163,25052,Catch and Shoot,Right,4,BallVeloRelease,4.938,5.925,0.988,BallVeloRelease__zwithin,-1.156,-0.656,0.5,maxAnklePlantarflexionNonDominantPostHitch,-10.048,-12.057,-2.01,ankleTotalROMAvg,-37.705,-45.246,-7.541,maxAnklePlantarflexionDomDiffPostHitch,-7.946,-6.357,1.589
Player 163,25053,Catch and Shoot,Right,4,BallVeloRelease,4.841,5.809,0.968,BallVeloRelease__zwithin,-1.298,-0.798,0.5,maxAnklePlantarflexionNonDominantPostHitch,-11.652,-13.983,-2.33,ankleTotalROMAvg,-39.243,-47.092,-7.849,TorsoVeloRelease__zwithin,-1.571,-1.071,0.5
Player 163,25054,Catch and Shoot,Right,4,BallVeloRelease,4.968,5.962,0.994,maxAnklePlantarflexionNonDominantPostHitch,-10.853,-13.023,-2.171,BallVeloRelease__zwithin,-1.111,-0.611,0.5,ankleTotalROMAvg,-36.657,-43.988,-7.331,TorsoVeloRelease__zwithin,-0.881,-0.381,0.5
Player 163,25055,Off the Dribble,Right,4,BallVeloRelease,5.13,5.588,0.458,ankleTotalROMAvg,-28.215,-33.858,-5.643,TorsoVeloPostHitch,0.392,0.772,0.38,KneeTotalROMAvg,30.778,36.934,6.156,BallVeloRelease__zwithin,-0.875,-0.375,0.5
Player 163,25056,Catch and Shoot,Right,4,BallVeloRelease,5.128,6.027,0.898,KneeTotalROMAvg,32.871,39.445,6.574,maxAnklePlantarflexionNonDominantPostHitch,-8.507,-10.209,-1.701,TorsoVeloPostHitch,0.495,0.884,0.389,BallVeloRelease__zwithin,-0.877,-0.377,0.5
Player 163,25057,Catch and Shoot,Right,4,BallVeloRelease,5.25,6.027,0.777,ankleTotalROMAvg,-28.656,-34.387,-5.731,KneeTotalROMAvg,38.691,46.43,7.738,TorsoVeloPostHitch,0.478,0.884,0.406,maxAnklePlantarflexionNonDominantPostHitch,-3.726,-4.471,-0.745
Player 163,25058,Catch and Shoot,Right,4,BallVeloRelease,5.05,6.027,0.976,timeToMaxAnkleDorsiflexionDomDiffHitch,0.141,0.113,-0.028,ankleTotalROMAvg,-27.263,-32.715,-5.453,TorsoVeloPostHitch,0.538,0.884,0.346,KneeTotalROMAvg,33.456,40.148,6.691
Player 163,25059,Catch and Shoot,Right,4,BallVeloRelease,4.866,5.839,0.973,ankleTotalROMAvg,-30.595,-36.713,-6.119,TorsoVeloPostHitch,0.417,0.884,0.467,BallVeloRelease__zwithin,-1.261,-0.761,0.5,maxAnklePlantarflexionNonDominantPostHitch,-8.085,-9.702,-1.617
Player 163,25060,Catch and Shoot,Right,3,BallVeloRelease,4.571,5.485,0.914,ankleTotalROMAvg,-24.62,-29.544,-4.924,TorsoVeloPostHitch,0.29,0.79,0.5,BallVeloRelease__zwithin,-1.693,-1.193,0.5,maxAnklePlantarflexionNonDominantPostHitch,-8.192,-9.83,-1.638
Player 163,25061,Catch and Shoot,Right,3,BallVeloRelease,4.445,5.334,0.889,ankleTotalROMAvg,-26.698,-32.038,-5.34,TorsoVeloPostHitch,0.264,0.764,0.5,BallVeloRelease__zwithin,-1.877,-1.377,0.5,TorsoVeloRelease__zwithin,-1.928,-1.428,0.5
Player 163,25062,Catch and Shoot,Right,3,BallVeloRelease,4.844,5.812,0.969,ankleTotalROMAvg,-26.913,-32.296,-5.383,KneeTotalROMAvg,38.314,45.977,7.663,maxKneeFlexionDominantPreHitch,-54.129,-64.418,-10.289,maxAnklePlantarflexionNonDominantPostHitch,-2.926,-3.511,-0.585
Player 163,25063,Catch and Shoot,Right,4,BallVeloRelease,5.023,6.027,1.003,TorsoVeloPostHitch,0.497,0.884,0.387,KneeTotalROMAvg,40.41,48.492,8.082,maxAnklePlantarflexionNonDominantPostHitch,-5.992,-7.19,-1.198,ankleTotalROMAvg,-31.49,-37.788,-6.298
Player 163,25066,Catch and Shoot,Right,4,BallVeloRelease,5.125,6.027,0.902,TorsoVeloPostHitch,0.433,0.884,0.451,BallVeloRelease__zwithin,-0.883,-0.383,0.5,maxAnklePlantarflexionNonDominantPostHitch,-11.503,-13.804,-2.301,ankleTotalROMAvg,-32.86,-39.432,-6.572
Player 163,25067,Catch and Shoot,Right,4,BallVeloRelease,4.879,5.854,0.976,BallVeloRelease__zwithin,-1.243,-0.743,0.5,maxAnklePlantarflexionNonDominantPostHitch,-10.886,-13.063,-2.177,ankleTotalROMAvg,-35.76,-42.912,-7.152,TorsoVeloRelease__zwithin,-1.305,-0.805,0.5
Player 163,25068,Catch and Shoot,Right,4,BallVeloRelease,5.281,6.027,0.746,TorsoVeloRelease__zwithin,-1.049,-0.549,0.5,BallVeloRelease__zwithin,-0.655,-0.155,0.5,maxElbowFlexionDominantHitch,111.661,113.322,1.66,maxHipExtensionNonDominantHitch,29.72,27.744,-1.977
Player 163,25069,Catch and Shoot,Right,4,BallVeloRelease,5.216,6.027,0.811,ankleTotalROMAvg,-37.13,-44.556,-7.426,maxAnklePlantarflexionNonDominantPostHitch,-13.516,-16.219,-2.703,BallVeloRelease__zwithin,-0.749,-0.249,0.5,TorsoVeloRelease__zwithin,-1.007,-0.507,0.5
Player 163,25070,Catch and Shoot,Right,4,BallVeloRelease,4.865,5.838,0.973,timeToMaxAnkleDorsiflexionDomDiffHitch,0.134,0.107,-0.027,BallVeloRelease__zwithin,-1.263,-0.763,0.5,TorsoVeloPostHitch,0.575,0.884,0.309,maxAnklePlantarflexionNonDominantPostHitch,-10.879,-13.055,-2.176
Player 163,25072,Catch and Shoot,Right,4,BallVeloRelease,5.011,6.013,1.002,ankleTotalROMAvg,-26.326,-31.591,-5.265,TorsoVeloPostHitch,0.534,0.884,0.35,BallVeloRelease__zwithin,-1.049,-0.549,0.5,maxAnklePlantarflexionNonDominantPostHitch,-3.832,-4.599,-0.766
Player 163,25073,Catch and Shoot,Right,4,BallVeloRelease,4.894,5.873,0.979,BallVeloRelease__zwithin,-1.22,-0.72,0.5,maxAnklePlantarflexionNonDominantPostHitch,-9.879,-11.855,-1.976,ankleTotalROMAvg,-33.796,-40.556,-6.759,TorsoVeloRelease__zwithin,-1.57,-1.07,0.5
Player 163,25074,Catch and Shoot,Right,4,BallVeloRelease,5.041,6.027,0.986,TorsoVeloPostHitch,0.512,0.884,0.372,maxAnklePlantarflexionNonDominantPostHitch,-8.69,-10.428,-1.738,ankleTotalROMAvg,-31.16,-37.393,-6.232,BallVeloRelease__zwithin,-1.005,-0.505,0.5
Player 163,25075,Catch and Shoot,Right,4,BallVeloRelease,5.156,6.027,0.871,maxAnklePlantarflexionNonDominantPostHitch,-7.615,-9.138,-1.523,TorsoVeloPostHitch,0.486,0.884,0.398,ankleTotalROMAvg,-32.422,-38.907,-6.484,BallVeloRelease__zwithin,-0.837,-0.337,0.5
Player 163,25076,Catch and Shoot,Right,3,BallVeloRelease,4.971,5.965,0.994,KneeTotalROMAvg,32.323,38.788,6.465,maxKneeFlexionDominantPreHitch,-45.393,-57.393,-12.0,BallVeloRelease__zwithin,-1.107,-0.607,0.5,ankleTotalROMAvg,-32.766,-39.319,-6.553
Player 163,25077,Catch and Shoot,Right,4,BallVeloRelease,5.022,6.027,1.004,TorsoVeloRelease__zwithin,-1.375,-0.875,0.5,maxAnklePlantarflexionNonDominantPostHitch,-13.243,-15.892,-2.649,ankleTotalROMAvg,-37.847,-45.416,-7.569,BallVeloRelease__zwithin,-1.032,-0.532,0.5
Player 163,25078,Off the Dribble,Right,4,BallVeloRelease,5.09,5.588,0.498,TorsoVeloPostHitch,0.499,0.772,0.272,BallVeloRelease__zwithin,-0.934,-0.434,0.5,ankleTotalROMAvg,-38.083,-45.699,-7.617,maxShoulderFlexionAvgPostHitch,121.219,125.299,4.08
Player 163,25079,Catch and Shoot,Right,4,BallVeloRelease,4.675,5.61,0.935,BallVeloRelease__zwithin,-1.54,-1.04,0.5,KneeTotalROMAvg,30.032,36.039,6.006,maxAnklePlantarflexionNonDominantPostHitch,-9.986,-11.984,-1.997,ankleTotalROMAvg,-31.592,-37.91,-6.318
Player 163,25080,Catch and Shoot,Right,4,BallVeloRelease,4.97,5.964,0.994,ankleTotalROMAvg,-30.527,-36.633,-6.105,TorsoVeloPostHitch,0.367,0.867,0.5,Max.Ball.Released..Away.from.body.,0.922,0.738,-0.184,KneeTotalROMAvg,26.767,32.12,5.353
Player 163,25081,Catch and Shoot,Right,3,BallVeloRelease,4.936,5.923,0.987,ankleTotalROMAvg,-29.787,-35.744,-5.957,TorsoVeloPostHitch,0.419,0.884,0.465,TorsoVeloRelease__zwithin,-2.135,-1.635,0.5,BallVeloRelease__zwithin,-1.159,-0.659,0.5
Player 163,25082,Catch and Shoot,Right,4,BallVeloRelease,4.979,5.975,0.996,ankleTotalROMAvg,-29.061,-34.873,-5.812,TorsoVeloPostHitch,0.556,0.884,0.328,KneeTotalROMAvg,33.89,40.668,6.778,maxAnklePlantarflexionNonDominantPostHitch,-7.172,-8.606,-1.434
Player 163,25083,Catch and Shoot,Right,4,BallVeloRelease,4.93,5.916,0.986,TorsoVeloPostHitch,0.492,0.884,0.392,KneeTotalROMAvg,35.226,42.271,7.045,maxAnklePlantarflexionNonDominantPostHitch,-8.258,-9.91,-1.652,maxKneeFlexionDominantPreHitch,-48.794,-60.794,-12.0
Player 163,25084,Catch and Shoot,Right,4,BallVeloRelease,5.189,6.027,0.838,KneeTotalROMAvg,34.468,41.362,6.894,maxAnklePlantarflexionNonDominantPostHitch,-8.204,-9.845,-1.641,timeToMaxAnkleDorsiflexionDomDiffHitch,0.166,0.133,-0.033,BallVeloRelease__zwithin,-0.789,-0.289,0.5
Player 163,25085,Catch and Shoot,Right,4,BallVeloRelease,5.424,6.027,0.602,KneeTotalROMAvg,35.329,42.395,7.066,ankleTotalROMAvg,-34.512,-41.414,-6.902,TorsoVeloPostHitch,0.509,0.884,0.375,maxAnklePlantarflexionNonDominantPostHitch,-10.037,-12.044,-2.007
Player 163,25086,Catch and Shoot,Right,4,BallVeloRelease,5.096,6.027,0.93,KneeTotalROMAvg,38.559,46.271,7.712,TorsoVeloPostHitch,0.57,0.884,0.314,BallVeloRelease__zwithin,-0.924,-0.424,0.5,ankleTotalROMAvg,-36.473,-43.768,-7.295
Player 163,25087,Catch and Shoot,Right,4,BallVeloRelease,5.136,6.027,0.89,BallVeloRelease__zwithin,-0.866,-0.366,0.5,maxAnklePlantarflexionNonDominantPostHitch,-12.43,-14.916,-2.486,TorsoVeloRelease__zwithin,-1.06,-0.56,0.5,maxAnklePlantarflexionDomDiffPostHitch,-8.305,-6.644,1.661
Player 163,25088,Off the Dribble,Right,4,BallVeloRelease,4.692,5.588,0.895,BallVeloRelease__zwithin,-1.515,-1.015,0.5,KneeTotalROMAvg,41.675,47.968,6.293,maxKneeFlexionDominantPreHitch,-53.261,-59.157,-5.896,maxAnklePlantarflexionNonDominantPostHitch,-9.894,-11.873,-1.979
Player 163,25089,Off the Dribble,Right,4,BallVeloRelease,4.853,5.588,0.735,KneeTotalROMAvg,33.603,40.323,6.721,BallVeloRelease__zwithin,-1.281,-0.781,0.5,maxAnklePlantarflexionNonDominantPostHitch,-9.857,-11.828,-1.971,TorsoVeloRelease__zwithin,-1.987,-1.487,0.5
Player 163,25090,Catch and Shoot,Right,4,BallVeloRelease,4.702,5.643,0.94,BallVeloPostHitch,0.147,0.647,0.5,BallVeloRelease__zwithin,-1.501,-1.001,0.5,KneeTotalROMAvg,39.727,47.672,7.945,ankleTotalROMAvg,-32.297,-38.756,-6.459
Player 163,25091,Catch and Shoot,Right,4,BallVeloRelease,5.109,6.027,0.917,TorsoVeloPostHitch,0.485,0.884,0.399,BallVeloRelease__zwithin,-0.905,-0.405,0.5,KneeTotalROMAvg,36.575,43.891,7.315,maxAnklePlantarflexionNonDominantPostHitch,-5.3,-6.359,-1.06
Player 163,25092,Catch and Shoot,Right,3,BallVeloRelease,2.088,2.588,0.5,TorsoVeloPostHitch,-0.238,0.262,0.5,timeToMaxShoulderFlexionDominantPostHitch,0.408,0.6,0.192,BallVeloRelease__zwithin,-5.323,-4.258,1.065,ankleTotalROMAvg,-13.236,-15.883,-2.647
Player 163,25093,Catch and Shoot,Right,3,BallVeloRelease,4.817,5.781,0.963,TorsoVeloPostHitch,-0.133,0.367,0.5,ShoulderAlignmentRelease__zwithin,-1.824,-1.459,0.365,ShoulderAlignmentPostHitch__zwithin,-1.632,-1.306,0.326,ankleTotalROMAvg,-37.827,-45.392,-7.565
Player 163,25094,Catch and Shoot,Right,4,BallVeloRelease,4.918,5.902,0.984,TorsoVeloPostHitch,-0.082,0.418,0.5,timeToMaxShoulderFlexionDominantPostHitch,0.5,0.6,0.1,ShoulderAlignmentRelease__zwithin,-1.798,-1.438,0.36,ankleTotalROMAvg,-32.584,-39.101,-6.517
Player 163,25095,Catch and Shoot,Right,4,BallVeloRelease,3.195,3.834,0.639,TorsoVeloPostHitch,-0.073,0.427,0.5,timeToMaxShoulderFlexionDominantPostHitch,0.441,0.6,0.159,ankleTotalROMAvg,-20.054,-24.065,-4.011,maxAnkleDorsiflexionAvgHitch,13.532,16.238,2.706
Player 163,25096,Catch and Shoot,Right,4,BallVeloRelease,5.114,6.027,0.913,TorsoVeloPostHitch,0.154,0.654,0.5,ElbowFlexionAtT0NonDominant,123.313,111.313,-12.0,ShoulderAlignmentRelease__zwithin,-1.725,-1.38,0.345,maxKneeExtensionDomDiffHitch,-23.361,-11.361,12.0
Player 163,25097,Catch and Shoot,Right,4,BallVeloRelease,5.055,6.027,0.972,TorsoVeloPostHitch,-0.349,0.151,0.5,timeToMaxShoulderFlexionDominantPostHitch,0.483,0.6,0.117,ShoulderAlignmentRelease__zwithin,-1.763,-1.41,0.353,ElbowFlexionAtT0NonDominant,126.3,114.3,-12.0
Player 163,25098,Catch and Shoot,Right,4,BallVeloRelease,5.089,6.027,0.938,TorsoVeloPostHitch,-0.353,0.147,0.5,ShoulderAlignmentRelease__zwithin,-1.838,-1.471,0.368,maxKneeExtensionDomDiffHitch,-16.703,-4.703,12.0,BallVeloRelease__zwithin,-0.935,-0.435,0.5
Player 163,25099,Catch and Shoot,Right,4,BallVeloRelease,5.217,6.027,0.809,TorsoVeloPostHitch,-0.068,0.432,0.5,ShoulderAlignmentRelease__zwithin,-2.004,-1.603,0.401,ShoulderAlignmentPostHitch__zwithin,-1.66,-1.328,0.332,KneeTotalROMAvg,41.836,50.204,8.367
Player 163,25100,Catch and Shoot,Right,4,BallVeloRelease,5.168,6.027,0.858,TorsoVeloPostHitch,-0.237,0.263,0.5,ShoulderAlignmentRelease__zwithin,-1.829,-1.463,0.366,maxElbowFlexionAvgPreHitch,119.24,107.24,-12.0,maxKneeExtensionDomDiffHitch,-15.86,-3.86,12.0
Player 163,25101,Catch and Shoot,Right,4,BallVeloRelease,4.875,5.849,0.975,TorsoVeloPostHitch,-0.337,0.163,0.5,ElbowFlexionAtT0NonDominant,112.563,100.563,-12.0,ShoulderAlignmentRelease__zwithin,-1.925,-1.54,0.385,BallVeloRelease__zwithin,-1.249,-0.749,0.5
Player 163,25102,Catch and Shoot,Right,4,BallVeloRelease,2.711,3.253,0.542,TorsoVeloPostHitch,-0.293,0.207,0.5,ankleTotalROMAvg,-9.62,-11.544,-1.924,ElbowFlexionAtT0NonDominant,111.119,99.119,-12.0,BallVeloRelease__zwithin,-4.412,-3.53,0.882
Player 163,25103,Off the Dribble,Right,4,BallVeloRelease,5.249,5.588,0.338,TorsoVeloPostHitch,-0.131,0.369,0.5,ShoulderAlignmentRelease__zwithin,-1.792,-1.434,0.358,timeToMaxShoulderFlexionDominantPostHitch,0.517,0.692,0.175,maxShoulderExtensionDominantPostHitch,56.388,68.388,12.0
Player 163,25104,Catch and Shoot,Right,4,BallVeloRelease,5.41,6.027,0.617,TorsoVeloPostHitch,-0.323,0.177,0.5,ShoulderAlignmentRelease__zwithin,-1.965,-1.572,0.393,ElbowFlexionAtT0NonDominant,111.327,99.327,-12.0,ShoulderAlignmentPostHitch__zwithin,-1.755,-1.404,0.351
Player 163,25105,Catch and Shoot,Right,4,BallVeloRelease,5.261,6.027,0.765,TorsoVeloPostHitch,-0.238,0.262,0.5,ShoulderAlignmentRelease__zwithin,-1.925,-1.54,0.385,timeToMaxShoulderFlexionDominantPostHitch,0.542,0.6,0.058,timeToMaxElbowFlexionDomDiffPostHitch__zwithin,1.28,-0.016,-1.296
Player 163,25106,Catch and Shoot,Right,3,BallVeloRelease,4.758,5.71,0.952,TorsoVeloPostHitch,-0.085,0.415,0.5,timeToMaxShoulderFlexionDominantPostHitch,0.558,0.6,0.042,ShoulderAlignmentRelease__zwithin,-1.779,-1.423,0.356,ElbowFlexionAtT0NonDominant,115.781,103.781,-12.0
Player 163,25107,Catch and Shoot,Right,3,BallVeloRelease,4.714,5.657,0.943,TorsoVeloPostHitch,0.056,0.556,0.5,timeToMaxShoulderFlexionDominantPostHitch,0.525,0.6,0.075,ShoulderAlignmentRelease__zwithin,-1.735,-1.388,0.347,BallVeloRelease__zwithin,-1.484,-0.984,0.5
Player 163,25108,Catch and Shoot,Right,4,BallVeloRelease,4.984,5.98,0.997,TorsoVeloPostHitch,-0.134,0.366,0.5,ShoulderAlignmentRelease__zwithin,-1.769,-1.415,0.354,timeToMaxElbowFlexionDomDiffPostHitch__zwithin,1.409,-0.016,-1.425,BallVeloRelease__zwithin,-1.089,-0.589,0.5
Player 163,25109,Off the Dribble,Right,3,BallVeloRelease,4.677,5.588,0.91,ankleTotalROMAvg,-3.791,-4.55,-0.758,TorsoVeloPostHitch,0.228,0.728,0.5,ElbowFlexionAtT0Dominant,12.374,24.374,12.0,BallVeloPostHitch,0.003,0.503,0.5
Player 163,25110,Off the Dribble,Right,3,BallVeloRelease,4.026,4.831,0.805,ankleTotalROMAvg,-7.043,-8.451,-1.408,ElbowFlexionAtT0Dominant,11.425,23.425,12.0,TorsoVeloPostHitch,0.389,0.772,0.383,maxTorsoFlexionPostHitch,5.868,0.908,-4.96
Player 163,25112,Catch and Shoot,Right,4,BallVeloRelease,5.923,6.027,0.104,ShoulderAlignmentRelease__zwithin,-1.599,-1.279,0.32,BallVeloStart__zwithin,-1.986,-1.486,0.5,maxShoulderFlexionAvgPostHitch,129.02,126.946,-2.074,maxKneeExtensionAvgPostHitch,-19.509,-16.009,3.5
Player 163,25113,Off the Dribble,Right,4,BallVeloRelease,5.707,5.588,-0.119,ShoulderAlignmentRelease__zwithin,-1.637,-1.309,0.327,BallVeloRelease__zwithin,-0.032,-0.206,-0.174,maxKneeFlexionDominantPreHitch,-53.011,-59.157,-6.146,maxKneeExtensionDomDiffHitch,-10.075,-3.378,6.696
Player 163,25114,Off the Dribble,Right,4,BallVeloRelease,5.406,5.588,0.182,maxShoulderFlexionAvgPostHitch,122.339,125.299,2.96,BallVeloRelease__zwithin,-0.472,-0.206,0.266,ShoulderAlignmentRelease__zwithin,-1.601,-1.281,0.32,maxShoulderFlexionNonDominantPostHitch,120.033,122.925,2.892
Player 163,25115,Off the Dribble,Right,4,BallVeloRelease,5.752,5.588,-0.164,ShoulderAlignmentRelease__zwithin,-1.677,-1.341,0.335,BallVeloRelease__zwithin,0.034,-0.206,-0.24,maxTorsoFlexionPreHitch__zwithin,-1.403,0.102,1.505,maxKneeFlexionDominantPreHitch,-53.901,-59.157,-5.256
Player 163,25119,Off the Dribble,Right,4,BallVeloRelease,5.832,5.588,-0.245,HipAlignmentRelease__zwithin,1.596,1.277,-0.319,FeetAlignmentRelease,-151.271,-121.017,30.254,BallVeloRelease__zwithin,0.152,-0.206,-0.358,HipAlignmentPostHitch__zwithin,1.677,1.342,-0.335
Player 163,25120,Off the Dribble,Right,4,BallVeloRelease,5.581,5.588,0.006,HipAlignmentRelease__zwithin,1.741,1.393,-0.348,KneeTotalROMAvg,45.313,47.968,2.655,maxKneeExtensionAvgPostHitch,-20.739,-14.28,6.459,BallVeloRelease__zwithin,-0.216,-0.206,0.01
Player 163,25122,Off the Dribble,Right,4,HipAlignmentPostHitch__zwithin,1.789,1.431,-0.358,HipAlignmentRelease__zwithin,1.687,1.349,-0.337,maxAnklePlantarflexionNonDominantPostHitch,-20.22,-22.007,-1.786,FeetAlignmentRelease,-144.512,-115.609,28.902,maxShoulderFlexionAvgPostHitch,122.411,125.299,2.888
Player 163,25127,Catch and Shoot,Right,4,BallVeloRelease,5.296,6.027,0.73,ankleTotalROMAvg,-28.532,-34.239,-5.706,BallVeloPostHitch,0.13,0.63,0.5,KneeTotalROMAvg,26.673,32.008,5.335,maxAnklePlantarflexionNonDominantPostHitch,-5.373,-6.447,-1.075
Player 163,25128,Catch and Shoot,Right,4,BallVeloRelease,4.818,5.781,0.964,TorsoVeloPostHitch,0.491,0.884,0.393,KneeTotalROMAvg,38.869,46.642,7.774,BallVeloRelease__zwithin,-1.332,-0.832,0.5,maxAnklePlantarflexionNonDominantPostHitch,-6.659,-7.99,-1.332
Player 163,25129,Catch and Shoot,Right,4,BallVeloRelease,5.068,6.027,0.958,TorsoVeloPostHitch,0.485,0.884,0.399,KneeTotalROMAvg,38.778,46.534,7.756,BallVeloRelease__zwithin,-0.965,-0.465,0.5,ankleTotalROMAvg,-32.884,-39.461,-6.577
Player 163,25130,Off the Dribble,Right,4,BallVeloRelease,5.078,5.588,0.51,ankleTotalROMAvg,-11.334,-13.6,-2.267,maxTorsoFlexionPostHitch,7.607,0.908,-6.698,ElbowFlexionAtT0Dominant,23.369,35.369,12.0,TorsoVeloPostHitch,0.432,0.772,0.339
Player 163,25131,Off the Dribble,Right,4,HipAlignmentPreHitch__zwithin,1.819,1.455,-0.364,TorsoTotalROMAvg__zwithin,2.319,1.856,-0.464,HipAlignmentPostHitch__zwithin,1.825,1.46,-0.365,maxShoulderFlexionAvgPostHitch,121.28,125.299,4.019,HipAlignmentRelease__zwithin,1.695,1.356,-0.339
Player 163,25132,Off the Dribble,Right,4,BallVeloRelease,4.062,4.875,0.812,maxKneeFlexionDominantPreHitch,-49.853,-59.157,-9.304,BallVeloRelease__zwithin,-2.436,-1.936,0.5,maxKneeExtensionAvgPostHitch,-20.215,-14.28,5.935,timeToMaxElbowExtensionDomDiffHitch,0.042,0.0,-0.042
Player 163,25134,Catch and Shoot,Right,4,BallVeloRelease,5.34,6.027,0.687,ShoulderAlignmentRelease__zwithin,-1.708,-1.366,0.342,BallVeloRelease__zwithin,-0.569,-0.069,0.5,maxShoulderFlexionNonDominantPostHitch,122.691,124.484,1.793,maxHipFlexionDominantPostHitch,35.16,30.845,-4.315
Player 163,25135,Catch and Shoot,Right,4,BallVeloRelease,5.466,6.027,0.561,maxShoulderFlexionAvgPostHitch,120.714,126.946,6.231,maxTorsoFlexionPreHitch__zwithin,-1.656,0.029,1.685,BallVeloRelease__zwithin,-0.384,0.116,0.5,ShoulderAlignmentRelease__zwithin,-1.578,-1.262,0.316
Player 163,25136,Catch and Shoot,Right,4,BallVeloRelease,5.635,6.027,0.391,ShoulderAlignmentRelease__zwithin,-1.71,-1.368,0.342,maxShoulderFlexionAvgPostHitch,119.97,126.946,6.975,BallVeloRelease__zwithin,-0.136,0.364,0.5,maxShoulderFlexionNonDominantPostHitch,121.944,124.484,2.54
Player 163,25137,Catch and Shoot,Right,4,BallVeloRelease,5.637,6.027,0.39,maxTorsoFlexionPreHitch__zwithin,-1.392,0.029,1.422,maxShoulderFlexionAvgPostHitch,124.367,126.946,2.578,BallVeloRelease__zwithin,-0.134,0.366,0.5,ShoulderAlignmentRelease__zwithin,-1.612,-1.29,0.322
Player 163,25138,Off the Dribble,Right,4,BallVeloRelease,5.186,5.588,0.402,ankleTotalROMAvg,-18.617,-22.341,-3.723,ElbowFlexionAtT0Dominant,23.999,35.999,12.0,maxShoulderExtensionDomDiffPreHitch,160.654,148.654,-12.0,maxShoulderExtensionDominantHitch,7.141,19.141,12.0
Player 163,25139,Off the Dribble,Right,3,BallVeloRelease,4.299,5.159,0.86,TorsoVeloPostHitch,-0.246,0.254,0.5,BallVeloRelease__zwithin,-2.091,-1.591,0.5,Max.Ball.Released..Away.from.body.__zwithin,2.093,1.674,-0.419,maxShoulderExtensionAvgPostHitch,35.198,47.198,12.0
Player 163,25140,Off the Dribble,Right,3,BallVeloRelease,1.199,1.699,0.5,TorsoVeloPostHitch,0.013,0.513,0.5,ElbowFlexionAtT0NonDominant,126.15,114.15,-12.0,ankleTotalROMAvg,-15.694,-18.832,-3.139,BallVeloRelease__zwithin,-6.624,-5.299,1.325
Player 163,25141,Off the Dribble,Right,3,BallVeloRelease,4.082,4.898,0.816,TorsoVeloPostHitch,-0.18,0.32,0.5,maxShoulderFlexionNonDominantPreHitch,14.493,26.493,12.0,maxKneeFlexionNonDominantPostHitch,-94.582,-82.582,12.0,maxShoulderExtensionAvgPostHitch,38.942,50.942,12.0
Player 163,25142,Catch and Shoot,Right,3,BallVeloRelease,4.592,5.511,0.918,TorsoVeloPostHitch,0.424,0.884,0.46,maxKneeExtensionDomDiffHitch,-38.171,-26.171,12.0,BallVeloRelease__zwithin,-1.662,-1.162,0.5,timeToMaxKneeFlexionDomDiffHitch,0.05,0.0,-0.05
Player 163,25143,Catch and Shoot,Right,3,BallVeloRelease,4.965,5.958,0.993,TorsoVeloPostHitch,-0.386,0.114,0.5,maxKneeFlexionNonDominantPostHitch,-88.928,-76.928,12.0,HipAlignmentPreHitch__zwithin,1.248,0.998,-0.25,maxAnklePlantarflexionNonDominantPostHitch,-4.761,-5.713,-0.952
Player 163,25144,Off the Dribble,Right,4,BallVeloRelease,5.059,5.588,0.529,ankleTotalROMAvg,-24.945,-29.934,-4.989,TorsoVeloPostHitch,0.311,0.772,0.461,BallVeloRelease__zwithin,-0.979,-0.479,0.5,KneeTotalROMAvg,28.712,34.454,5.742
Player 163,25146,Catch and Shoot,Right,4,ankleTotalROMAvg,-36.397,-43.676,-7.279,maxAnklePlantarflexionNonDominantPostHitch,-10.132,-12.159,-2.026,maxShoulderFlexionAvgPostHitch,121.136,126.946,5.809,BallVeloRelease__zwithin,0.104,0.436,0.333,TorsoVeloRelease__zwithin,-1.001,-0.501,0.5
Player 163,25150,Off the Dribble,Right,4,BallVeloRelease,5.841,5.588,-0.254,maxShoulderFlexionAvgPostHitch,121.002,125.299,4.297,BallVeloRelease__zwithin,0.165,-0.206,-0.371,ShoulderAlignmentRelease__zwithin,0.105,0.084,-0.021,maxTorsoFlexionPreHitch__zwithin,-1.123,0.102,1.225
Player 163,25153,Catch and Shoot,Right,3,BallVeloRelease,5.13,6.027,0.897,ankleTotalROMAvg,-28.268,-33.922,-5.654,TorsoVeloPostHitch,0.432,0.884,0.452,maxAnklePlantarflexionNonDominantPostHitch,-5.689,-6.826,-1.138,KneeTotalROMAvg,34.072,40.886,6.814
Player 163,25154,Catch and Shoot,Right,4,BallVeloRelease,5.352,6.027,0.675,TorsoVeloPostHitch,0.408,0.884,0.476,KneeTotalROMAvg,36.988,44.386,7.398,maxAnklePlantarflexionNonDominantPostHitch,-5.55,-6.659,-1.11,TorsoVeloRelease__zwithin,-1.549,-1.049,0.5
Player 163,25155,Catch and Shoot,Right,4,BallVeloRelease,4.977,5.972,0.995,TorsoVeloPostHitch,0.502,0.884,0.382,KneeTotalROMAvg,32.636,39.164,6.527,maxKneeFlexionDominantPreHitch,-48.089,-60.089,-12.0,TorsoVeloRelease__zwithin,-1.332,-0.832,0.5
Player 163,25156,Off the Dribble,Right,3,BallVeloRelease,5.078,5.588,0.51,BallVeloPostHitch,0.054,0.554,0.5,TorsoVeloPostHitch,0.46,0.772,0.312,BallVeloRelease__zwithin,-0.952,-0.452,0.5,maxAnklePlantarflexionNonDominantPostHitch,-2.38,-2.856,-0.476
Player 163,25157,Catch and Shoot,Right,4,BallVeloRelease,5.178,6.027,0.848,KneeTotalROMAvg,40.757,48.909,8.151,maxAnklePlantarflexionNonDominantPostHitch,-3.412,-4.094,-0.682,TorsoVeloRelease__zwithin,-0.975,-0.475,0.5,ankleTotalROMAvg,-32.969,-39.563,-6.594
Player 163,25158,Off the Dribble,Right,3,BallVeloRelease,4.503,5.404,0.901,ankleTotalROMAvg,-23.267,-27.92,-4.653,ElbowFlexionAtT0Dominant,63.93,75.93,12.0,TorsoVeloPostHitch,0.567,0.772,0.205,BallVeloRelease__zwithin,-1.792,-1.292,0.5
Player 163,25159,Off the Dribble,Right,3,BallVeloRelease,4.228,5.074,0.846,ankleTotalROMAvg,-22.49,-26.988,-4.498,TorsoVeloPostHitch,0.161,0.661,0.5,BallVeloRelease__zwithin,-2.194,-1.694,0.5,KneeTotalROMAvg,16.542,19.85,3.308
Player 163,25160,Off the Dribble,Right,3,BallVeloRelease,3.244,3.893,0.649,ankleTotalROMAvg,-2.355,-2.826,-0.471,TorsoVeloPostHitch,0.091,0.591,0.5,ElbowFlexionAtT0Dominant,15.116,27.116,12.0,maxShoulderExtensionDomDiffPreHitch,134.591,122.591,-12.0
Player 163,25161,Catch and Shoot,Right,3,BallVeloRelease,4.658,5.59,0.932,ankleTotalROMAvg,-1.644,-1.972,-0.329,TorsoVeloPostHitch,0.086,0.586,0.5,ElbowFlexionAtT0Dominant,11.114,23.114,12.0,BallVeloRelease__zwithin,-1.565,-1.065,0.5
Player 163,25163,Catch and Shoot,Right,4,KneeTotalROMAvg,40.824,48.988,8.165,maxAnklePlantarflexionNonDominantPostHitch,-6.897,-8.277,-1.379,ankleTotalROMAvg,-37.338,-44.806,-7.468,maxElbowExtensionDomDiffPostHitch,-46.243,-34.243,12.0,maxAnklePlantarflexionDomDiffPostHitch,-9.287,-7.43,1.857
Player 163,25164,Off the Dribble,Right,4,BallVeloRelease,5.716,5.588,-0.129,BallVeloRelease__zwithin,-0.018,-0.206,-0.188,KneeTotalROMAvg,44.148,47.968,3.82,maxAnklePlantarflexionNonDominantPostHitch,-12.994,-15.593,-2.599,ankleTotalROMAvg,-39.047,-46.857,-7.809
Player 163,25165,Off the Dribble,Right,4,BallVeloRelease,5.535,5.588,0.053,ankleTotalROMAvg,-38.63,-46.356,-7.726,maxShoulderFlexionAvgPostHitch,117.085,125.299,8.214,BallVeloRelease__zwithin,-0.283,-0.206,0.077,KneeTotalROMAvg,45.232,47.968,2.736
Player 163,25166,Catch and Shoot,Right,4,BallVeloRelease,5.641,6.027,0.386,maxAnklePlantarflexionNonDominantPostHitch,-6.989,-8.387,-1.398,TorsoVeloPostHitch,0.526,0.884,0.358,BallVeloRelease__zwithin,-0.128,0.372,0.5,ankleTotalROMAvg,-38.767,-46.52,-7.753
Player 163,25167,Catch and Shoot,Right,4,BallVeloRelease,5.631,6.027,0.395,KneeTotalROMAvg,41.311,49.574,8.262,BallVeloRelease__zwithin,-0.142,0.358,0.5,maxAnklePlantarflexionNonDominantPostHitch,-10.163,-12.196,-2.033,ankleTotalROMAvg,-36.806,-44.167,-7.361
Player 163,25173,Off the Dribble,Right,4,timeToMaxAnkleDorsiflexionDomDiffHitch,0.158,0.126,-0.032,maxShoulderFlexionAvgPostHitch,121.929,125.299,3.37,ElbowFlexionAtT0NonDominant,109.716,97.716,-12.0,maxElbowFlexionDominantPostHitch,135.42,123.42,-12.0,KneeTotalROMAvg,44.02,47.968,3.947
Player 163,25175,Off the Dribble,Right,4,maxShoulderFlexionAvgPostHitch,121.261,125.299,4.038,ShoulderAlignmentRelease__zwithin,-1.619,-1.296,0.324,maxShoulderFlexionNonDominantPostHitch,117.351,122.925,5.574,HipAlignmentPostHitch__zwithin,-1.628,-1.302,0.326,ShoulderTotalROMDominant,99.126,118.951,19.825
Player 163,25176,Off the Dribble,Right,4,maxTorsoFlexionPostHitch,-6.46,0.908,7.368,TorsoVeloPostHitch,0.187,0.687,0.5,BallVeloRelease,5.945,5.588,-0.358,BallVeloStart__zwithin,-2.011,-1.511,0.5,KneeTotalROMAvg,42.695,47.968,5.273
Player 163,25178,Off the Dribble,Right,4,maxTorsoFlexionPostHitch,-6.864,0.908,7.773,HipAlignmentPostHitch__zwithin,1.698,1.358,-0.34,HipAlignmentRelease__zwithin,1.662,1.33,-0.332,FeetAlignmentRelease,-149.681,-119.745,29.936,HipAlignmentPreHitch__zwithin,1.681,1.345,-0.336
Player 163,25179,Catch and Shoot,Right,4,HipAlignmentPreHitch__zwithin,1.514,1.211,-0.303,HipAlignmentPostHitch__zwithin,1.564,1.251,-0.313,HipAlignmentRelease__zwithin,1.449,1.159,-0.29,maxShoulderFlexionAvgPostHitch,122.138,126.946,4.808,ShoulderAlignmentPostHitch__zwithin,1.443,1.154,-0.289
Player 163,25189,Catch and Shoot,Right,4,ElbowFlexionAtT0Dominant,67.713,79.713,12.0,maxShoulderFlexionNonDominantPostHitch,119.645,124.484,4.839,maxShoulderFlexionAvgPostHitch,121.697,126.946,5.248,ShoulderAlignmentRelease__zwithin,-1.354,-1.083,0.271,timeToMaxKneeFlexionDomDiffHitch,0.066,0.0,-0.066
Player 163,25190,Off the Dribble,Right,4,HipAlignmentPreHitch__zwithin,1.618,1.295,-0.324,HipAlignmentPostHitch__zwithin,1.847,1.478,-0.369,HipAlignmentRelease__zwithin,1.793,1.434,-0.359,KneeTotalROMAvg,44.986,47.968,2.982,FeetAlignmentRelease,-148.101,-118.481,29.62
Player 163,25191,Off the Dribble,Right,4,timeToMaxElbowExtensionDomDiffPostHitch,0.042,0.0,-0.042,HipAlignmentPostHitch__zwithin,1.722,1.378,-0.344,BallVeloRelease,6.018,5.588,-0.43,HipAlignmentRelease__zwithin,1.784,1.427,-0.357,maxHipFlexionDominantPreHitch__zwithin,-2.656,-0.198,2.458
Player 163,25192,Off the Dribble,Right,4,ElbowFlexionAtT0Dominant,53.35,65.35,12.0,BallVeloRelease,5.668,5.588,-0.08,BallVeloRelease__zwithin,-0.088,-0.206,-0.118,ShoulderAlignmentRelease__zwithin,-1.324,-1.059,0.265,timeToMaxShoulderExtensionNonDominantPreHitch,0.125,0.0,-0.125
Player 163,25193,Off the Dribble,Right,4,BallVeloRelease,5.492,5.588,0.096,maxShoulderFlexionNonDominantPostHitch,120.251,122.925,2.674,BallVeloRelease__zwithin,-0.346,-0.206,0.14,ShoulderAlignmentRelease__zwithin,-1.383,-1.106,0.277,maxKneeFlexionDominantPreHitch,-51.785,-59.157,-7.372
Player 163,25198,Off the Dribble,Right,4,BallVeloRelease,5.519,5.588,0.068,HipAlignmentPreHitch__zwithin,1.443,1.155,-0.289,HipAlignmentRelease__zwithin,1.868,1.494,-0.374,HipAlignmentPostHitch__zwithin,1.568,1.254,-0.314,TorsoVeloRelease__zwithin,-0.887,-0.387,0.5
Player 163,25200,Off the Dribble,Right,4,BallVeloRelease,5.51,5.588,0.077,HipAlignmentRelease__zwithin,1.75,1.4,-0.35,HipAlignmentPreHitch__zwithin,1.633,1.306,-0.327,HipAlignmentPostHitch__zwithin,1.685,1.348,-0.337,BallVeloRelease__zwithin,-0.319,-0.206,0.113
Player 163,25201,Off the Dribble,Right,4,BallVeloRelease,5.588,5.588,-0.001,HipAlignmentPreHitch__zwithin,1.467,1.173,-0.293,HipAlignmentPostHitch__zwithin,1.495,1.196,-0.299,HipAlignmentRelease__zwithin,1.665,1.332,-0.333,ShoulderAlignmentRelease__zwithin,1.743,1.394,-0.349
Player 163,25206,Off the Dribble,Right,4,BallVeloRelease,5.568,5.588,0.02,BallVeloRelease__zwithin,-0.235,-0.206,0.029,maxTorsoFlexionPostHitch,3.824,0.908,-2.916,HipAlignmentPreHitch__zwithin,-1.67,-1.336,0.334,timeToMaxKneeFlexionDomDiffHitch,0.05,0.0,-0.05
Player 163,25207,Off the Dribble,Right,4,BallVeloRelease,5.81,5.588,-0.223,HipAlignmentRelease__zwithin,1.726,1.381,-0.345,HipAlignmentPreHitch__zwithin,1.465,1.172,-0.293,HipAlignmentPostHitch__zwithin,1.534,1.227,-0.307,maxKneeExtensionDomDiffHitch__zwithin,1.003,0.007,-0.995
Player 163,25211,Off the Dribble,Right,4,BallVeloRelease,5.789,5.588,-0.201,HipAlignmentRelease__zwithin,1.799,1.439,-0.36,HipAlignmentPostHitch__zwithin,1.856,1.485,-0.371,BallVeloRelease__zwithin,0.088,-0.206,-0.295,KneeTotalROMAvg,44.36,47.968,3.608
Player 163,25212,Catch and Shoot,Right,4,BallVeloRelease,5.892,6.027,0.135,HipAlignmentRelease__zwithin,1.717,1.374,-0.343,HipAlignmentPostHitch__zwithin,1.731,1.385,-0.346,HipAlignmentPreHitch__zwithin,1.827,1.462,-0.365,maxAnklePlantarflexionDomDiffPostHitch,-5.028,-4.022,1.006
Player 163,25213,Off the Dribble,Right,3,BallVeloRelease,4.936,5.588,0.652,ankleTotalROMAvg,-2.578,-3.093,-0.516,ElbowFlexionAtT0Dominant,1.077,13.077,12.0,BallVeloPostHitch,0.165,0.665,0.5,maxHipExtensionNonDominantHitch__zwithin,-2.896,-0.369,2.527
Player 163,25214,Off the Dribble,Right,4,BallVeloRelease,5.16,5.588,0.427,TorsoVeloPostHitch,0.098,0.598,0.5,ankleTotalROMAvg,-18.774,-22.529,-3.755,timeToMaxShoulderFlexionDominantPostHitch,0.55,0.692,0.142,ElbowFlexionAtT0Dominant,12.178,24.178,12.0
Player 163,25215,Off the Dribble,Right,4,TorsoVeloPostHitch,-0.171,0.329,0.5,maxShoulderExtensionDominantPostHitch,45.851,57.851,12.0,Max.Ball.Released..Away.from.body.,0.316,0.379,0.063,ShoulderAlignmentRelease__zwithin,-2.135,-1.708,0.427,maxShoulderExtensionNonDominantHitch,26.383,38.383,12.0
Player 163,25216,Off the Dribble,Right,4,maxShoulderExtensionDominantPostHitch,62.164,74.164,12.0,TorsoVeloPostHitch,-0.045,0.455,0.5,maxKneeExtensionDomDiffHitch,-17.614,-5.614,12.0,ShoulderAlignmentRelease__zwithin,-2.021,-1.617,0.404,maxHipFlexionDominantPostHitch,40.059,28.059,-12.0
Player 163,25217,Catch and Shoot,Right,3,BallVeloRelease,3.942,4.73,0.788,ankleTotalROMAvg,-9.211,-11.053,-1.842,TorsoVeloPostHitch,-0.13,0.37,0.5,BallVeloRelease__zwithin,-2.613,-2.09,0.523,maxHipExtensionNonDominantHitch__zwithin,-3.233,0.3,3.533
Player 163,25218,Off the Dribble,Right,3,BallVeloRelease,3.55,4.26,0.71,ankleTotalROMAvg,-6.983,-8.379,-1.397,TorsoVeloPostHitch,0.223,0.723,0.5,BallVeloPostHitch,0.165,0.665,0.5,BallVeloRelease__zwithin,-3.186,-2.548,0.637
Player 163,25219,Off the Dribble,Right,3,BallVeloRelease,4.005,4.806,0.801,ankleTotalROMAvg,-8.801,-10.561,-1.76,TorsoVeloPostHitch,-0.011,0.488,0.5,BallVeloRelease__zwithin,-2.52,-2.016,0.504,BallVeloPostHitch,0.111,0.611,0.5
Player 163,25220,Off the Dribble,Right,3,BallVeloRelease,3.869,4.643,0.774,ankleTotalROMAvg,-8.907,-10.689,-1.781,TorsoVeloPostHitch,0.164,0.664,0.5,BallVeloPostHitch,0.033,0.533,0.5,BallVeloRelease__zwithin,-2.718,-2.175,0.544
Player 163,25221,Off the Dribble,Right,3,BallVeloRelease,3.568,4.281,0.714,ankleTotalROMAvg,-7.296,-8.755,-1.459,TorsoVeloPostHitch,0.261,0.761,0.5,BallVeloRelease__zwithin,-3.16,-2.528,0.632,maxHipExtensionNonDominantHitch__zwithin,-3.111,-0.369,2.743
Player 163,25222,Off the Dribble,Right,3,BallVeloRelease,3.875,4.65,0.775,ankleTotalROMAvg,-9.463,-11.355,-1.893,TorsoVeloPostHitch,0.037,0.537,0.5,BallVeloPostHitch,0.077,0.577,0.5,BallVeloRelease__zwithin,-2.71,-2.168,0.542
Player 163,25223,Off the Dribble,Right,3,BallVeloRelease,3.925,4.71,0.785,ankleTotalROMAvg,-13.282,-15.938,-2.656,TorsoVeloPostHitch,0.235,0.735,0.5,BallVeloRelease__zwithin,-2.638,-2.11,0.528,timeToMaxHipFlexionNonDominantPostHitch__zwithin,11.66,0.299,-11.361
Player 163,25224,Catch and Shoot,Right,3,BallVeloRelease,4.005,4.806,0.801,ankleTotalROMAvg,-15.053,-18.064,-3.011,TorsoVeloPostHitch,0.264,0.764,0.5,BallVeloRelease__zwithin,-2.52,-2.016,0.504,timeToMaxHipFlexionNonDominantPostHitch__zwithin,4.762,-0.434,-5.196
Player 163,25225,Off the Dribble,Right,3,BallVeloRelease,4.57,5.484,0.914,TorsoVeloPostHitch,0.35,0.772,0.422,maxElbowExtensionDominantPostHitch,8.126,20.126,12.0,maxHipFlexionDominantPostHitch,56.863,44.863,-12.0,timeToMaxAnkleDorsiflexionDominantPostHitch__zwithin,4.039,3.231,-0.808
Player 163,25226,Off the Dribble,Right,3,BallVeloRelease,4.011,4.813,0.802,maxHipFlexionDominantPostHitch,67.756,55.756,-12.0,ankleTotalROMAvg,-28.977,-34.772,-5.795,maxAnkleDorsiflexionAvgHitch,12.309,14.771,2.462,HipAlignmentRelease__zwithin,1.713,1.371,-0.343
Player 163,25227,Off the Dribble,Right,3,BallVeloRelease,4.345,5.214,0.869,Max.Ball.Released..Away.from.body.,1.182,0.945,-0.236,maxElbowExtensionDominantPostHitch,3.949,15.949,12.0,maxHipFlexionDominantPostHitch,57.069,45.069,-12.0,HipAlignmentRelease__zwithin,1.328,1.063,-0.266
Player 163,25228,Off the Dribble,Right,3,BallVeloRelease,2.751,3.301,0.55,BallVeloRelease__zwithin,-4.354,-3.483,0.871,timeToMaxAnkleDorsiflexionDominantPostHitch__zwithin,4.095,3.276,-0.819,KneeTotalROMAvg,28.072,33.687,5.614,maxHipFlexionDominantPostHitch,68.23,56.23,-12.0
Player 163,25229,Off the Dribble,Right,3,BallVeloRelease,4.618,5.542,0.924,maxHipFlexionDominantPostHitch,62.296,50.296,-12.0,HipAlignmentRelease__zwithin,1.028,0.823,-0.206,maxAnkleDorsiflexionAvgHitch,13.832,16.598,2.766,BallVeloRelease__zwithin,-1.624,-1.124,0.5
Player 163,25230,Off the Dribble,Right,3,BallVeloRelease,4.5,5.4,0.9,ankleTotalROMAvg,-15.407,-18.488,-3.081,ElbowFlexionAtT0Dominant,46.298,58.298,12.0,TorsoVeloPostHitch,-0.204,0.296,0.5,ShoulderTotalROMNonDominant__zwithin,-3.839,-3.071,0.768
Player 163,25231,Off the Dribble,Right,3,BallVeloRelease,4.671,5.588,0.917,maxKneeFlexionAvgPostHitch__zwithin,-2.257,0.187,2.445,maxKneeFlexionNonDominantPostHitch,-97.501,-85.502,12.0,Max.Ball.Released..Away.from.body.,1.385,1.108,-0.277,maxKneeExtensionNonDominantHitch,-86.832,-74.832,12.0
Player 163,25232,Off the Dribble,Right,3,BallVeloRelease,2.867,3.44,0.573,TorsoVeloPostHitch,0.556,0.772,0.216,ankleTotalROMAvg,-27.76,-33.312,-5.552,BallVeloRelease__zwithin,-4.185,-3.348,0.837,maxKneeFlexionAvgPostHitch__zwithin,-2.222,0.187,2.409
Player 163,25233,Off the Dribble,Right,3,BallVeloRelease,4.481,5.378,0.896,BallVeloRelease__zwithin,-1.824,-1.324,0.5,Max.Ball.Released..Away.from.body.,1.029,0.823,-0.206,timeToMaxAnkleDorsiflexionDomDiffPreHitch__zwithin,-3.549,-2.839,0.71,timeToMaxKneeFlexionDominantPostHitch,0.966,0.458,-0.508
Player 163,25234,Catch and Shoot,Right,4,HipAlignmentPreHitch__zwithin,1.9,1.52,-0.38,timeToMaxShoulderExtensionNonDominantPreHitch,0.283,0.0,-0.283,HipAlignmentRelease__zwithin,1.806,1.445,-0.361,HipAlignmentPostHitch__zwithin,1.843,1.474,-0.369,maxElbowExtensionDominantPostHitch,1.793,13.793,12.0
Player 163,25235,Catch and Shoot,Right,4,ElbowFlexionAtT0Dominant,53.331,65.331,12.0,HipAlignmentPreHitch__zwithin,1.955,1.564,-0.391,maxTorsoExtensionPreHitch,-9.625,-4.889,4.736,BallVeloRelease,5.501,6.027,0.526,HipAlignmentPostHitch__zwithin,1.761,1.409,-0.352
Player 163,25236,Catch and Shoot,Right,4,BallVeloRelease,5.447,6.027,0.58,maxHipFlexionNonDominantPostHitch__zwithin,-2.772,0.251,3.023,HipAlignmentPreHitch__zwithin,1.718,1.375,-0.344,maxHipExtensionNonDominantHitch__zwithin,-2.868,0.3,3.168,HipAlignmentRelease__zwithin,1.612,1.289,-0.322
Player 163,25237,Catch and Shoot,Right,4,BallVeloRelease,5.767,6.027,0.26,KneeTotalROMAvg,38.217,45.861,7.643,maxElbowExtensionDominantPostHitch,6.831,18.831,12.0,HipAlignmentRelease__zwithin,1.804,1.443,-0.361,BallVeloRelease__zwithin,0.057,0.436,0.379
Player 163,25238,Catch and Shoot,Right,4,BallVeloRelease,5.747,6.027,0.279,timeToMaxShoulderExtensionNonDominantPreHitch,0.259,0.0,-0.259,BallVeloRelease__zwithin,0.028,0.436,0.408,HipAlignmentPreHitch__zwithin,1.805,1.444,-0.361,HipAlignmentRelease__zwithin,1.65,1.32,-0.33
Player 163,25239,Catch and Shoot,Right,4,HipAlignmentRelease__zwithin,1.617,1.294,-0.323,HipAlignmentPreHitch__zwithin,1.578,1.262,-0.316,maxHipFlexionNonDominantPostHitch__zwithin,-2.938,0.251,3.189,HipAlignmentPostHitch__zwithin,1.534,1.227,-0.307,BallVeloRelease,5.927,6.027,0.099
Player 163,25240,Catch and Shoot,Right,4,BallVeloRelease,5.585,6.027,0.442,HipAlignmentRelease__zwithin,1.708,1.366,-0.342,HipAlignmentPostHitch__zwithin,1.624,1.299,-0.325,HipAlignmentPreHitch__zwithin,1.763,1.41,-0.353,BallVeloRelease__zwithin,-0.21,0.29,0.5
Player 163,25241,Catch and Shoot,Right,4,BallVeloRelease,5.897,6.027,0.129,HipAlignmentPreHitch__zwithin,1.776,1.421,-0.355,HipAlignmentRelease__zwithin,1.787,1.43,-0.357,KneeTotalROMAvg,40.665,48.798,8.133,maxElbowExtensionDominantPostHitch,7.275,19.275,12.0
Player 163,25242,Catch and Shoot,Right,4,BallVeloRelease,5.953,6.027,0.074,HipAlignmentPreHitch__zwithin,1.793,1.434,-0.359,KneeTotalROMAvg,43.276,51.313,8.037,ShoulderAlignmentPostHitch__zwithin,1.839,1.471,-0.368,maxElbowExtensionDominantPostHitch,10.314,22.314,12.0
Player 163,25243,Off the Dribble,Right,3,BallVeloRelease,3.141,3.769,0.628,TorsoVeloPostHitch,0.354,0.772,0.418,BallVeloRelease__zwithin,-3.784,-3.027,0.757,maxShoulderFlexionDomDiffHitch,-68.298,-56.298,12.0,TorsoVeloRelease__zwithin,-2.307,-1.807,0.5
Player 163,25244,Off the Dribble,Right,3,BallVeloRelease,1.832,2.332,0.5,TorsoVeloRelease__zwithin,2.637,2.11,-0.527,BallVeloRelease__zwithin,-5.698,-4.559,1.14,maxAnklePlantarflexionDomDiffPostHitch__zwithin,3.86,3.088,-0.772,ElbowFlexionAtT0NonDominant,117.603,105.603,-12.0
Player 163,25247,Off the Dribble,Right,3,BallVeloRelease,2.18,2.68,0.5,BallVeloRelease__zwithin,-5.188,-4.151,1.038,maxHipExtensionNonDominantHitch__zwithin,-2.962,-0.369,2.594,TorsoVeloRelease__zwithin,-3.727,-2.982,0.745,maxShoulderExtensionDominantPostHitch,32.375,44.375,12.0
Player 163,25248,Catch and Shoot,Right,4,MaxStanceGapHitch,0.373,0.448,0.075,maxElbowExtensionAvgPostHitch,20.362,32.362,12.0,maxElbowFlexionDominantPostHitch,107.861,117.427,9.566,HipAlignmentHitch__zwithin,0.249,0.199,-0.05,ShoulderAlignmentPostHitch,-152.639,-141.56,11.079
Player 163,25273,Catch and Shoot,Right,4,maxElbowExtensionDominantPostHitch,2.749,14.749,12.0,HipAlignmentRelease__zwithin,1.73,1.384,-0.346,HipAlignmentPreHitch__zwithin,1.879,1.503,-0.376,ShoulderAlignmentPostHitch__zwithin,1.822,1.458,-0.364,HipAlignmentPostHitch__zwithin,1.801,1.441,-0.36
Player 163,25274,Catch and Shoot,Right,4,BallVeloRelease,5.69,6.027,0.336,maxElbowExtensionDominantPostHitch,6.262,18.262,12.0,HipAlignmentRelease__zwithin,1.72,1.376,-0.344,HipAlignmentPreHitch__zwithin,1.789,1.431,-0.358,BallVeloRelease__zwithin,-0.056,0.436,0.492
Player 163,25275,Catch and Shoot,Right,4,BallVeloRelease,5.9,6.027,0.126,HipAlignmentRelease__zwithin,1.7,1.36,-0.34,HipAlignmentPreHitch__zwithin,1.745,1.396,-0.349,HipAlignmentPostHitch__zwithin,1.678,1.342,-0.336,BallVeloRelease__zwithin,0.251,0.436,0.185
Player 163,25276,Off the Dribble,Right,4,BallVeloRelease,5.654,5.588,-0.066,maxElbowExtensionDominantPostHitch,4.417,16.417,12.0,HipAlignmentPreHitch__zwithin,1.819,1.455,-0.364,HipAlignmentRelease__zwithin,1.737,1.39,-0.347,HipAlignmentPostHitch__zwithin,1.702,1.362,-0.34
Player 163,25277,Catch and Shoot,Right,4,BallVeloRelease,5.913,6.027,0.113,maxElbowExtensionDominantPostHitch,6.352,18.352,12.0,HipAlignmentRelease__zwithin,1.603,1.282,-0.321,HipAlignmentPreHitch__zwithin,1.842,1.474,-0.368,HipAlignmentPostHitch__zwithin,1.832,1.466,-0.366
Player 163,25278,Catch and Shoot,Right,4,BallVeloRelease,5.842,6.027,0.185,HipAlignmentRelease__zwithin,1.713,1.371,-0.343,maxElbowExtensionDominantPostHitch,8.534,20.534,12.0,HipAlignmentPreHitch__zwithin,1.819,1.455,-0.364,HipAlignmentPostHitch__zwithin,1.774,1.42,-0.355
Player 163,25279,Catch and Shoot,Right,4,BallVeloRelease,5.83,6.027,0.197,HipAlignmentRelease__zwithin,1.612,1.289,-0.322,HipAlignmentPreHitch__zwithin,1.786,1.428,-0.357,maxElbowExtensionDominantPostHitch,10.561,22.561,12.0,HipAlignmentPostHitch__zwithin,1.675,1.34,-0.335
Player 163,25280,Catch and Shoot,Right,4,HipAlignmentPreHitch__zwithin,1.762,1.409,-0.352,HipAlignmentPostHitch__zwithin,1.765,1.412,-0.353,HipAlignmentRelease__zwithin,1.69,1.352,-0.338,ShoulderAlignmentPostHitch__zwithin,1.802,1.442,-0.36,maxElbowExtensionNonDominantPostHitch,22.302,34.302,12.0
Player 163,25281,Catch and Shoot,Right,4,HipAlignmentPreHitch__zwithin,1.794,1.435,-0.359,HipAlignmentRelease__zwithin,1.734,1.387,-0.347,HipAlignmentPostHitch__zwithin,1.821,1.457,-0.364,ShoulderAlignmentPostHitch__zwithin,1.973,1.578,-0.395,maxShoulderFlexionDomDiffHitch,1.371,-3.364,-4.734
Player 163,25282,Catch and Shoot,Right,4,BallVeloRelease,5.868,6.027,0.159,HipAlignmentRelease__zwithin,1.553,1.242,-0.311,HipAlignmentPreHitch__zwithin,1.728,1.382,-0.346,HipAlignmentPostHitch__zwithin,1.719,1.375,-0.344,BallVeloRelease__zwithin,0.204,0.436,0.232
Player 163,25283,Catch and Shoot,Right,4,HipAlignmentPreHitch__zwithin,1.732,1.385,-0.346,maxElbowExtensionDominantPostHitch,5.876,17.876,12.0,BallVeloRelease,5.95,6.027,0.076,HipAlignmentRelease__zwithin,1.615,1.292,-0.323,HipAlignmentPostHitch__zwithin,1.724,1.379,-0.345
Player 163,25284,Catch and Shoot,Right,4,HipAlignmentRelease__zwithin,1.737,1.39,-0.347,HipAlignmentPreHitch__zwithin,1.89,1.512,-0.378,HipAlignmentPostHitch__zwithin,1.943,1.554,-0.389,ShoulderAlignmentPostHitch__zwithin,1.88,1.504,-0.376,maxElbowExtensionDominantPostHitch,10.175,22.175,12.0
Player 163,25285,Catch and Shoot,Right,4,HipAlignmentRelease__zwithin,1.725,1.38,-0.345,HipAlignmentPreHitch__zwithin,1.812,1.45,-0.362,BallVeloRelease,5.961,6.027,0.066,ShoulderAlignmentPostHitch__zwithin,1.911,1.529,-0.382,HipAlignmentPostHitch__zwithin,1.885,1.508,-0.377
Player 163,25286,Catch and Shoot,Right,4,BallVeloRelease,5.937,6.027,0.09,maxElbowExtensionDominantPostHitch,6.746,18.746,12.0,HipAlignmentPreHitch__zwithin,1.83,1.464,-0.366,HipAlignmentRelease__zwithin,1.63,1.304,-0.326,ShoulderAlignmentPostHitch__zwithin,1.919,1.535,-0.384
Player 163,25287,Catch and Shoot,Right,4,BallVeloRelease,5.931,6.027,0.096,HipAlignmentRelease__zwithin,1.736,1.389,-0.347,HipAlignmentPostHitch__zwithin,1.811,1.449,-0.362,HipAlignmentPreHitch__zwithin,1.792,1.433,-0.358,maxElbowExtensionNonDominantPostHitch,23.324,35.324,12.0
Player 163,25288,Catch and Shoot,Right,4,HipAlignmentPreHitch__zwithin,1.813,1.45,-0.363,HipAlignmentRelease__zwithin,1.71,1.368,-0.342,HipAlignmentPostHitch__zwithin,1.79,1.432,-0.358,ShoulderAlignmentPostHitch__zwithin,1.832,1.466,-0.366,BallVeloRelease,5.987,6.027,0.039
Player 163,25289,Catch and Shoot,Right,4,BallVeloRelease,5.786,6.027,0.241,maxElbowExtensionDominantPostHitch,6.737,18.737,12.0,HipAlignmentPreHitch__zwithin,1.852,1.482,-0.37,HipAlignmentRelease__zwithin,1.705,1.364,-0.341,BallVeloRelease__zwithin,0.084,0.436,0.352
Player 163,25290,Catch and Shoot,Right,4,BallVeloRelease,5.827,6.027,0.2,HipAlignmentPreHitch__zwithin,1.405,1.124,-0.281,HipAlignmentRelease__zwithin,1.38,1.104,-0.276,HipAlignmentPostHitch__zwithin,1.434,1.147,-0.287,BallVeloRelease__zwithin,0.144,0.436,0.292
Player 163,25291,Catch and Shoot,Right,4,BallVeloRelease,5.649,6.027,0.377,HipAlignmentPreHitch__zwithin,1.319,1.055,-0.264,HipAlignmentRelease__zwithin,1.284,1.027,-0.257,HipAlignmentPostHitch__zwithin,1.308,1.046,-0.262,ShoulderAlignmentPostHitch__zwithin,1.196,0.957,-0.239
Player 163,25292,Catch and Shoot,Right,4,BallVeloRelease,5.657,6.027,0.37,HipAlignmentPreHitch__zwithin,1.277,1.021,-0.255,HipAlignmentRelease__zwithin,1.298,1.038,-0.26,HipAlignmentPostHitch__zwithin,1.346,1.077,-0.269,ShoulderAlignmentPostHitch__zwithin,1.226,0.981,-0.245
Player 163,25293,Catch and Shoot,Right,4,HipAlignmentPreHitch__zwithin,1.17,0.936,-0.234,HipAlignmentRelease__zwithin,1.224,0.98,-0.245,HipAlignmentPostHitch__zwithin,1.295,1.036,-0.259,ShoulderAlignmentPostHitch__zwithin,1.134,0.907,-0.227,MaxStanceGapHitch,0.409,0.454,0.045
Player 163,25294,Catch and Shoot,Right,4,HipAlignmentPreHitch__zwithin,1.293,1.034,-0.259,BallVeloRelease,5.872,6.027,0.155,HipAlignmentRelease__zwithin,1.208,0.966,-0.242,HipAlignmentPostHitch__zwithin,1.279,1.023,-0.256,ShoulderAlignmentPostHitch__zwithin,1.196,0.957,-0.239
Player 163,25295,Catch and Shoot,Right,4,HipAlignmentPreHitch__zwithin,1.203,0.962,-0.241,HipAlignmentRelease__zwithin,1.202,0.961,-0.24,HipAlignmentPostHitch__zwithin,1.256,1.005,-0.251,ShoulderAlignmentPostHitch__zwithin,1.119,0.895,-0.224,ShoulderAlignmentRelease__zwithin,1.009,0.807,-0.202
Player 163,25296,Catch and Shoot,Right,4,BallVeloRelease,5.904,6.027,0.123,maxShoulderFlexionDominantHitch,112.043,104.861,-7.183,BallVeloRelease__zwithin,0.256,0.436,0.18,MaxStanceGapRelease,0.353,0.365,0.012,HipAlignmentHitch__zwithin,0.603,0.483,-0.121
Player 163,25299,Catch and Shoot,Right,4,BallVeloRelease,5.936,6.027,0.091,BallVeloRelease__zwithin,0.303,0.436,0.133,MaxStanceGapRelease,0.343,0.365,0.022,maxShoulderFlexionDomDiffPostHitch__zwithin,0.508,-0.001,-0.51,HipAlignmentHitch__zwithin,0.611,0.489,-0.122
Player 163,25300,Catch and Shoot,Right,4,BallVeloRelease,5.896,6.027,0.13,maxShoulderFlexionDominantHitch,114.339,104.861,-9.479,BallVeloRelease__zwithin,0.246,0.436,0.191,MaxStanceGapRelease,0.325,0.365,0.04,maxElbowFlexionDominantPostHitch,104.304,116.304,12.0
Player 163,25303,Catch and Shoot,Right,4,BallVeloRelease,5.913,6.027,0.114,maxElbowExtensionDominantPostHitch,5.979,17.979,12.0,TorsoTotalROMAvg__zwithin,0.334,0.267,-0.067,maxElbowExtensionAvgPostHitch,11.046,23.046,12.0,BallVeloRelease__zwithin,0.27,0.436,0.166
Player 163,25305,Catch and Shoot,Right,4,BallVeloRelease,5.911,6.027,0.115,maxShoulderFlexionDominantHitch,116.25,104.861,-11.39,BallVeloRelease__zwithin,0.267,0.436,0.169,MaxStanceGapRelease,0.366,0.365,-0.0,ShoulderTotalROMDominant,114.607,117.081,2.475
Player 163,25306,Catch and Shoot,Right,4,BallVeloRelease,5.855,6.027,0.172,BallVeloRelease__zwithin,0.185,0.436,0.251,maxShoulderFlexionDominantHitch,111.236,104.861,-6.375,TorsoTotalROMAvg__zwithin,0.371,0.297,-0.074,MaxStanceGapRelease,0.345,0.365,0.021
Player 163,25307,Catch and Shoot,Right,4,BallVeloRelease,5.743,6.027,0.284,BallVeloRelease__zwithin,0.021,0.436,0.415,maxShoulderFlexionDominantHitch,114.273,104.861,-9.412,TorsoTotalROMAvg__zwithin,0.634,0.507,-0.127,maxShoulderFlexionNonDominantPostHitch,121.544,124.484,2.94
Player 163,25308,Catch and Shoot,Right,4,BallVeloRelease,5.763,6.027,0.263,BallVeloRelease__zwithin,0.051,0.436,0.385,TorsoTotalROMAvg__zwithin,0.753,0.602,-0.151,maxShoulderFlexionDominantHitch,116.171,104.861,-11.31,MaxStanceGapRelease,0.336,0.365,0.029
Player 163,25309,Catch and Shoot,Right,4,BallVeloRelease,5.952,6.027,0.074,TorsoTotalROMAvg__zwithin,1.2,0.96,-0.24,maxShoulderFlexionDominantHitch,117.525,105.525,-12.0,BallVeloRelease__zwithin,0.328,0.436,0.109,MaxStanceGapHitch,0.406,0.454,0.047
Player 163,25311,Catch and Shoot,Right,4,maxShoulderFlexionDominantHitch,113.241,104.861,-8.38,TorsoTotalROMAvg__zwithin,0.95,0.76,-0.19,maxShoulderFlexionDomDiffPostHitch__zwithin,0.599,-0.001,-0.6,MaxStanceGapRelease,0.355,0.365,0.01,maxShoulderFlexionNonDominantPostHitch,119.265,124.484,5.219
Player 163,25314,Catch and Shoot,Right,4,maxElbowExtensionNonDominantPostHitch,16.377,28.377,12.0,maxElbowExtensionAvgPostHitch,15.229,27.229,12.0,maxShoulderFlexionDomDiffHitch,3.369,-3.364,-6.732,maxAnklePlantarflexionNonDominantPostHitch,-19.651,-23.581,-3.93,maxKneeExtensionNonDominantPostHitch,-20.272,-15.941,4.331
Player 163,25319,Catch and Shoot,Right,4,BallVeloRelease,5.861,6.027,0.166,BallVeloRelease__zwithin,0.193,0.436,0.243,MaxStanceGapRelease,0.347,0.365,0.018,ShoulderTotalROMDominant,119.113,117.081,-2.032,maxShoulderFlexionDomDiffHitch,-0.001,-3.364,-3.362
Player 163,25320,Catch and Shoot,Right,4,BallVeloRelease,5.963,6.027,0.064,maxShoulderFlexionDominantHitch,112.072,104.861,-7.212,maxShoulderFlexionDomDiffHitch,-0.644,-3.364,-2.719,ankleTotalROMAvg,-52.003,-52.053,-0.05,maxKneeExtensionNonDominantPostHitch,-21.259,-15.941,5.318
Player 163,25328,Catch and Shoot,Right,4,maxElbowExtensionDominantPostHitch,7.516,19.516,12.0,BallVeloRelease,5.933,6.027,0.094,BallVeloRelease__zwithin,0.299,0.436,0.137,maxShoulderFlexionDomDiffPostHitch__zwithin,0.582,-0.001,-0.583,Max.Ball.Released..Away.from.body.,0.713,0.57,-0.143
Player 163,25329,Off the Dribble,Right,4,BallVeloRelease,5.784,5.588,-0.196,BallVeloRelease__zwithin,0.081,-0.206,-0.287,MaxStanceGapRelease,0.327,0.39,0.062,Max.Ball.Released..Away.from.body.,0.694,0.555,-0.139,maxShoulderFlexionDomDiffPostHitch__zwithin,0.62,0.062,-0.558
Player 163,25330,Catch and Shoot,Right,4,BallVeloRelease,5.88,6.027,0.146,BallVeloRelease__zwithin,0.222,0.436,0.214,maxElbowExtensionDominantPostHitch,9.715,21.715,12.0,maxShoulderFlexionDomDiffPostHitch__zwithin,0.491,-0.001,-0.493,FeetAlignmentPreHitch__zwithin,0.408,0.327,-0.082
Player 163,25331,Off the Dribble,Right,4,BallVeloRelease,5.437,5.588,0.15,ShoulderAlignmentRelease__zwithin,-1.651,-1.321,0.33,BallVeloRelease__zwithin,-0.426,-0.206,0.22,maxShoulderFlexionDomDiffPostHitch__zwithin,0.816,0.062,-0.754,maxElbowFlexionDominantHitch,110.856,114.492,3.637
Player 163,25332,Off the Dribble,Right,4,ShoulderAlignmentRelease__zwithin,-1.641,-1.313,0.328,maxKneeExtensionDomDiffHitch,-8.529,-3.378,5.151,maxShoulderFlexionDomDiffPostHitch__zwithin,0.732,0.062,-0.67,TorsoVeloRelease__zwithin,-0.154,-0.227,-0.073,ShoulderAlignmentPreHitch__zwithin,-1.317,-1.054,0.263
Player 163,25333,Off the Dribble,Right,4,BallVeloRelease,5.517,5.588,0.071,maxElbowExtensionDominantPostHitch,5.829,17.829,12.0,ShoulderAlignmentRelease__zwithin,-1.653,-1.322,0.331,BallVeloRelease__zwithin,-0.31,-0.206,0.104,maxShoulderFlexionDomDiffPostHitch__zwithin,0.74,0.062,-0.678
Player 163,25334,Off the Dribble,Right,4,BallVeloRelease,5.864,5.588,-0.277,ShoulderAlignmentRelease__zwithin,-1.631,-1.305,0.326,BallVeloRelease__zwithin,0.199,-0.206,-0.405,MaxStanceGapRelease,0.349,0.39,0.04,maxShoulderFlexionDomDiffPostHitch__zwithin,0.533,0.062,-0.471
Player 163,25335,Off the Dribble,Right,4,BallVeloRelease,5.769,5.588,-0.182,BallVeloRelease__zwithin,0.06,-0.206,-0.266,maxElbowExtensionDominantPostHitch,8.225,20.225,12.0,ShoulderAlignmentRelease__zwithin,-1.628,-1.303,0.326,maxShoulderFlexionDomDiffPostHitch__zwithin,0.585,0.062,-0.523
Player 163,25336,Off the Dribble,Right,4,BallVeloRelease,5.716,5.588,-0.128,maxHipFlexionDominantPostHitch,39.455,27.455,-12.0,ShoulderAlignmentRelease__zwithin,-1.59,-1.272,0.318,maxTorsoFlexionPreHitch__zwithin,-1.313,0.102,1.415,BallVeloRelease__zwithin,-0.018,-0.206,-0.188
Player 163,25337,Off the Dribble,Right,4,BallVeloRelease,5.325,5.588,0.262,maxElbowExtensionDominantPostHitch,5.448,17.448,12.0,ShoulderAlignmentRelease__zwithin,-1.615,-1.292,0.323,BallVeloRelease__zwithin,-0.59,-0.206,0.384,timeToMaxShoulderExtensionNonDominantPreHitch,0.058,0.0,-0.058
Player 163,25338,Off the Dribble,Right,4,BallVeloRelease,5.852,5.588,-0.264,ShoulderAlignmentRelease__zwithin,-1.648,-1.318,0.33,BallVeloRelease__zwithin,0.18,-0.206,-0.386,maxShoulderFlexionDomDiffPostHitch__zwithin,1.052,0.062,-0.99,maxShoulderExtensionAvgHitch,75.866,63.866,-12.0
Player 163,25339,Off the Dribble,Right,4,BallVeloRelease,5.821,5.588,-0.234,maxElbowExtensionDominantPostHitch,7.022,19.022,12.0,ShoulderAlignmentRelease__zwithin,-1.665,-1.332,0.333,BallVeloRelease__zwithin,0.136,-0.206,-0.342,maxHipFlexionNonDominantPreHitch,48.636,42.769,-5.867
Player 163,25340,Off the Dribble,Right,4,BallVeloRelease,5.539,5.588,0.049,maxElbowExtensionDominantPostHitch,8.451,20.451,12.0,BallVeloRelease__zwithin,-0.278,-0.206,0.072,maxShoulderFlexionDomDiffPostHitch__zwithin,1.0,0.062,-0.938,ShoulderAlignmentRelease__zwithin,-1.585,-1.268,0.317
Player 163,25341,Off the Dribble,Right,4,BallVeloRelease,5.662,5.588,-0.074,ShoulderAlignmentRelease__zwithin,-1.659,-1.327,0.332,BallVeloRelease__zwithin,-0.097,-0.206,-0.109,maxShoulderFlexionDomDiffPostHitch__zwithin,0.627,0.062,-0.565,maxShoulderExtensionAvgHitch,76.977,64.977,-12.0
Player 163,25342,Off the Dribble,Right,4,BallVeloRelease,5.497,5.588,0.09,ShoulderAlignmentRelease__zwithin,-1.682,-1.345,0.336,timeToMaxElbowFlexionDomDiffPostHitch__zwithin,0.534,0.007,-0.526,BallVeloRelease__zwithin,-0.338,-0.206,0.132,maxShoulderFlexionDomDiffPostHitch__zwithin,0.942,0.062,-0.88
Player 163,25343,Off the Dribble,Right,4,BallVeloRelease,5.788,5.588,-0.2,maxElbowExtensionDominantPostHitch,7.847,19.847,12.0,BallVeloRelease__zwithin,0.087,-0.206,-0.293,ShoulderAlignmentRelease__zwithin,-1.64,-1.312,0.328,maxHipFlexionNonDominantPreHitch,48.569,42.769,-5.8
Player 163,25344,Off the Dribble,Right,4,BallVeloRelease,5.734,5.588,-0.147,ShoulderAlignmentRelease__zwithin,-1.587,-1.269,0.317,BallVeloRelease__zwithin,0.009,-0.206,-0.215,timeToMaxElbowFlexionDomDiffPostHitch__zwithin,0.51,0.007,-0.503,maxTorsoFlexionPreHitch__zwithin,-1.448,0.102,1.55
Player 163,25345,Off the Dribble,Right,4,BallVeloRelease,5.722,5.588,-0.134,maxElbowExtensionDominantPostHitch,6.845,18.845,12.0,ShoulderAlignmentRelease__zwithin,-1.598,-1.278,0.32,BallVeloRelease__zwithin,-0.01,-0.206,-0.196,timeToMaxShoulderExtensionNonDominantPreHitch,0.158,0.0,-0.158
Player 163,25346,Off the Dribble,Right,4,BallVeloRelease,5.527,5.588,0.06,BallVeloRelease__zwithin,-0.294,-0.206,0.088,ShoulderAlignmentRelease__zwithin,-1.548,-1.239,0.31,maxKneeExtensionDomDiffHitch,-9.106,-3.378,5.728,maxAnklePlantarflexionDomDiffPostHitch,-6.11,-4.888,1.222
Player 163,25347,Off the Dribble,Right,4,BallVeloRelease,5.528,5.588,0.059,maxElbowExtensionDominantPostHitch,5.809,17.809,12.0,BallVeloRelease__zwithin,-0.293,-0.206,0.087,maxHipFlexionNonDominantPreHitch,49.49,42.769,-6.722,ShoulderAlignmentRelease__zwithin,-1.557,-1.245,0.311
Player 163,25349,Off the Dribble,Right,4,maxElbowExtensionDominantPostHitch,7.84,19.84,12.0,BallVeloRelease,5.928,5.588,-0.34,BallVeloRelease__zwithin,0.291,-0.206,-0.497,maxShoulderFlexionDomDiffPostHitch__zwithin,0.601,0.062,-0.539,maxShoulderExtensionAvgHitch,75.3,63.3,-12.0
Player 163,25350,Off the Dribble,Right,4,BallVeloRelease,5.857,5.588,-0.269,BallVeloRelease__zwithin,0.188,-0.206,-0.394,maxShoulderExtensionAvgHitch,77.788,65.788,-12.0,maxShoulderFlexionDomDiffPostHitch__zwithin,0.71,0.062,-0.648,maxHipFlexionNonDominantPreHitch,50.931,42.769,-8.163
Player 163,25352,Off the Dribble,Right,4,BallVeloRelease,5.761,5.588,-0.173,BallVeloRelease__zwithin,0.048,-0.206,-0.254,maxElbowExtensionDominantPostHitch,9.819,21.819,12.0,maxShoulderFlexionDomDiffPostHitch__zwithin,0.776,0.062,-0.714,maxShoulderExtensionAvgHitch,77.573,65.574,-12.0
Player 163,25354,Off the Dribble,Right,4,BallVeloRelease,5.739,5.588,-0.151,BallVeloRelease__zwithin,0.015,-0.206,-0.221,maxShoulderFlexionDomDiffPostHitch__zwithin,0.579,0.062,-0.517,maxAnklePlantarflexionNonDominantPostHitch,-31.169,-24.935,6.234,maxElbowExtensionDomDiffHitch,-3.164,8.836,12.0
Player 163,25355,Off the Dribble,Right,4,BallVeloRelease,5.711,5.588,-0.124,BallVeloRelease__zwithin,-0.025,-0.206,-0.181,maxAnklePlantarflexionNonDominantPostHitch,-32.242,-25.794,6.448,maxShoulderFlexionDomDiffPostHitch__zwithin,0.753,0.062,-0.691,Max.Ball.Released..Away.from.body.,0.672,0.538,-0.133
Player 163,25356,Off the Dribble,Right,4,BallVeloRelease,5.715,5.588,-0.127,BallVeloRelease__zwithin,-0.02,-0.206,-0.186,maxElbowFlexionDominantHitch,99.2,111.2,12.0,maxHipExtensionNonDominantHitch,27.404,22.295,-5.109,FeetAlignmentPreHitch__zwithin,0.381,0.304,-0.076
Player 163,25357,Off the Dribble,Right,4,BallVeloRelease,5.863,5.588,-0.275,BallVeloRelease__zwithin,0.196,-0.206,-0.402,maxAnklePlantarflexionNonDominantPostHitch,-31.104,-24.883,6.221,maxElbowExtensionDomDiffHitch,3.733,12.658,8.925,maxShoulderFlexionDomDiffPostHitch__zwithin,0.586,0.062,-0.524
Player 163,25360,Off the Dribble,Right,4,BallVeloRelease,5.864,5.588,-0.276,BallVeloRelease__zwithin,0.198,-0.206,-0.404,maxShoulderFlexionDomDiffPostHitch__zwithin,0.839,0.062,-0.777,maxHipFlexionNonDominantPreHitch,47.91,42.769,-5.141,MaxStanceGapRelease,0.359,0.39,0.03
Player 163,25363,Off the Dribble,Right,4,BallVeloRelease,5.854,5.588,-0.266,BallVeloRelease__zwithin,0.183,-0.206,-0.389,ShoulderTotalROMDominant,79.442,95.331,15.888,maxShoulderFlexionDomDiffPostHitch__zwithin,0.663,0.062,-0.601,timeToMaxShoulderExtensionDomDiffHitch__zwithin,0.016,-0.006,-0.023
Player 163,25366,Catch and Shoot,Right,4,BallVeloRelease,5.901,6.027,0.126,maxShoulderFlexionDominantHitch,115.77,104.861,-10.909,BallVeloRelease__zwithin,0.252,0.436,0.184,maxElbowFlexionDominantPostHitch,103.109,115.109,12.0,MaxStanceGapRelease,0.356,0.365,0.009
Player 163,25367,Catch and Shoot,Right,4,BallVeloRelease,5.846,6.027,0.181,BallVeloRelease__zwithin,0.172,0.436,0.265,maxShoulderFlexionDominantHitch,116.762,104.861,-11.901,MaxStanceGapRelease,0.366,0.365,-0.0,maxShoulderFlexionDomDiffHitch,2.528,-3.364,-5.892
Player 163,25368,Catch and Shoot,Right,4,BallVeloRelease,5.858,6.027,0.169,BallVeloRelease__zwithin,0.189,0.436,0.247,maxShoulderFlexionDominantHitch,117.02,105.02,-12.0,MaxStanceGapRelease,0.296,0.355,0.059,maxShoulderFlexionDomDiffHitch,4.121,-3.364,-7.484
Player 163,25371,Catch and Shoot,Right,4,BallVeloRelease,5.858,6.027,0.169,BallVeloRelease__zwithin,0.189,0.436,0.247,maxShoulderFlexionDominantHitch,115.65,104.861,-10.79,maxShoulderFlexionDomDiffPostHitch__zwithin,0.66,-0.001,-0.661,maxShoulderFlexionDomDiffHitch,3.845,-3.364,-7.208
Player 163,25372,Catch and Shoot,Right,4,HipAlignmentRelease__zwithin,0.988,0.79,-0.198,HipAlignmentPostHitch__zwithin,1.207,0.965,-0.241,BallVeloRelease,5.924,6.027,0.102,BallVeloRelease__zwithin,0.286,0.436,0.15,ShoulderAlignmentPostHitch__zwithin,0.878,0.702,-0.176
Player 163,25373,Catch and Shoot,Right,4,HipAlignmentPreHitch__zwithin,1.009,0.807,-0.202,HipAlignmentPostHitch__zwithin,1.194,0.955,-0.239,maxShoulderFlexionDominantHitch,119.461,107.461,-12.0,BallVeloRelease,5.973,6.027,0.054,ShoulderAlignmentPostHitch__zwithin,0.955,0.764,-0.191
Player 163,25374,Catch and Shoot,Right,4,BallVeloRelease,5.901,6.027,0.126,HipAlignmentRelease__zwithin,0.922,0.737,-0.184,maxShoulderFlexionDominantHitch,118.654,106.654,-12.0,HipAlignmentPostHitch__zwithin,1.11,0.888,-0.222,BallVeloRelease__zwithin,0.252,0.436,0.184
Player 163,25375,Catch and Shoot,Right,4,BallVeloRelease,5.869,6.027,0.157,HipAlignmentPreHitch__zwithin,0.962,0.77,-0.192,maxShoulderFlexionDominantHitch,118.781,106.781,-12.0,HipAlignmentPostHitch__zwithin,1.133,0.906,-0.227,BallVeloRelease__zwithin,0.206,0.436,0.23
Player 163,25376,Catch and Shoot,Right,4,HipAlignmentPostHitch__zwithin,1.133,0.906,-0.227,HipAlignmentRelease__zwithin,0.933,0.746,-0.187,maxShoulderFlexionDominantHitch,117.338,105.338,-12.0,BallVeloRelease,6.013,6.027,0.013,maxElbowExtensionDominantPostHitch,9.345,21.345,12.0
Player 163,25377,Catch and Shoot,Right,4,HipAlignmentPreHitch__zwithin,0.971,0.777,-0.194,HipAlignmentRelease__zwithin,0.911,0.729,-0.182,HipAlignmentPostHitch__zwithin,1.114,0.891,-0.223,ShoulderAlignmentPostHitch__zwithin,0.879,0.703,-0.176,maxAnklePlantarflexionDomDiffPostHitch,-2.161,-1.729,0.432
Player 163,25378,Catch and Shoot,Right,4,BallVeloRelease,5.894,6.027,0.133,HipAlignmentRelease__zwithin,1.728,1.383,-0.346,maxElbowExtensionDominantPostHitch,5.421,17.421,12.0,HipAlignmentPreHitch__zwithin,1.768,1.414,-0.354,ShoulderAlignmentPostHitch__zwithin,1.713,1.37,-0.343
Player 163,25379,Catch and Shoot,Right,4,BallVeloRelease,5.732,6.027,0.294,HipAlignmentPreHitch__zwithin,1.786,1.429,-0.357,HipAlignmentRelease__zwithin,1.659,1.327,-0.332,maxElbowExtensionDominantPostHitch,7.769,19.769,12.0,HipAlignmentPostHitch__zwithin,1.786,1.429,-0.357
Player 163,25380,Catch and Shoot,Right,4,BallVeloRelease,5.77,6.027,0.257,HipAlignmentRelease__zwithin,1.712,1.369,-0.342,HipAlignmentPreHitch__zwithin,1.775,1.42,-0.355,HipAlignmentPostHitch__zwithin,1.655,1.324,-0.331,BallVeloRelease__zwithin,0.061,0.436,0.375
Player 163,25381,Catch and Shoot,Right,4,BallVeloRelease,5.881,6.027,0.146,HipAlignmentPreHitch__zwithin,1.746,1.396,-0.349,HipAlignmentRelease__zwithin,1.727,1.382,-0.345,maxElbowExtensionDominantPostHitch,7.113,19.113,12.0,HipAlignmentPostHitch__zwithin,1.78,1.424,-0.356
Player 163,25382,Catch and Shoot,Right,4,BallVeloRelease,5.822,6.027,0.205,maxElbowExtensionDominantPostHitch,8.013,20.013,12.0,HipAlignmentRelease__zwithin,1.697,1.358,-0.339,HipAlignmentPreHitch__zwithin,1.802,1.441,-0.36,BallVeloRelease__zwithin,0.136,0.436,0.3
Player 163,25383,Catch and Shoot,Right,4,BallVeloRelease,5.786,6.027,0.24,maxElbowExtensionDominantPostHitch,4.376,16.376,12.0,HipAlignmentRelease__zwithin,1.795,1.436,-0.359,maxElbowExtensionAvgPostHitch,13.57,25.57,12.0,HipAlignmentPreHitch__zwithin,1.744,1.395,-0.349
Player 163,25384,Catch and Shoot,Right,4,BallVeloRelease,5.859,6.027,0.168,HipAlignmentPreHitch__zwithin,1.721,1.377,-0.344,HipAlignmentRelease__zwithin,1.532,1.225,-0.306,HipAlignmentPostHitch__zwithin,1.653,1.323,-0.331,maxElbowExtensionDominantPostHitch,9.449,21.449,12.0
Player 163,25398,Catch and Shoot,Right,4,BallVeloRelease,5.755,6.027,0.272,BallVeloRelease__zwithin,0.038,0.436,0.398,maxShoulderFlexionDominantHitch,118.606,106.606,-12.0,maxElbowFlexionDominantPostHitch,106.961,117.427,10.466,maxHipFlexionNonDominantPreHitch__zwithin,-0.82,-0.0,0.82
Player 163,25399,Catch and Shoot,Right,4,BallVeloRelease,5.779,6.027,0.247,BallVeloRelease__zwithin,0.074,0.436,0.362,maxShoulderFlexionDominantHitch,118.571,106.571,-12.0,ShoulderTotalROMDominant,92.981,111.577,18.596,ankleTotalROMAvg,-48.404,-52.053,-3.65
Player 163,25400,Off the Dribble,Right,4,BallVeloRelease,5.846,5.588,-0.258,BallVeloRelease__zwithin,0.171,-0.206,-0.377,maxElbowExtensionDominantPostHitch,9.169,21.169,12.0,ShoulderTotalROMDominant,104.164,123.443,19.279,maxKneeExtensionDominantHitch,-68.824,-56.824,12.0
Player 163,25403,Catch and Shoot,Right,4,BallVeloRelease,5.877,6.027,0.15,BallVeloRelease__zwithin,0.217,0.436,0.219,maxElbowExtensionDominantPostHitch,10.067,22.067,12.0,maxShoulderFlexionDominantHitch,115.211,104.861,-10.35,maxShoulderFlexionDomDiffHitch,4.66,-3.364,-8.023
Player 163,25405,Catch and Shoot,Right,4,BallVeloRelease,5.999,6.027,0.028,ShoulderTotalROMDominant,96.536,115.843,19.307,maxElbowExtensionDominantPostHitch,9.011,21.011,12.0,maxShoulderFlexionDomDiffPostHitch__zwithin,0.788,-0.001,-0.79,MaxStanceGapRelease,0.325,0.365,0.04
Player 163,25406,Catch and Shoot,Right,4,BallVeloRelease,5.942,6.027,0.085,maxShoulderFlexionDominantHitch,118.011,106.011,-12.0,maxShoulderExtensionAvgHitch,77.648,65.648,-12.0,BallVeloRelease__zwithin,0.312,0.436,0.124,maxShoulderFlexionDomDiffPostHitch__zwithin,0.623,-0.001,-0.625
Player 163,25407,Catch and Shoot,Right,4,maxElbowExtensionDominantPostHitch,11.362,23.362,12.0,MaxStanceGapRelease,0.351,0.365,0.015,BallVeloRelease,5.974,6.027,0.053,maxShoulderFlexionDomDiffPostHitch__zwithin,0.664,-0.001,-0.665,ShoulderTotalROMDominant,103.707,117.081,13.375
Player 163,25410,Catch and Shoot,Right,4,BallVeloRelease,5.614,6.027,0.413,BallVeloRelease__zwithin,-0.167,0.333,0.5,maxShoulderFlexionDominantHitch,116.008,104.861,-11.147,ShoulderTotalROMDominant,91.409,109.691,18.282,ShoulderAlignmentPreHitch,-178.153,-142.522,35.631
Player 163,25411,Catch and Shoot,Right,4,BallVeloRelease,5.944,6.027,0.083,BallVeloRelease__zwithin,0.315,0.436,0.121,ShoulderTotalROMDominant,114.438,117.081,2.644,maxShoulderFlexionDomDiffHitch,1.589,-3.364,-4.953,MaxStanceGapRelease,0.339,0.365,0.026
Player 163,25412,Catch and Shoot,Right,4,BallVeloRelease,5.768,6.027,0.259,BallVeloRelease__zwithin,0.057,0.436,0.379,maxShoulderFlexionDominantHitch,118.541,106.541,-12.0,ShoulderTotalROMDominant,104.254,117.081,12.827,HipAlignmentRelease,-159.622,-145.192,14.429
Player 163,25413,Catch and Shoot,Right,4,BallVeloRelease,5.767,6.027,0.26,BallVeloRelease__zwithin,0.056,0.436,0.38,TorsoTotalROMAvg__zwithin,1.078,0.862,-0.216,maxShoulderFlexionDominantHitch,119.126,107.126,-12.0,HipAlignmentRelease,-160.53,-145.192,15.337
Player 163,25414,Catch and Shoot,Right,4,BallVeloRelease,5.661,6.027,0.365,BallVeloRelease__zwithin,-0.098,0.402,0.5,maxShoulderFlexionDominantHitch,121.355,109.355,-12.0,MaxStanceGapRelease,0.374,0.365,-0.009,maxAnklePlantarflexionAvgPreHitch,18.497,17.758,-0.739
Player 163,25419,Catch and Shoot,Right,4,BallVeloRelease,5.816,6.027,0.21,BallVeloRelease__zwithin,0.129,0.436,0.307,ShoulderTotalROMDominant,97.742,117.081,19.34,MaxStanceGapRelease,0.377,0.365,-0.012,maxShoulderFlexionAvgPostHitch,128.484,126.946,-1.539
Player 163,25420,Catch and Shoot,Right,4,BallVeloRelease,5.848,6.027,0.178,maxShoulderFlexionAvgPostHitch,124.193,126.946,2.752,BallVeloRelease__zwithin,0.175,0.436,0.261,maxShoulderFlexionDominantHitch,116.095,104.861,-11.235,maxShoulderExtensionDominantPostHitch,105.787,93.787,-12.0
Player 163,25421,Catch and Shoot,Right,4,BallVeloRelease,5.924,6.027,0.103,maxShoulderFlexionDominantHitch,119.536,107.536,-12.0,BallVeloRelease__zwithin,0.286,0.436,0.15,maxShoulderFlexionDomDiffPostHitch__zwithin,0.499,-0.001,-0.5,maxShoulderFlexionDomDiffHitch,3.214,-3.364,-6.578
Player 163,25422,Catch and Shoot,Right,4,BallVeloRelease,5.75,6.027,0.276,BallVeloRelease__zwithin,0.032,0.436,0.404,BallVeloStart__zwithin,-1.014,-0.514,0.5,maxElbowFlexionDominantPostHitch,107.659,117.427,9.768,timeToMaxKneeFlexionDomDiffHitch,0.041,0.0,-0.041
Player 163,25427,Catch and Shoot,Right,4,BallVeloRelease,5.898,6.027,0.129,BallVeloRelease__zwithin,0.248,0.436,0.188,maxShoulderFlexionDomDiffPostHitch__zwithin,0.571,-0.001,-0.572,ShoulderTotalROMDominant,111.039,117.081,6.042,maxShoulderFlexionDomDiffHitch,3.407,-3.364,-6.77
Player 163,25428,Catch and Shoot,Right,4,BallVeloRelease,5.874,6.027,0.153,BallVeloRelease__zwithin,0.213,0.436,0.223,TorsoTotalROMAvg__zwithin,0.36,0.288,-0.072,maxShoulderFlexionDominantHitch,118.015,106.015,-12.0,maxShoulderFlexionDomDiffPostHitch__zwithin,0.688,-0.001,-0.689
Player 163,25432,Catch and Shoot,Right,4,BallVeloRelease,5.825,6.027,0.202,BallVeloRelease__zwithin,0.141,0.436,0.295,maxElbowExtensionDominantPostHitch,9.987,21.987,12.0,maxShoulderFlexionDominantHitch,120.109,108.109,-12.0,maxShoulderFlexionDomDiffPostHitch__zwithin,0.607,-0.001,-0.608
Player 163,25436,Catch and Shoot,Right,4,maxShoulderFlexionDominantHitch,115.046,104.861,-10.186,maxShoulderFlexionAvgPostHitch,127.118,126.946,-0.172,maxShoulderFlexionNonDominantPostHitch,118.647,124.484,5.837,maxShoulderFlexionDomDiffPostHitch__zwithin,0.677,-0.001,-0.679,maxShoulderFlexionDomDiffHitch,6.179,-3.364,-9.543
Player 163,25438,Catch and Shoot,Right,4,maxShoulderFlexionDominantHitch,121.056,109.056,-12.0,TorsoTotalROMAvg__zwithin,0.325,0.26,-0.065,BallVeloRelease,5.982,6.027,0.045,maxShoulderFlexionDomDiffPostHitch__zwithin,0.491,-0.001,-0.493,ShoulderTotalROMDominant,104.737,117.081,12.344
Player 163,25439,Catch and Shoot,Right,4,BallVeloRelease,5.965,6.027,0.061,maxShoulderFlexionDominantHitch,109.514,104.861,-4.653,maxElbowExtensionNonDominantPostHitch,22.99,34.99,12.0,maxKneeExtensionNonDominantPostHitch,-19.642,-15.941,3.702,maxElbowFlexionDominantPostHitch,105.977,117.427,11.45
Player 163,25442,Catch and Shoot,Right,4,maxShoulderFlexionDominantHitch,111.107,104.861,-6.246,ShoulderTotalROMDominant,107.317,117.081,9.764,maxShoulderFlexionDomDiffHitch,3.832,-3.364,-7.196,maxKneeExtensionNonDominantPostHitch,-21.748,-15.941,5.807,BallVeloRelease,6.063,6.027,-0.036
Player 163,25443,Catch and Shoot,Right,4,BallVeloRelease,5.787,6.027,0.24,BallVeloRelease__zwithin,0.086,0.436,0.35,maxShoulderFlexionDominantHitch,110.001,104.861,-5.141,BallVeloStart__zwithin,-1.292,-0.792,0.5,MaxStanceGapHitch,0.409,0.454,0.045
Player 163,25450,Catch and Shoot,Right,4,maxShoulderFlexionDominantHitch,112.147,104.861,-7.286,maxShoulderFlexionDomDiffHitch,3.254,-3.364,-6.618,MaxStanceGapRelease,0.35,0.365,0.015,ShoulderTotalROMDominant,112.446,117.081,4.636,maxShoulderFlexionAvgPostHitch,128.669,126.946,-1.724
Player 163,25459,Catch and Shoot,Right,4,BallVeloRelease,5.835,6.027,0.192,BallVeloRelease__zwithin,0.155,0.436,0.281,maxShoulderFlexionDominantHitch,114.021,104.861,-9.161,ShoulderTotalROMDominant,95.569,114.682,19.114,maxShoulderFlexionDomDiffHitch,3.44,-3.364,-6.803
Player 163,25461,Catch and Shoot,Right,4,TorsoTotalROMAvg__zwithin,0.352,0.281,-0.07,maxShoulderFlexionDominantHitch,110.907,104.861,-6.046,ShoulderTotalROMDominant,92.706,111.247,18.541,MaxStanceGapRelease,0.348,0.365,0.018,HipAlignmentRelease,-159.59,-145.192,14.398
Player 163,25463,Catch and Shoot,Right,4,TorsoTotalROMAvg__zwithin,0.317,0.254,-0.063,maxShoulderFlexionDominantHitch,114.193,104.861,-9.333,HipAlignmentRelease,-160.692,-145.192,15.499,ShoulderTotalROMDominant,109.284,117.081,7.797,maxShoulderFlexionDomDiffHitch,2.025,-3.364,-5.389
Player 163,25464,Catch and Shoot,Right,4,BallVeloRelease,5.944,6.027,0.083,TorsoTotalROMAvg__zwithin,0.477,0.381,-0.095,maxShoulderFlexionDominantHitch,114.814,104.861,-9.953,BallVeloRelease__zwithin,0.315,0.436,0.121,maxShoulderFlexionAvgPostHitch,129.038,126.946,-2.093
Player 163,25465,Catch and Shoot,Right,4,BallVeloRelease,5.765,6.027,0.262,BallVeloRelease__zwithin,0.053,0.436,0.383,maxShoulderFlexionDominantHitch,115.506,104.861,-10.645,ShoulderTotalROMDominant,114.975,117.081,2.107,maxShoulderFlexionDomDiffHitch,3.744,-3.364,-7.108
Player 163,25466,Catch and Shoot,Right,4,BallVeloRelease,5.955,6.027,0.071,maxShoulderFlexionDominantHitch,115.018,104.861,-10.158,maxShoulderFlexionDomDiffHitch,1.905,-3.364,-5.268,maxShoulderFlexionDomDiffPostHitch__zwithin,0.65,-0.001,-0.651,ankleTotalROMAvg,-53.66,-52.053,1.607
Player 163,25467,Catch and Shoot,Right,4,TorsoTotalROMAvg__zwithin,0.487,0.39,-0.097,maxShoulderFlexionDominantHitch,116.748,104.861,-11.887,BallVeloRelease,5.984,6.027,0.042,maxAnklePlantarflexionAvgPreHitch,17.611,17.758,0.146,maxShoulderFlexionDomDiffHitch,1.618,-3.364,-4.982
Player 163,25468,Catch and Shoot,Right,4,BallVeloRelease,5.805,6.027,0.222,BallVeloRelease__zwithin,0.111,0.436,0.325,maxShoulderFlexionDominantHitch,117.96,105.96,-12.0,TorsoTotalROMAvg__zwithin,0.564,0.451,-0.113,maxShoulderFlexionAvgPostHitch,126.765,126.946,0.181
Player 163,25469,Catch and Shoot,Right,4,BallVeloRelease,5.838,6.027,0.189,BallVeloRelease__zwithin,0.16,0.436,0.276,maxShoulderFlexionDominantHitch,115.924,104.861,-11.063,ShoulderTotalROMDominant,108.956,117.081,8.126,HipAlignmentRelease,-160.117,-145.192,14.925
Player 163,25475,Catch and Shoot,Right,4,BallVeloRelease,5.96,6.027,0.067,TorsoTotalROMAvg__zwithin,1.55,1.24,-0.31,maxShoulderFlexionDominantHitch,121.512,109.512,-12.0,maxShoulderFlexionDomDiffHitch,7.485,-3.364,-10.849,maxShoulderFlexionAvgPostHitch,126.938,126.946,0.007
Player 163,25476,Catch and Shoot,Right,4,BallVeloRelease,5.972,6.027,0.055,maxShoulderFlexionDominantHitch,115.983,104.861,-11.122,maxShoulderFlexionDomDiffHitch,5.44,-3.364,-8.803,HipAlignmentRelease,-161.709,-145.192,16.516,maxShoulderFlexionDomDiffPostHitch__zwithin,0.537,-0.001,-0.539
Player 163,25478,Catch and Shoot,Right,4,TorsoTotalROMAvg__zwithin,0.459,0.367,-0.092,maxShoulderFlexionDominantHitch,116.876,104.876,-12.0,maxShoulderFlexionDomDiffHitch,4.929,-3.364,-8.292,ShoulderTotalROMDominant,112.799,117.081,4.282,maxAnklePlantarflexionAvgPreHitch,17.188,17.758,0.57
Player 163,25480,Catch and Shoot,Right,4,BallVeloRelease,5.89,6.027,0.137,BallVeloRelease__zwithin,0.236,0.436,0.2,maxShoulderFlexionDominantHitch,120.473,108.473,-12.0,maxShoulderFlexionDomDiffPostHitch__zwithin,0.59,-0.001,-0.592,ShoulderTotalROMDominant,106.675,117.081,10.406
Player 163,25484,Catch and Shoot,Right,4,BallVeloRelease,5.98,6.027,0.046,TorsoTotalROMAvg__zwithin,0.346,0.277,-0.069,maxShoulderFlexionDomDiffPostHitch__zwithin,0.507,-0.001,-0.508,maxShoulderFlexionDomDiffHitch,6.144,-3.364,-9.507,maxElbowFlexionDominantPostHitch,109.994,117.427,7.433
Player 163,25534,Off the Dribble,Right,4,BallVeloRelease,5.564,5.588,0.023,ShoulderAlignmentRelease__zwithin,-1.562,-1.25,0.312,maxElbowExtensionDominantPostHitch,3.709,15.709,12.0,timeToMaxElbowFlexionDomDiffPostHitch__zwithin,0.622,0.007,-0.615,BallVeloRelease__zwithin,-0.24,-0.206,0.034
Player 163,25535,Off the Dribble,Right,4,BallVeloRelease,5.541,5.588,0.047,maxElbowExtensionDominantPostHitch,5.335,17.335,12.0,maxKneeExtensionDomDiffHitch,-11.477,-3.378,8.099,BallVeloRelease__zwithin,-0.274,-0.206,0.068,BallVeloStart__zwithin,-1.467,-0.967,0.5
Player 163,25536,Off the Dribble,Right,4,BallVeloRelease,5.859,5.588,-0.271,BallVeloRelease__zwithin,0.191,-0.206,-0.397,maxElbowExtensionDominantPostHitch,4.208,16.208,12.0,maxElbowExtensionNonDominantPostHitch,22.078,34.078,12.0,ShoulderAlignmentRelease__zwithin,-1.61,-1.288,0.322
Player 163,25537,Off the Dribble,Right,4,BallVeloRelease,5.592,5.588,-0.005,BallVeloRelease__zwithin,-0.199,-0.206,-0.007,ShoulderAlignmentRelease__zwithin,-1.59,-1.272,0.318,maxShoulderFlexionDomDiffPostHitch__zwithin,0.598,0.062,-0.536,maxElbowFlexionDominantHitch,112.923,114.492,1.57
Player 163,25538,Off the Dribble,Right,4,BallVeloRelease,5.864,5.588,-0.277,BallVeloRelease__zwithin,0.199,-0.206,-0.405,ShoulderAlignmentRelease__zwithin,-1.59,-1.272,0.318,maxShoulderFlexionDomDiffPostHitch__zwithin,0.993,0.062,-0.931,maxElbowExtensionDominantPostHitch,10.21,22.21,12.0
Player 163,25539,Off the Dribble,Right,4,BallVeloRelease,5.487,5.588,0.1,ShoulderAlignmentRelease__zwithin,-1.618,-1.294,0.324,BallVeloRelease__zwithin,-0.353,-0.206,0.147,timeToMaxElbowFlexionDomDiffPostHitch__zwithin,0.507,0.007,-0.5,ShoulderAlignmentPostHitch__zwithin,-1.63,-1.304,0.326
Player 163,25540,Off the Dribble,Right,4,BallVeloRelease,5.772,5.588,-0.185,BallVeloRelease__zwithin,0.064,-0.206,-0.27,HipAlignmentPostHitch__zwithin,-1.616,-1.293,0.323,ShoulderAlignmentRelease__zwithin,-1.604,-1.283,0.321,FeetAlignmentHitch__zwithin,2.402,1.922,-0.48
Player 163,25541,Off the Dribble,Right,4,BallVeloRelease,5.734,5.588,-0.146,BallVeloRelease__zwithin,0.008,-0.206,-0.214,maxElbowExtensionDominantPostHitch,8.107,20.107,12.0,ShoulderAlignmentRelease__zwithin,-1.629,-1.303,0.326,timeToMaxKneeFlexionDomDiffHitch,0.041,0.0,-0.041
Player 163,25542,Off the Dribble,Right,4,BallVeloRelease,5.856,5.588,-0.268,maxElbowExtensionDominantPostHitch,5.48,17.48,12.0,BallVeloRelease__zwithin,0.186,-0.206,-0.392,ShoulderAlignmentRelease__zwithin,-1.578,-1.262,0.316,maxKneeExtensionDomDiffHitch,-11.25,-3.378,7.872
Player 163,25543,Off the Dribble,Right,4,BallVeloRelease,5.641,5.588,-0.053,maxElbowExtensionDominantPostHitch,4.691,16.691,12.0,BallVeloRelease__zwithin,-0.128,-0.206,-0.078,maxShoulderFlexionDomDiffPostHitch__zwithin,0.984,0.062,-0.922,timeToMaxKneeExtensionDomDiffHitch__zwithin,0.024,0.018,-0.005
Player 163,25544,Off the Dribble,Right,4,BallVeloRelease,5.793,5.588,-0.205,BallVeloRelease__zwithin,0.094,-0.206,-0.3,maxElbowExtensionDominantPostHitch,7.054,19.054,12.0,ShoulderAlignmentRelease__zwithin,-1.663,-1.33,0.333,maxElbowExtensionNonDominantPostHitch,22.331,34.331,12.0
Player 163,25545,Off the Dribble,Right,4,BallVeloRelease,5.657,5.588,-0.069,BallVeloRelease__zwithin,-0.104,-0.206,-0.102,ShoulderAlignmentRelease__zwithin,-1.58,-1.264,0.316,maxElbowExtensionDominantPostHitch,8.36,20.36,12.0,maxAnklePlantarflexionNonDominantPostHitch,-31.254,-25.003,6.251
Player 163,25546,Off the Dribble,Right,4,BallVeloRelease,5.883,5.588,-0.296,BallVeloRelease__zwithin,0.227,-0.206,-0.433,maxElbowExtensionDominantPostHitch,8.085,20.085,12.0,ShoulderAlignmentRelease__zwithin,-1.601,-1.281,0.32,maxShoulderExtensionAvgHitch,75.952,63.952,-12.0
Player 163,25547,Off the Dribble,Right,4,BallVeloRelease,5.804,5.588,-0.216,maxElbowExtensionDominantPostHitch,5.909,17.909,12.0,BallVeloRelease__zwithin,0.11,-0.206,-0.316,ShoulderAlignmentRelease__zwithin,-1.608,-1.286,0.322,maxShoulderFlexionDomDiffPostHitch__zwithin,0.928,0.062,-0.866
Player 163,25548,Off the Dribble,Right,4,BallVeloRelease,5.652,5.588,-0.065,HipAlignmentPostHitch__zwithin,-1.639,-1.311,0.328,BallVeloRelease__zwithin,-0.112,-0.206,-0.094,ShoulderAlignmentRelease__zwithin,-1.554,-1.243,0.311,ShoulderTotalROMDominant,73.987,88.785,14.798
Player 163,25549,Off the Dribble,Right,4,BallVeloRelease,5.683,5.588,-0.095,ShoulderAlignmentRelease__zwithin,-1.637,-1.31,0.327,BallVeloRelease__zwithin,-0.067,-0.206,-0.14,maxShoulderExtensionAvgHitch,76.751,64.751,-12.0,maxHipFlexionDominantPostHitch,36.025,24.025,-12.0
Player 163,25550,Off the Dribble,Right,4,BallVeloRelease,5.664,5.588,-0.077,ShoulderAlignmentRelease__zwithin,-1.615,-1.292,0.323,BallVeloRelease__zwithin,-0.094,-0.206,-0.112,timeToMaxElbowFlexionDomDiffPostHitch__zwithin,0.506,0.007,-0.499,maxKneeExtensionDomDiffHitch,-14.534,-3.378,11.156
Player 163,25551,Off the Dribble,Right,4,BallVeloRelease,5.933,5.588,-0.346,KneeTotalROMAvg,43.783,47.968,4.185,maxShoulderExtensionAvgHitch,76.74,64.74,-12.0,maxHipExtensionAvgHitch__zwithin,-0.744,-0.312,0.432,maxShoulderFlexionDomDiffPostHitch__zwithin,0.683,0.062,-0.621
Player 163,25552,Off the Dribble,Right,4,BallVeloRelease,5.527,5.588,0.061,ShoulderAlignmentRelease__zwithin,-1.599,-1.279,0.32,timeToMaxElbowFlexionDomDiffPostHitch__zwithin,0.633,0.007,-0.626,BallVeloRelease__zwithin,-0.295,-0.206,0.088,maxShoulderFlexionDomDiffPostHitch__zwithin,0.711,0.062,-0.649
Player 163,25553,Off the Dribble,Right,4,BallVeloRelease,5.57,5.588,0.018,ShoulderAlignmentRelease__zwithin,-1.658,-1.326,0.332,maxElbowExtensionDominantPostHitch,7.092,19.092,12.0,BallVeloRelease__zwithin,-0.232,-0.206,0.026,HipAlignmentPostHitch__zwithin,-1.753,-1.403,0.351
Player 163,25554,Off the Dribble,Right,4,BallVeloRelease,5.811,5.588,-0.224,maxElbowExtensionDominantPostHitch,7.188,19.188,12.0,BallVeloRelease__zwithin,0.121,-0.206,-0.327,ShoulderAlignmentRelease__zwithin,-1.654,-1.323,0.331,maxKneeExtensionDomDiffHitch,-11.265,-3.378,7.887
Player 163,25555,Off the Dribble,Right,4,ShoulderAlignmentPreHitch__zwithin,-1.477,-1.181,0.295,maxAnklePlantarflexionDomDiffPostHitch,-6.694,-5.355,1.339,maxShoulderFlexionDomDiffPostHitch__zwithin,0.656,0.062,-0.594,ShoulderAlignmentRelease__zwithin,-1.618,-1.294,0.324,maxShoulderFlexionDomDiffHitch,0.204,-3.832,-4.036
Player 163,25556,Off the Dribble,Right,4,BallVeloRelease,5.475,5.588,0.113,maxElbowExtensionDominantPostHitch,6.082,18.082,12.0,BallVeloRelease__zwithin,-0.371,-0.206,0.165,ShoulderAlignmentRelease__zwithin,-1.577,-1.261,0.315,HipAlignmentPostHitch__zwithin,-1.706,-1.365,0.341
Player 163,25557,Off the Dribble,Right,4,BallVeloRelease,5.814,5.588,-0.227,maxElbowExtensionDominantPostHitch,5.913,17.913,12.0,BallVeloRelease__zwithin,0.126,-0.206,-0.332,BallVeloStart__zwithin,-0.941,-0.441,0.5,HipAlignmentPostHitch__zwithin,-1.684,-1.347,0.337
Player 163,25558,Off the Dribble,Right,4,BallVeloRelease,5.753,5.588,-0.165,ShoulderAlignmentRelease__zwithin,-1.563,-1.25,0.313,maxElbowExtensionDominantPostHitch,4.035,16.035,12.0,timeToMaxElbowFlexionDomDiffPostHitch__zwithin,0.568,0.007,-0.561,BallVeloRelease__zwithin,0.036,-0.206,-0.242
Player 163,25559,Off the Dribble,Right,4,BallVeloRelease,5.838,5.588,-0.251,BallVeloRelease__zwithin,0.16,-0.206,-0.366,ShoulderAlignmentRelease__zwithin,-1.662,-1.329,0.332,maxShoulderFlexionDomDiffPostHitch__zwithin,0.637,0.062,-0.575,maxShoulderExtensionAvgHitch,76.492,64.492,-12.0
Player 163,25560,Off the Dribble,Right,4,maxElbowExtensionDominantPostHitch,2.669,14.669,12.0,BallVeloRelease,5.955,5.588,-0.367,ShoulderAlignmentRelease__zwithin,-1.513,-1.211,0.303,maxShoulderFlexionDomDiffPostHitch__zwithin,0.765,0.062,-0.703,maxShoulderExtensionAvgHitch,75.258,63.258,-12.0
Player 163,25561,Off the Dribble,Right,4,BallVeloRelease,5.663,5.588,-0.076,maxElbowExtensionDominantPostHitch,6.93,18.93,12.0,BallVeloRelease__zwithin,-0.096,-0.206,-0.111,maxShoulderFlexionAvgPreHitch,79.22,67.22,-12.0,maxShoulderExtensionAvgHitch,82.448,70.448,-12.0
Player 163,25562,Off the Dribble,Right,4,BallVeloRelease,5.491,5.588,0.097,BallVeloRelease__zwithin,-0.347,-0.206,0.141,maxShoulderFlexionDomDiffPostHitch__zwithin,0.665,0.062,-0.603,maxHipFlexionDominantPostHitch,36.908,24.908,-12.0,maxShoulderExtensionAvgHitch,75.492,63.492,-12.0
Player 163,25563,Off the Dribble,Right,4,BallVeloRelease,5.939,5.588,-0.351,ShoulderAlignmentRelease__zwithin,-1.622,-1.297,0.324,maxKneeExtensionDomDiffHitch,-11.371,-3.378,7.993,maxShoulderExtensionAvgHitch,76.969,64.969,-12.0,HipAlignmentPostHitch__zwithin,-1.612,-1.29,0.322
Player 163,25564,Off the Dribble,Right,4,BallVeloRelease,5.635,5.588,-0.048,BallVeloRelease__zwithin,-0.136,-0.206,-0.07,maxElbowExtensionDominantPostHitch,7.965,19.965,12.0,ShoulderAlignmentRelease__zwithin,-1.619,-1.295,0.324,maxShoulderExtensionAvgHitch,82.269,70.269,-12.0
Player 163,25565,Off the Dribble,Right,4,BallVeloRelease,5.57,5.588,0.017,BallVeloRelease__zwithin,-0.231,-0.206,0.025,maxShoulderExtensionAvgHitch,80.118,68.118,-12.0,ShoulderTotalROMDominant,76.831,92.198,15.366,timeToMaxShoulderFlexionDominantPreHitch,0.0,0.192,0.192
Player 163,25566,Off the Dribble,Right,4,maxElbowExtensionDominantPostHitch,6.392,18.392,12.0,maxKneeFlexionDominantPreHitch,-54.677,-59.157,-4.48,maxHipFlexionNonDominantPreHitch__zwithin,-0.626,-0.054,0.572,ShoulderAlignmentRelease__zwithin,-1.595,-1.276,0.319,maxShoulderFlexionDomDiffPostHitch__zwithin,0.974,0.062,-0.912
Player 163,25567,Off the Dribble,Right,4,BallVeloRelease,5.565,5.588,0.023,maxElbowExtensionDominantPostHitch,3.193,15.193,12.0,BallVeloRelease__zwithin,-0.24,-0.206,0.033,ShoulderAlignmentRelease__zwithin,-1.549,-1.239,0.31,maxHipFlexionNonDominantPreHitch__zwithin,-0.73,-0.054,0.677
Player 163,25568,Off the Dribble,Right,4,maxElbowExtensionDominantPostHitch,5.045,17.046,12.0,BallVeloRelease,5.928,5.588,-0.341,maxHipFlexionNonDominantPreHitch__zwithin,-0.853,-0.054,0.799,ShoulderAlignmentRelease__zwithin,-1.611,-1.289,0.322,maxShoulderFlexionDomDiffHitch,3.38,-3.832,-7.212
Player 163,25569,Off the Dribble,Right,4,BallVeloRelease,5.203,5.588,0.385,BallVeloPostHitch,0.091,0.591,0.5,BallVeloRelease__zwithin,-0.768,-0.268,0.5,maxElbowExtensionDominantPostHitch,7.555,19.555,12.0,HipAlignmentPostHitch__zwithin,-1.659,-1.327,0.332
Player 163,25570,Off the Dribble,Right,4,BallVeloRelease,5.564,5.588,0.024,BallVeloRelease__zwithin,-0.241,-0.206,0.035,maxElbowExtensionDominantPostHitch,4.687,16.687,12.0,ShoulderAlignmentRelease__zwithin,-1.53,-1.224,0.306,maxKneeExtensionDomDiffHitch,-11.901,-3.378,8.523
Player 163,25571,Off the Dribble,Right,4,BallVeloRelease,5.804,5.588,-0.217,maxElbowExtensionDominantPostHitch,3.885,15.885,12.0,BallVeloRelease__zwithin,0.111,-0.206,-0.317,maxKneeFlexionDominantPreHitch,-53.891,-59.157,-5.266,maxShoulderExtensionAvgHitch,75.407,63.407,-12.0
Player 163,25572,Off the Dribble,Right,4,BallVeloRelease,5.884,5.588,-0.297,maxElbowExtensionDominantPostHitch,6.762,18.762,12.0,BallVeloRelease__zwithin,0.228,-0.206,-0.434,ShoulderAlignmentRelease__zwithin,-1.543,-1.235,0.309,maxAnklePlantarflexionDomDiffPostHitch,-6.041,-4.833,1.208
Player 163,25573,Off the Dribble,Right,4,ShoulderAlignmentRelease__zwithin,-1.668,-1.334,0.334,BallVeloRelease,5.859,5.588,-0.272,timeToMaxElbowFlexionDomDiffPostHitch__zwithin,0.567,0.007,-0.56,BallVeloRelease__zwithin,0.192,-0.206,-0.398,maxElbowExtensionDominantPostHitch,8.433,20.433,12.0
Player 163,25574,Off the Dribble,Right,4,BallVeloRelease,5.743,5.588,-0.155,ShoulderAlignmentRelease__zwithin,-1.526,-1.221,0.305,timeToMaxElbowFlexionDomDiffPostHitch__zwithin,0.571,0.007,-0.564,maxElbowExtensionDominantPostHitch,3.412,15.412,12.0,BallVeloRelease__zwithin,0.021,-0.206,-0.227
Player 163,25575,Off the Dribble,Right,4,BallVeloRelease,5.522,5.588,0.065,maxElbowExtensionDominantPostHitch,5.035,17.035,12.0,BallVeloRelease__zwithin,-0.301,-0.206,0.095,maxKneeFlexionDominantPreHitch,-54.108,-59.157,-5.05,maxShoulderExtensionAvgHitch,76.998,64.998,-12.0
Player 163,25584,Catch and Shoot,Right,4,BallVeloRelease,5.877,6.027,0.149,maxElbowExtensionDominantPostHitch,5.362,17.362,12.0,HipAlignmentPreHitch__zwithin,1.775,1.42,-0.355,HipAlignmentRelease__zwithin,1.695,1.356,-0.339,HipAlignmentPostHitch__zwithin,1.658,1.327,-0.332
Player 163,25585,Catch and Shoot,Right,4,BallVeloRelease,5.91,6.027,0.116,maxElbowExtensionDominantPostHitch,5.789,17.789,12.0,HipAlignmentRelease__zwithin,1.593,1.274,-0.319,HipAlignmentPreHitch__zwithin,1.669,1.335,-0.334,HipAlignmentPostHitch__zwithin,1.736,1.389,-0.347
Player 163,25586,Catch and Shoot,Right,4,maxElbowExtensionDominantPostHitch,7.689,19.689,12.0,HipAlignmentRelease__zwithin,1.648,1.319,-0.33,HipAlignmentPostHitch__zwithin,1.775,1.42,-0.355,HipAlignmentPreHitch__zwithin,1.677,1.342,-0.335,ShoulderAlignmentPostHitch__zwithin,1.557,1.246,-0.311
Player 163,25587,Off the Dribble,Right,4,BallVeloRelease,5.765,5.588,-0.177,maxElbowExtensionDominantPostHitch,6.563,18.563,12.0,HipAlignmentRelease__zwithin,1.639,1.311,-0.328,HipAlignmentPreHitch__zwithin,1.777,1.422,-0.355,maxElbowExtensionNonDominantPostHitch,21.501,33.501,12.0
Player 163,25588,Catch and Shoot,Right,4,maxShoulderExtensionAvgHitch,78.636,66.636,-12.0,BallVeloRelease,5.949,6.027,0.077,ShoulderAlignmentPostHitch__zwithin,1.707,1.365,-0.341,HipAlignmentRelease__zwithin,1.729,1.383,-0.346,HipAlignmentPostHitch__zwithin,1.614,1.291,-0.323
Player 163,25589,Catch and Shoot,Right,4,BallVeloRelease,5.677,6.027,0.349,maxElbowExtensionDominantPostHitch,7.97,19.97,12.0,HipAlignmentRelease__zwithin,1.684,1.347,-0.337,BallVeloRelease__zwithin,-0.075,0.425,0.5,HipAlignmentPreHitch__zwithin,1.741,1.393,-0.348
Player 163,25590,Off the Dribble,Right,4,BallVeloRelease,5.84,5.588,-0.253,HipAlignmentRelease__zwithin,1.676,1.341,-0.335,HipAlignmentPreHitch__zwithin,1.61,1.288,-0.322,BallVeloRelease__zwithin,0.163,-0.206,-0.369,HipAlignmentPostHitch__zwithin,1.625,1.3,-0.325
Player 163,25591,Off the Dribble,Right,4,BallVeloRelease,5.673,5.588,-0.086,HipAlignmentPreHitch__zwithin,1.921,1.537,-0.384,HipAlignmentRelease__zwithin,1.739,1.391,-0.348,HipAlignmentPostHitch__zwithin,1.711,1.369,-0.342,maxElbowExtensionDominantPostHitch,4.125,16.125,12.0
Player 163,25592,Catch and Shoot,Right,4,HipAlignmentRelease__zwithin,1.697,1.357,-0.339,HipAlignmentPreHitch__zwithin,1.879,1.503,-0.376,maxElbowExtensionDominantPostHitch,5.896,17.896,12.0,HipAlignmentPostHitch__zwithin,1.916,1.532,-0.383,ShoulderAlignmentPostHitch__zwithin,1.868,1.495,-0.374
Player 163,25593,Catch and Shoot,Right,4,BallVeloRelease,5.801,6.027,0.225,HipAlignmentPreHitch__zwithin,1.664,1.331,-0.333,HipAlignmentRelease__zwithin,1.676,1.341,-0.335,maxElbowExtensionDominantPostHitch,10.16,22.16,12.0,BallVeloRelease__zwithin,0.107,0.436,0.329
Player 163,25594,Catch and Shoot,Right,4,BallVeloRelease,5.739,6.027,0.288,maxElbowExtensionDominantPostHitch,7.138,19.138,12.0,HipAlignmentRelease__zwithin,1.825,1.46,-0.365,HipAlignmentPreHitch__zwithin,1.761,1.409,-0.352,BallVeloRelease__zwithin,0.015,0.436,0.421
Player 163,25595,Off the Dribble,Right,4,BallVeloRelease,5.885,5.588,-0.297,maxElbowExtensionDominantPostHitch,7.892,19.892,12.0,HipAlignmentPreHitch__zwithin,1.966,1.573,-0.393,HipAlignmentRelease__zwithin,1.642,1.314,-0.328,HipAlignmentPostHitch__zwithin,1.745,1.396,-0.349
Player 163,25596,Off the Dribble,Right,4,BallVeloRelease,5.758,5.588,-0.17,HipAlignmentPreHitch__zwithin,1.738,1.39,-0.348,HipAlignmentRelease__zwithin,1.745,1.396,-0.349,maxElbowExtensionDominantPostHitch,7.057,19.057,12.0,ShoulderAlignmentPostHitch__zwithin,1.86,1.488,-0.372
Player 163,25597,Catch and Shoot,Right,4,maxShoulderExtensionAvgHitch,75.734,63.734,-12.0,HipAlignmentPreHitch__zwithin,1.668,1.334,-0.334,ShoulderAlignmentPostHitch__zwithin,1.518,1.215,-0.304,HipAlignmentRelease__zwithin,1.676,1.341,-0.335,maxElbowExtensionDominantPostHitch,6.815,18.815,12.0
Player 163,25598,Catch and Shoot,Right,4,BallVeloRelease,5.871,6.027,0.156,maxElbowExtensionDominantPostHitch,2.258,14.258,12.0,HipAlignmentRelease__zwithin,1.752,1.402,-0.35,HipAlignmentPreHitch__zwithin,1.774,1.419,-0.355,BallVeloRelease__zwithin,0.208,0.436,0.228
Player 163,25599,Off the Dribble,Right,4,HipAlignmentPostHitch__zwithin,1.76,1.408,-0.352,BallVeloRelease,5.947,5.588,-0.36,HipAlignmentPreHitch__zwithin,1.914,1.531,-0.383,HipAlignmentRelease__zwithin,1.69,1.352,-0.338,ShoulderAlignmentPostHitch__zwithin,1.913,1.531,-0.383
Player 163,25600,Catch and Shoot,Right,4,ShoulderAlignmentPostHitch__zwithin,1.702,1.362,-0.34,HipAlignmentRelease__zwithin,1.775,1.42,-0.355,HipAlignmentPreHitch__zwithin,1.828,1.462,-0.366,HipAlignmentPostHitch__zwithin,1.75,1.4,-0.35,maxElbowExtensionDominantPostHitch,5.451,17.451,12.0
Player 163,25601,Catch and Shoot,Right,4,HipAlignmentPreHitch__zwithin,1.705,1.364,-0.341,HipAlignmentRelease__zwithin,1.756,1.405,-0.351,maxElbowExtensionDominantPostHitch,8.25,20.25,12.0,HipAlignmentPostHitch__zwithin,1.837,1.47,-0.367,ShoulderAlignmentPostHitch__zwithin,1.591,1.273,-0.318
Player 163,25602,Catch and Shoot,Right,4,HipAlignmentPostHitch__zwithin,1.588,1.271,-0.318,HipAlignmentPreHitch__zwithin,1.609,1.287,-0.322,HipAlignmentRelease__zwithin,1.483,1.186,-0.297,ShoulderAlignmentPostHitch__zwithin,1.39,1.112,-0.278,maxHipFlexionNonDominantPostHitch__zwithin,-2.623,0.251,2.874
Player 163,25603,Catch and Shoot,Right,4,HipAlignmentPreHitch__zwithin,1.72,1.376,-0.344,maxElbowExtensionDominantPostHitch,3.205,15.205,12.0,HipAlignmentPostHitch__zwithin,1.781,1.424,-0.356,HipAlignmentRelease__zwithin,1.677,1.341,-0.335,BallVeloRelease,5.977,6.027,0.05
Player 163,25604,Catch and Shoot,Right,4,BallVeloRelease,5.765,6.027,0.261,maxShoulderExtensionAvgHitch,85.547,73.548,-12.0,maxElbowExtensionDominantPostHitch,1.874,13.874,12.0,HipAlignmentRelease__zwithin,1.764,1.411,-0.353,ShoulderAlignmentPostHitch__zwithin,1.789,1.431,-0.358
Player 163,25605,Catch and Shoot,Right,4,maxElbowExtensionDominantPostHitch,3.75,15.75,12.0,HipAlignmentPreHitch__zwithin,1.731,1.385,-0.346,HipAlignmentPostHitch__zwithin,1.728,1.382,-0.346,HipAlignmentRelease__zwithin,1.751,1.401,-0.35,maxElbowExtensionAvgPostHitch,12.906,24.906,12.0
Player 163,25606,Catch and Shoot,Right,4,BallVeloRelease,5.782,6.027,0.245,HipAlignmentPreHitch__zwithin,1.712,1.37,-0.342,maxElbowExtensionDominantPostHitch,7.458,19.458,12.0,HipAlignmentRelease__zwithin,1.659,1.327,-0.332,ShoulderAlignmentPostHitch__zwithin,1.892,1.513,-0.378
Player 163,25607,Catch and Shoot,Right,4,maxElbowFlexionAvgPreHitch,114.603,102.603,-12.0,HipAlignmentRelease__zwithin,1.758,1.407,-0.352,maxAnklePlantarflexionNonDominantPostHitch,-33.485,-26.788,6.697,HipAlignmentPostHitch__zwithin,1.665,1.332,-0.333,BallVeloRelease,6.01,6.027,0.017
Player 163,25608,Catch and Shoot,Right,4,HipAlignmentPreHitch__zwithin,1.728,1.382,-0.346,HipAlignmentPostHitch__zwithin,1.58,1.264,-0.316,HipAlignmentRelease__zwithin,1.681,1.345,-0.336,ShoulderAlignmentPostHitch__zwithin,1.526,1.221,-0.305,maxElbowExtensionAvgPostHitch,15.544,27.544,12.0
Player 163,25609,Off the Dribble,Right,4,HipAlignmentPreHitch__zwithin,1.804,1.444,-0.361,maxElbowExtensionDominantPostHitch,7.766,19.766,12.0,BallVeloRelease,5.969,5.588,-0.381,HipAlignmentRelease__zwithin,1.651,1.32,-0.33,HipAlignmentPostHitch__zwithin,1.647,1.317,-0.329
Player 163,25610,Catch and Shoot,Right,4,HipAlignmentPostHitch__zwithin,1.614,1.291,-0.323,HipAlignmentRelease__zwithin,1.748,1.399,-0.35,HipAlignmentPreHitch__zwithin,1.732,1.385,-0.346,ShoulderAlignmentPostHitch__zwithin,1.616,1.293,-0.323,BallVeloRelease,6.016,6.027,0.011
Player 163,25611,Catch and Shoot,Right,4,BallVeloRelease,5.826,6.027,0.2,maxElbowExtensionDominantPostHitch,2.879,14.879,12.0,HipAlignmentRelease__zwithin,1.772,1.417,-0.354,BallVeloRelease__zwithin,0.143,0.436,0.293,HipAlignmentPreHitch__zwithin,1.676,1.341,-0.335
Player 163,25612,Off the Dribble,Right,4,BallVeloRelease,5.734,5.588,-0.146,HipAlignmentPreHitch__zwithin,1.859,1.487,-0.372,maxElbowExtensionDominantPostHitch,4.764,16.764,12.0,HipAlignmentRelease__zwithin,1.711,1.369,-0.342,HipAlignmentPostHitch__zwithin,1.693,1.355,-0.339
Player 163,25613,Catch and Shoot,Right,4,BallVeloRelease,5.57,6.027,0.457,HipAlignmentPreHitch__zwithin,1.659,1.327,-0.332,HipAlignmentRelease__zwithin,1.575,1.26,-0.315,HipAlignmentPostHitch__zwithin,1.718,1.374,-0.344,BallVeloRelease__zwithin,-0.232,0.268,0.5
Player 163,25614,Catch and Shoot,Right,4,BallVeloRelease,5.831,6.027,0.196,HipAlignmentPreHitch__zwithin,1.821,1.457,-0.364,HipAlignmentRelease__zwithin,1.728,1.382,-0.346,maxElbowExtensionDominantPostHitch,7.204,19.204,12.0,BallVeloRelease__zwithin,0.15,0.436,0.286
Player 163,25615,Catch and Shoot,Right,4,BallVeloRelease,5.885,6.027,0.141,HipAlignmentPreHitch__zwithin,1.68,1.344,-0.336,HipAlignmentRelease__zwithin,1.563,1.25,-0.313,maxElbowExtensionDominantPostHitch,6.774,18.774,12.0,HipAlignmentPostHitch__zwithin,1.659,1.327,-0.332
Player 163,25616,Catch and Shoot,Right,4,HipAlignmentPreHitch__zwithin,1.841,1.473,-0.368,HipAlignmentRelease__zwithin,1.577,1.262,-0.315,HipAlignmentPostHitch__zwithin,1.799,1.439,-0.36,maxElbowExtensionDominantPostHitch,3.35,15.35,12.0,BallVeloStart__zwithin,-1.043,-0.543,0.5
Player 163,25617,Catch and Shoot,Right,4,BallVeloRelease,5.705,6.027,0.321,HipAlignmentPreHitch__zwithin,1.773,1.418,-0.355,HipAlignmentRelease__zwithin,1.653,1.322,-0.331,maxElbowExtensionDominantPostHitch,6.662,18.662,12.0,HipAlignmentPostHitch__zwithin,1.817,1.454,-0.363
Player 163,25618,Catch and Shoot,Right,4,BallVeloRelease,5.878,6.027,0.148,HipAlignmentRelease__zwithin,1.594,1.275,-0.319,HipAlignmentPreHitch__zwithin,1.636,1.309,-0.327,HipAlignmentPostHitch__zwithin,1.653,1.322,-0.331,maxElbowExtensionDominantPostHitch,9.598,21.598,12.0
Player 163,25619,Catch and Shoot,Right,4,BallVeloRelease,5.888,6.027,0.138,HipAlignmentPreHitch__zwithin,1.768,1.415,-0.354,HipAlignmentRelease__zwithin,1.658,1.326,-0.332,HipAlignmentPostHitch__zwithin,1.826,1.461,-0.365,BallVeloRelease__zwithin,0.234,0.436,0.202
Player 163,25620,Catch and Shoot,Right,4,BallVeloRelease,5.79,6.027,0.236,HipAlignmentPreHitch__zwithin,1.751,1.401,-0.35,HipAlignmentRelease__zwithin,1.691,1.352,-0.338,maxElbowExtensionDominantPostHitch,8.406,20.406,12.0,HipAlignmentPostHitch__zwithin,1.735,1.388,-0.347
Player 163,25621,Catch and Shoot,Right,4,BallVeloRelease,5.773,6.027,0.253,HipAlignmentRelease__zwithin,1.703,1.362,-0.341,HipAlignmentPreHitch__zwithin,1.818,1.454,-0.364,maxAnklePlantarflexionNonDominantPostHitch,-31.712,-25.456,6.257,BallVeloRelease__zwithin,0.066,0.436,0.37
Player 163,25622,Catch and Shoot,Right,4,maxElbowExtensionDominantPostHitch,5.071,17.071,12.0,HipAlignmentPreHitch__zwithin,1.764,1.411,-0.353,HipAlignmentRelease__zwithin,1.67,1.336,-0.334,BallVeloRelease,5.966,6.027,0.061,HipAlignmentPostHitch__zwithin,1.71,1.368,-0.342
Player 163,25623,Catch and Shoot,Right,4,HipAlignmentRelease__zwithin,1.64,1.312,-0.328,HipAlignmentPreHitch__zwithin,1.749,1.399,-0.35,HipAlignmentPostHitch__zwithin,1.753,1.402,-0.351,BallVeloRelease,5.953,6.027,0.074,ShoulderAlignmentPostHitch__zwithin,1.502,1.201,-0.3
Player 163,25624,Catch and Shoot,Right,4,HipAlignmentPostHitch__zwithin,1.659,1.327,-0.332,HipAlignmentRelease__zwithin,1.69,1.352,-0.338,HipAlignmentPreHitch__zwithin,1.697,1.358,-0.339,maxElbowExtensionDominantPostHitch,8.299,20.299,12.0,maxAnklePlantarflexionNonDominantPostHitch,-31.404,-25.456,5.948
Player 163,25625,Catch and Shoot,Right,4,HipAlignmentPreHitch__zwithin,1.678,1.343,-0.336,HipAlignmentRelease__zwithin,1.61,1.288,-0.322,HipAlignmentPostHitch__zwithin,1.697,1.358,-0.339,ShoulderAlignmentPostHitch__zwithin,1.696,1.357,-0.339,ShoulderAlignmentPreHitch__zwithin,1.347,1.078,-0.269
Player 163,25626,Catch and Shoot,Right,4,BallVeloRelease,5.858,6.027,0.169,HipAlignmentPreHitch__zwithin,1.839,1.471,-0.368,maxElbowExtensionDominantPostHitch,6.805,18.805,12.0,HipAlignmentRelease__zwithin,1.749,1.399,-0.35,BallVeloRelease__zwithin,0.189,0.436,0.247
Player 163,25627,Catch and Shoot,Right,4,HipAlignmentPreHitch__zwithin,1.758,1.406,-0.352,maxElbowExtensionDominantPostHitch,4.846,16.846,12.0,HipAlignmentRelease__zwithin,1.735,1.388,-0.347,HipAlignmentPostHitch__zwithin,1.707,1.366,-0.341,maxElbowExtensionAvgPostHitch,11.642,23.642,12.0
Player 163,25628,Catch and Shoot,Right,4,BallVeloRelease,5.902,6.027,0.125,HipAlignmentRelease__zwithin,1.673,1.339,-0.335,HipAlignmentPreHitch__zwithin,1.628,1.302,-0.326,maxElbowExtensionDominantPostHitch,8.961,20.961,12.0,HipAlignmentPostHitch__zwithin,1.724,1.379,-0.345
Player 163,25629,Catch and Shoot,Right,4,BallVeloRelease,5.683,6.027,0.343,maxElbowExtensionDominantPostHitch,4.826,16.826,12.0,HipAlignmentRelease__zwithin,1.658,1.327,-0.332,BallVeloRelease__zwithin,-0.066,0.434,0.5,maxElbowExtensionAvgPostHitch,12.87,24.87,12.0
Player 163,25641,Off the Dribble,Right,4,BallVeloRelease,5.524,5.588,0.063,BallVeloRelease__zwithin,-0.298,-0.206,0.092,maxElbowExtensionDominantPostHitch,4.835,16.835,12.0,maxShoulderExtensionAvgHitch,75.82,63.82,-12.0,maxElbowExtensionAvgPostHitch,17.811,29.811,12.0
Player 163,25642,Off the Dribble,Right,4,BallVeloRelease,5.473,5.588,0.114,BallVeloRelease__zwithin,-0.373,-0.206,0.167,maxElbowExtensionDominantPostHitch,3.104,15.104,12.0,ShoulderAlignmentPostHitch__zwithin,-1.713,-1.37,0.343,maxShoulderExtensionAvgHitch,77.352,65.352,-12.0
Player 163,25643,Off the Dribble,Right,4,BallVeloRelease,5.702,5.588,-0.114,maxElbowExtensionDominantPostHitch,4.294,16.294,12.0,BallVeloRelease__zwithin,-0.039,-0.206,-0.167,ShoulderAlignmentRelease__zwithin,-1.58,-1.264,0.316,maxShoulderFlexionDomDiffPostHitch__zwithin,0.968,0.062,-0.906
Player 163,25644,Off the Dribble,Right,4,BallVeloRelease,5.849,5.588,-0.262,maxAnklePlantarflexionNonDominantPostHitch,-31.855,-25.484,6.371,maxElbowExtensionDominantPostHitch,4.21,16.21,12.0,BallVeloRelease__zwithin,0.177,-0.206,-0.383,ShoulderAlignmentRelease__zwithin,-1.62,-1.296,0.324
Player 163,25645,Off the Dribble,Right,4,BallVeloRelease,5.639,5.588,-0.051,maxElbowExtensionDominantPostHitch,1.0,13.0,12.0,BallVeloRelease__zwithin,-0.131,-0.206,-0.075,maxShoulderExtensionAvgHitch,77.128,65.128,-12.0,ShoulderAlignmentRelease__zwithin,-1.62,-1.296,0.324
Player 163,25646,Off the Dribble,Right,4,BallVeloRelease,5.665,5.588,-0.078,maxElbowExtensionDominantPostHitch,4.435,16.435,12.0,BallVeloRelease__zwithin,-0.093,-0.206,-0.113,ShoulderAlignmentRelease__zwithin,-1.576,-1.261,0.315,KneeTotalROMAvg,45.519,47.968,2.449
Player 163,25647,Off the Dribble,Right,4,BallVeloRelease,5.49,5.588,0.097,maxElbowExtensionDominantPostHitch,6.808,18.808,12.0,BallVeloRelease__zwithin,-0.348,-0.206,0.142,ShoulderAlignmentPostHitch__zwithin,-1.708,-1.367,0.342,maxShoulderFlexionDomDiffPostHitch__zwithin,1.046,0.062,-0.984
Player 163,25648,Off the Dribble,Right,4,BallVeloRelease,5.777,5.588,-0.189,BallVeloRelease__zwithin,0.071,-0.206,-0.277,maxKneeExtensionDomDiffHitch,-8.582,-3.378,5.204,maxShoulderFlexionDomDiffPostHitch__zwithin,0.812,0.062,-0.75,maxTorsoFlexionPreHitch__zwithin,-1.026,0.102,1.128
Player 163,25649,Off the Dribble,Right,4,BallVeloRelease,5.812,5.588,-0.225,maxElbowExtensionDominantPostHitch,6.35,18.35,12.0,BallVeloRelease__zwithin,0.123,-0.206,-0.329,ShoulderAlignmentRelease__zwithin,-1.619,-1.295,0.324,HipAlignmentPostHitch__zwithin,-1.623,-1.298,0.325
Player 163,25650,Off the Dribble,Right,4,BallVeloRelease,5.658,5.588,-0.071,ShoulderAlignmentRelease__zwithin,-1.646,-1.317,0.329,BallVeloRelease__zwithin,-0.102,-0.206,-0.104,maxKneeFlexionDominantPreHitch,-54.267,-59.157,-4.89,maxShoulderFlexionDomDiffPostHitch__zwithin,0.846,0.062,-0.784
Player 163,25651,Off the Dribble,Right,4,BallVeloPostHitch,0.178,0.678,0.5,BallVeloRelease,5.866,5.588,-0.278,maxElbowExtensionDominantPostHitch,5.489,17.489,12.0,BallVeloRelease__zwithin,0.201,-0.206,-0.407,TorsoVeloRelease__zwithin,0.269,-0.227,-0.496
Player 163,25652,Off the Dribble,Right,4,BallVeloRelease,5.953,5.588,-0.365,ShoulderAlignmentPreHitch__zwithin,-1.916,-1.533,0.383,maxShoulderFlexionDomDiffPostHitch__zwithin,0.801,0.062,-0.739,maxElbowExtensionDominantPostHitch,9.104,21.104,12.0,maxShoulderFlexionDomDiffHitch,-1.37,-3.832,-2.462
Player 163,25653,Off the Dribble,Right,4,BallVeloRelease,5.819,5.588,-0.232,BallVeloRelease__zwithin,0.133,-0.206,-0.339,maxShoulderFlexionAvgPreHitch,82.018,70.018,-12.0,maxShoulderExtensionAvgHitch,83.062,71.062,-12.0,maxElbowExtensionDominantPostHitch,8.811,20.811,12.0
Player 163,25654,Off the Dribble,Right,4,BallVeloRelease,5.829,5.588,-0.242,maxElbowExtensionDominantPostHitch,2.735,14.735,12.0,BallVeloRelease__zwithin,0.147,-0.206,-0.353,ShoulderAlignmentRelease__zwithin,-1.547,-1.238,0.309,maxShoulderFlexionDomDiffPostHitch__zwithin,1.043,0.062,-0.981
Player 163,25655,Off the Dribble,Right,4,BallVeloRelease,5.929,5.588,-0.342,ShoulderAlignmentRelease__zwithin,-1.662,-1.329,0.332,maxElbowFlexionAvgPreHitch,115.532,103.532,-12.0,maxShoulderFlexionDomDiffPostHitch__zwithin,0.585,0.062,-0.523,BallVeloRelease__zwithin,0.294,-0.206,-0.5
Player 163,25656,Off the Dribble,Right,4,ShoulderAlignmentRelease__zwithin,-1.637,-1.31,0.327,BallVeloRelease,5.92,5.588,-0.332,HipAlignmentPostHitch__zwithin,-1.669,-1.335,0.334,maxShoulderExtensionAvgHitch,75.874,63.874,-12.0,BallVeloRelease__zwithin,0.279,-0.206,-0.485
Player 163,25657,Off the Dribble,Right,4,BallVeloRelease,5.89,5.588,-0.302,maxElbowExtensionDominantPostHitch,6.691,18.691,12.0,BallVeloRelease__zwithin,0.236,-0.206,-0.442,maxShoulderFlexionDomDiffPostHitch__zwithin,0.558,0.062,-0.495,MaxStanceGapRelease,0.304,0.364,0.061
Player 163,25661,Catch and Shoot,Right,4,maxShoulderFlexionAvgPostHitch,128.167,126.946,-1.221,BallVeloRelease,6.039,6.027,-0.013,timeToMaxElbowFlexionDomDiffHitch,-0.083,0.0,0.083,maxShoulderFlexionNonDominantPostHitch,122.356,124.484,2.129,maxKneeExtensionNonDominantPostHitch,-18.17,-15.941,2.23
Player 163,25662,Catch and Shoot,Right,4,maxShoulderFlexionDominantHitch,116.39,104.861,-11.53,maxShoulderFlexionDomDiffHitch,5.853,-3.364,-9.216,BallVeloRelease,6.048,6.027,-0.022,maxElbowFlexionDominantPostHitch,110.746,117.427,6.681,ankleTotalROMAvg,-52.192,-52.053,0.139
Player 163,25663,Catch and Shoot,Right,4,BallVeloRelease,5.992,6.027,0.035,maxElbowExtensionDominantPostHitch,10.485,22.485,12.0,TorsoTotalROMAvg__zwithin,0.839,0.671,-0.168,maxShoulderFlexionDominantHitch,111.711,104.861,-6.851,maxElbowExtensionAvgPostHitch,20.421,32.421,12.0
Player 163,25665,Catch and Shoot,Right,4,BallVeloRelease,5.9,6.027,0.127,BallVeloRelease__zwithin,0.251,0.436,0.185,maxShoulderFlexionDominantHitch,112.963,104.861,-8.102,ShoulderTotalROMDominant,87.653,105.184,17.531,HipAlignmentRelease,-161.337,-145.192,16.144
Player 163,25669,Catch and Shoot,Right,4,HipAlignmentPreHitch__zwithin,1.148,0.918,-0.23,HipAlignmentPostHitch__zwithin,1.125,0.9,-0.225,HipAlignmentRelease__zwithin,0.963,0.77,-0.193,maxElbowExtensionDominantPostHitch,9.088,21.088,12.0,maxElbowExtensionNonDominantPostHitch,19.107,31.107,12.0
Player 163,25670,Catch and Shoot,Right,4,ElbowFlexionAtT0NonDominant,109.428,97.428,-12.0,HipAlignmentPreHitch__zwithin,0.978,0.782,-0.196,maxAnklePlantarflexionNonDominantPostHitch,-30.059,-25.456,4.603,maxElbowExtensionDominantPostHitch,6.056,18.056,12.0,maxElbowExtensionNonDominantPostHitch,19.515,31.515,12.0
Player 163,25671,Catch and Shoot,Right,4,BallVeloRelease,5.706,6.027,0.321,BallVeloRelease__zwithin,-0.033,0.436,0.469,HipAlignmentRelease__zwithin,0.87,0.696,-0.174,maxShoulderFlexionDominantHitch,117.59,105.59,-12.0,maxElbowExtensionNonDominantPostHitch,15.863,27.863,12.0
Player 163,25672,Catch and Shoot,Right,4,BallVeloRelease,5.869,6.027,0.158,HipAlignmentRelease__zwithin,1.748,1.398,-0.35,maxElbowExtensionDominantPostHitch,2.908,14.908,12.0,HipAlignmentPreHitch__zwithin,1.709,1.367,-0.342,BallVeloRelease__zwithin,0.205,0.436,0.231
Player 163,25673,Catch and Shoot,Right,4,HipAlignmentRelease__zwithin,1.715,1.372,-0.343,HipAlignmentPostHitch__zwithin,1.815,1.452,-0.363,HipAlignmentPreHitch__zwithin,1.755,1.404,-0.351,maxElbowExtensionDominantPostHitch,6.601,18.601,12.0,ShoulderAlignmentPostHitch__zwithin,1.865,1.492,-0.373
