PlayerId,ShotId,Shot.Type,hand,is_make,feat_1,orig_1,rec_1,delta_1,feat_2,orig_2,rec_2,delta_2,feat_3,orig_3,rec_3,delta_3,feat_4,orig_4,rec_4,delta_4,feat_5,orig_5,rec_5,delta_5
Player 59,5744,Off the Dribble,Right,3,BallVeloRelease,4.589,5.507,0.918,ankleTotalROMAvg,-20.855,-25.025,-4.171,TorsoVeloPostHitch,0.121,0.382,0.261,maxKneeFlexionDominantPreHitch,-43.99,-55.299,-11.308,BallVeloRelease__zwithin,-2.245,-1.745,0.5
Player 59,5745,Off the Dribble,Right,3,BallVeloRelease,4.347,5.217,0.869,ankleTotalROMAvg,-18.883,-22.66,-3.777,TorsoVeloPostHitch,0.215,0.382,0.168,BallVeloRelease__zwithin,-2.668,-2.134,0.534,maxKneeFlexionDominantPreHitch,-45.028,-55.299,-10.271
Player 59,5746,Catch and Shoot,Right,3,BallVeloRelease,4.358,5.23,0.872,ankleTotalROMAvg,-21.304,-25.565,-4.261,TorsoVeloPostHitch,0.134,0.634,0.5,maxKneeFlexionDominantPreHitch,-42.335,-54.335,-12.0,BallVeloRelease__zwithin,-2.649,-2.119,0.53
Player 59,5747,Off the Dribble,Right,3,BallVeloRelease,3.892,4.67,0.778,ankleTotalROMAvg,-22.694,-27.232,-4.539,TorsoVeloPostHitch,0.165,0.382,0.217,maxKneeFlexionDominantPreHitch,-43.931,-55.299,-11.368,maxAnklePlantarflexionNonDominantPostHitch,5.279,4.223,-1.056
Player 59,5748,Off the Dribble,Right,3,BallVeloRelease,4.57,5.484,0.914,ankleTotalROMAvg,-23.114,-27.737,-4.623,TorsoVeloPostHitch,0.259,0.382,0.124,maxKneeFlexionDominantPreHitch,-42.609,-54.609,-12.0,maxAnklePlantarflexionNonDominantPostHitch,3.917,3.133,-0.783
Player 59,5749,Off the Dribble,Right,3,BallVeloRelease,4.682,5.619,0.936,ankleTotalROMAvg,-21.176,-25.411,-4.235,TorsoVeloPostHitch,0.124,0.382,0.259,maxKneeFlexionDominantPreHitch,-43.129,-55.129,-12.0,maxAnklePlantarflexionNonDominantPostHitch,5.276,4.221,-1.055
Player 59,5750,Off the Dribble,Right,3,BallVeloRelease,4.673,5.608,0.935,ankleTotalROMAvg,-21.695,-26.034,-4.339,TorsoVeloPostHitch,0.24,0.382,0.143,maxAnklePlantarflexionNonDominantPostHitch,4.002,3.201,-0.8,BallVeloRelease__zwithin,-2.098,-1.598,0.5
Player 59,5751,Off the Dribble,Right,3,BallVeloRelease,4.503,5.404,0.901,ankleTotalROMAvg,-18.312,-21.975,-3.662,TorsoVeloPostHitch,0.119,0.382,0.264,BallVeloRelease__zwithin,-2.395,-1.895,0.5,maxKneeFlexionDominantPreHitch,-41.777,-53.777,-12.0
Player 59,5752,Off the Dribble,Right,3,BallVeloRelease,4.022,4.826,0.804,ankleTotalROMAvg,-17.314,-20.777,-3.463,TorsoVeloPostHitch,0.208,0.382,0.175,maxKneeFlexionDominantPreHitch,-42.424,-54.424,-12.0,BallVeloRelease__zwithin,-3.238,-2.59,0.648
Player 59,5753,Off the Dribble,Right,3,BallVeloRelease,4.487,5.384,0.897,ankleTotalROMAvg,-20.091,-24.109,-4.018,TorsoVeloPostHitch,0.142,0.382,0.24,BallVeloRelease__zwithin,-2.424,-1.924,0.5,maxKneeFlexionDominantPreHitch,-40.761,-52.761,-12.0
Player 59,5754,Off the Dribble,Right,3,BallVeloRelease,4.238,5.085,0.848,ankleTotalROMAvg,-21.057,-25.268,-4.211,TorsoVeloPostHitch,0.259,0.382,0.123,BallVeloRelease__zwithin,-2.86,-2.288,0.572,maxKneeFlexionDominantPreHitch,-43.274,-55.274,-12.0
Player 59,5755,Off the Dribble,Right,3,BallVeloRelease,4.787,5.705,0.918,ankleTotalROMAvg,-21.216,-25.46,-4.243,TorsoVeloPostHitch,-0.032,0.382,0.415,BallVeloRelease__zwithin,-1.899,-1.399,0.5,maxKneeFlexionDominantPreHitch,-42.396,-54.396,-12.0
Player 59,5756,Off the Dribble,Right,3,BallVeloRelease,4.669,5.603,0.934,ankleTotalROMAvg,-20.361,-24.433,-4.072,TorsoVeloPostHitch,0.072,0.382,0.31,maxKneeFlexionDominantPreHitch,-42.226,-54.226,-12.0,BallVeloRelease__zwithin,-2.105,-1.605,0.5
Player 59,5757,Catch and Shoot,Right,3,BallVeloRelease,4.457,5.349,0.891,ankleTotalROMAvg,-21.188,-25.425,-4.238,TorsoVeloPostHitch,-0.014,0.486,0.5,maxKneeFlexionDominantPreHitch,-43.103,-55.103,-12.0,BallVeloRelease__zwithin,-2.476,-1.976,0.5
Player 59,5758,Catch and Shoot,Right,4,BallVeloRelease,5.508,6.126,0.618,maxHipFlexionDominantPostHitch,38.949,36.785,-2.164,maxShoulderFlexionAvgPostHitch,127.806,124.39,-3.416,TorsoVeloPostHitch,0.538,0.771,0.232,ShoulderTotalROMDominant,100.5,102.538,2.038
Player 59,5759,Catch and Shoot,Right,4,maxShoulderFlexionAvgPostHitch,123.53,124.39,0.86,BallVeloRelease,5.537,6.126,0.588,maxHipFlexionDominantPostHitch,38.799,36.785,-2.014,maxShoulderFlexionNonDominantPostHitch,114.848,114.776,-0.072,timeToMaxShoulderFlexionNonDominantPostHitch,0.467,0.475,0.008
Player 59,5760,Catch and Shoot,Right,4,maxHipFlexionDominantPostHitch,39.574,36.785,-2.789,maxShoulderFlexionAvgPostHitch,123.359,124.39,1.031,maxShoulderFlexionNonDominantPostHitch,116.931,114.776,-2.155,maxKneeExtensionNonDominantHitch,-74.523,-68.055,6.468,ShoulderTotalROMDominant,106.665,102.538,-4.127
Player 59,5761,Catch and Shoot,Right,4,maxHipFlexionDominantPostHitch,40.008,36.785,-3.222,maxShoulderFlexionAvgPostHitch,122.155,124.39,2.235,BallVeloRelease,5.556,6.126,0.569,ShoulderTotalROMDominant,98.75,102.538,3.788,maxShoulderFlexionNonDominantPostHitch,115.729,114.776,-0.953
Player 59,5762,Catch and Shoot,Right,4,BallVeloRelease,5.291,6.126,0.834,maxHipFlexionDominantPostHitch,41.669,36.785,-4.883,maxShoulderFlexionAvgPostHitch,119.057,124.39,5.333,maxElbowFlexionDominantHitch,114.509,118.595,4.086,maxShoulderFlexionNonDominantPostHitch,113.117,114.776,1.659
Player 59,5763,Catch and Shoot,Right,4,BallVeloRelease,5.359,6.126,0.767,maxHipFlexionDominantPostHitch,43.035,36.785,-6.25,maxShoulderFlexionAvgPostHitch,120.576,124.39,3.814,TorsoVeloPostHitch,0.525,0.771,0.246,maxElbowFlexionDominantHitch,112.634,118.595,5.961
Player 59,5764,Catch and Shoot,Right,4,BallVeloRelease,5.412,6.126,0.713,maxHipFlexionDominantPostHitch,44.233,36.785,-7.448,maxShoulderFlexionAvgPostHitch,121.714,124.39,2.676,maxShoulderFlexionNonDominantPostHitch,117.233,114.776,-2.457,timeToMaxShoulderFlexionNonDominantPostHitch,0.459,0.475,0.016
Player 59,5765,Catch and Shoot,Right,4,BallVeloRelease,5.437,6.126,0.689,maxHipFlexionDominantPostHitch,42.172,36.785,-5.387,maxShoulderFlexionAvgPostHitch,121.958,124.39,2.432,ShoulderTotalROMDominant,101.118,102.538,1.42,maxShoulderFlexionNonDominantPostHitch,117.086,114.776,-2.31
Player 59,5766,Catch and Shoot,Right,4,BallVeloRelease,5.412,6.126,0.714,maxHipFlexionDominantPostHitch,42.022,36.785,-5.237,maxShoulderFlexionAvgPostHitch,116.666,124.39,7.724,TorsoVeloPostHitch,0.463,0.771,0.308,maxAnklePlantarflexionNonDominantPostHitch,-13.28,-15.936,-2.656
Player 59,5767,Catch and Shoot,Right,4,BallVeloRelease,5.338,6.126,0.788,maxHipFlexionDominantPostHitch,41.63,36.785,-4.845,maxShoulderFlexionAvgPostHitch,119.126,124.39,5.264,ShoulderTotalROMDominant,94.972,102.538,7.566,TorsoVeloHitch__zwithin,-1.896,-1.396,0.5
Player 59,5768,Catch and Shoot,Right,4,HipAlignmentRelease__zwithin,0.088,0.07,-0.018,maxKneeFlexionNonDominantPostHitch,-73.399,-67.109,6.29,maxKneeExtensionNonDominantHitch,-74.502,-68.055,6.447,maxKneeFlexionDominantPostHitch,-74.129,-68.235,5.894,timeToMaxKneeFlexionDomDiffHitch,0.042,0.008,-0.034
Player 59,5769,Catch and Shoot,Right,4,BallVeloRelease,5.344,6.126,0.782,HipAlignmentRelease__zwithin,0.055,0.044,-0.011,maxKneeFlexionNonDominantPostHitch,-69.544,-67.109,2.435,maxShoulderFlexionAvgPostHitch,123.597,124.39,0.794,BallVeloRelease__zwithin,-0.924,-0.424,0.5
Player 59,5770,Catch and Shoot,Right,4,BallVeloRelease,5.386,6.126,0.74,HipAlignmentRelease__zwithin,0.049,0.039,-0.01,maxKneeFlexionNonDominantPostHitch,-69.423,-67.109,2.314,maxShoulderFlexionAvgPostHitch,124.207,124.39,0.183,BallVeloRelease__zwithin,-0.85,-0.35,0.5
Player 59,5771,Catch and Shoot,Right,4,BallVeloRelease,5.556,6.126,0.57,HipAlignmentRelease__zwithin,0.031,0.025,-0.006,maxShoulderFlexionAvgPostHitch,121.835,124.39,2.555,maxKneeExtensionNonDominantHitch,-71.578,-68.055,3.523,ShoulderTotalROMDominant,109.692,102.538,-7.154
Player 59,5772,Catch and Shoot,Right,4,BallVeloRelease,5.388,6.126,0.737,HipAlignmentRelease__zwithin,0.045,0.036,-0.009,maxShoulderFlexionAvgPostHitch,123.911,124.39,0.479,ShoulderTotalROMDominant,94.059,102.538,8.479,timeToMaxShoulderFlexionNonDominantPostHitch,0.459,0.475,0.016
Player 59,5773,Catch and Shoot,Right,4,BallVeloRelease,5.534,6.126,0.592,HipAlignmentRelease__zwithin,0.088,0.07,-0.018,maxKneeExtensionNonDominantHitch,-72.906,-68.055,4.852,maxKneeFlexionNonDominantPostHitch,-71.109,-67.109,3.999,TorsoVeloPostHitch,0.533,0.771,0.238
Player 59,5774,Catch and Shoot,Right,4,HipAlignmentRelease__zwithin,0.053,0.042,-0.011,BallVeloRelease,5.685,6.126,0.441,maxShoulderFlexionAvgPostHitch,124.172,124.39,0.218,maxKneeExtensionDominantHitch,-71.571,-69.083,2.488,BallVeloStart__zwithin,-1.524,-1.024,0.5
Player 59,5775,Catch and Shoot,Right,4,BallVeloRelease,5.564,6.126,0.561,HipAlignmentRelease__zwithin,0.038,0.031,-0.008,maxShoulderFlexionAvgPostHitch,123.927,124.39,0.463,maxAnklePlantarflexionDomDiffPostHitch,-8.143,-6.515,1.629,timeToMaxKneeFlexionDomDiffHitch,0.058,0.008,-0.05
Player 59,5776,Catch and Shoot,Right,4,BallVeloRelease,5.277,6.126,0.848,HipAlignmentRelease__zwithin,0.026,0.021,-0.005,maxKneeFlexionNonDominantPostHitch,-70.203,-67.109,3.093,maxShoulderFlexionAvgPostHitch,123.881,124.39,0.509,BallVeloRelease__zwithin,-1.04,-0.54,0.5
Player 59,5777,Catch and Shoot,Right,4,BallVeloRelease,5.649,6.126,0.476,HipAlignmentRelease__zwithin,0.073,0.058,-0.015,maxShoulderFlexionAvgPostHitch,124.473,124.39,-0.083,maxAnklePlantarflexionDomDiffPostHitch,-7.147,-5.717,1.429,maxKneeExtensionDominantHitch,-69.399,-69.083,0.315
Player 59,5778,Catch and Shoot,Right,4,BallVeloRelease,5.609,6.126,0.516,maxShoulderFlexionAvgPostHitch,122.282,124.39,2.108,HipAlignmentRelease__zwithin,0.051,0.041,-0.01,maxKneeExtensionDominantHitch,-71.013,-69.083,1.93,maxKneeFlexionNonDominantPostHitch,-69.723,-67.109,2.614
Player 59,5779,Catch and Shoot,Right,4,BallVeloRelease,5.515,6.126,0.611,HipAlignmentRelease__zwithin,0.921,0.736,-0.184,HipAlignmentPostHitch__zwithin,0.949,0.759,-0.19,maxShoulderFlexionAvgPostHitch,120.776,124.39,3.614,maxTorsoFlexionPreHitch__zwithin,-1.022,-0.301,0.722
Player 59,5780,Catch and Shoot,Right,4,HipAlignmentRelease__zwithin,0.944,0.755,-0.189,HipAlignmentPostHitch__zwithin,0.973,0.779,-0.195,BallVeloRelease,5.704,6.126,0.422,maxShoulderFlexionAvgPostHitch,120.619,124.39,3.771,TorsoVeloPostHitch,0.491,0.771,0.28
Player 59,5781,Catch and Shoot,Right,4,HipAlignmentPreHitch__zwithin,1.007,0.805,-0.201,HipAlignmentRelease__zwithin,0.923,0.739,-0.185,HipAlignmentPostHitch__zwithin,0.96,0.768,-0.192,maxKneeExtensionNonDominantHitch,-72.551,-68.055,4.497,maxShoulderFlexionAvgPostHitch,120.78,124.39,3.61
Player 59,5782,Catch and Shoot,Right,4,BallVeloRelease,5.437,6.126,0.689,HipAlignmentRelease__zwithin,1.399,1.12,-0.28,HipAlignmentPostHitch__zwithin,1.395,1.116,-0.279,HipAlignmentPreHitch__zwithin,1.372,1.098,-0.274,TorsoVeloPostHitch,0.546,0.771,0.224
Player 59,5783,Catch and Shoot,Right,4,BallVeloRelease,5.267,6.126,0.859,HipAlignmentRelease__zwithin,1.397,1.118,-0.279,HipAlignmentPostHitch__zwithin,1.381,1.105,-0.276,HipAlignmentPreHitch__zwithin,1.416,1.133,-0.283,maxKneeFlexionNonDominantPostHitch,-69.694,-67.109,2.585
Player 59,5784,Catch and Shoot,Right,4,BallVeloRelease,5.271,6.126,0.854,HipAlignmentRelease__zwithin,1.398,1.118,-0.28,HipAlignmentPostHitch__zwithin,1.411,1.129,-0.282,HipAlignmentPreHitch__zwithin,1.413,1.13,-0.283,BallVeloRelease__zwithin,-1.051,-0.551,0.5
Player 59,5785,Catch and Shoot,Right,4,HipAlignmentRelease__zwithin,1.416,1.132,-0.283,HipAlignmentPostHitch__zwithin,1.434,1.147,-0.287,HipAlignmentPreHitch__zwithin,1.425,1.14,-0.285,ShoulderAlignmentPostHitch__zwithin,1.562,1.25,-0.312,maxKneeExtensionDominantHitch,-69.187,-69.083,0.104
Player 59,5786,Catch and Shoot,Right,4,BallVeloRelease,5.525,6.126,0.601,HipAlignmentRelease__zwithin,1.426,1.141,-0.285,HipAlignmentPostHitch__zwithin,1.38,1.104,-0.276,HipAlignmentPreHitch__zwithin,1.386,1.109,-0.277,TorsoVeloPostHitch,0.364,0.771,0.407
Player 59,5787,Catch and Shoot,Right,4,HipAlignmentRelease__zwithin,1.446,1.157,-0.289,HipAlignmentPostHitch__zwithin,1.421,1.137,-0.284,maxKneeExtensionDominantHitch,-69.331,-69.083,0.248,ShoulderAlignmentPostHitch__zwithin,1.526,1.221,-0.305,HipAlignmentPreHitch__zwithin,1.364,1.091,-0.273
Player 59,5788,Catch and Shoot,Right,4,HipAlignmentRelease__zwithin,1.41,1.128,-0.282,HipAlignmentPostHitch__zwithin,1.385,1.108,-0.277,HipAlignmentPreHitch__zwithin,1.446,1.157,-0.289,maxAnklePlantarflexionNonDominantPostHitch,-10.842,-13.011,-2.168,ankleTotalROMAvg,-39.491,-47.389,-7.898
Player 59,5789,Catch and Shoot,Right,4,BallVeloRelease,5.556,6.126,0.57,HipAlignmentRelease__zwithin,1.492,1.194,-0.298,HipAlignmentPostHitch__zwithin,1.423,1.138,-0.285,HipAlignmentPreHitch__zwithin,1.488,1.19,-0.298,maxKneeExtensionNonDominantHitch,-70.843,-68.055,2.788
Player 59,5790,Catch and Shoot,Right,4,HipAlignmentRelease__zwithin,1.437,1.149,-0.287,HipAlignmentPostHitch__zwithin,1.404,1.123,-0.281,HipAlignmentPreHitch__zwithin,1.424,1.139,-0.285,maxKneeExtensionNonDominantHitch,-70.803,-68.055,2.748,FeetAlignmentRelease,-140.37,-112.296,28.074
Player 59,5791,Off the Dribble,Right,3,BallVeloRelease,4.57,5.484,0.914,ankleTotalROMAvg,-19.378,-23.253,-3.876,TorsoVeloPostHitch,0.021,0.382,0.362,maxKneeFlexionDominantPreHitch,-40.444,-52.444,-12.0,BallVeloRelease__zwithin,-2.278,-1.778,0.5
Player 59,5792,Off the Dribble,Right,3,BallVeloRelease,4.847,5.705,0.858,ankleTotalROMAvg,-23.561,-28.274,-4.712,TorsoVeloPostHitch,0.025,0.382,0.358,maxKneeFlexionDominantPreHitch,-46.544,-55.299,-8.754,BallVeloRelease__zwithin,-1.794,-1.294,0.5
Player 59,5793,Off the Dribble,Right,3,BallVeloRelease,4.572,5.487,0.914,ankleTotalROMAvg,-22.579,-27.095,-4.516,TorsoVeloPostHitch,-0.002,0.382,0.384,maxKneeFlexionDominantPreHitch,-45.123,-55.299,-10.176,maxAnklePlantarflexionNonDominantPostHitch,5.036,4.029,-1.007
Player 59,5794,Off the Dribble,Right,3,BallVeloRelease,4.564,5.476,0.913,ankleTotalROMAvg,-21.534,-25.841,-4.307,TorsoVeloPostHitch,0.099,0.382,0.283,maxKneeFlexionDominantPreHitch,-43.765,-55.299,-11.534,BallVeloRelease__zwithin,-2.289,-1.789,0.5
Player 59,5795,Off the Dribble,Right,3,BallVeloRelease,4.642,5.571,0.928,ankleTotalROMAvg,-20.811,-24.973,-4.162,TorsoVeloPostHitch,0.112,0.382,0.27,maxAnklePlantarflexionNonDominantPostHitch,5.688,4.551,-1.138,maxKneeFlexionDominantPreHitch,-44.018,-55.299,-11.281
Player 59,5796,Off the Dribble,Right,3,BallVeloRelease,4.679,5.614,0.936,ankleTotalROMAvg,-21.513,-25.815,-4.303,TorsoVeloPostHitch,0.102,0.382,0.28,maxKneeFlexionDominantPreHitch,-47.797,-55.299,-7.502,KneeTotalROMAvg,29.364,35.236,5.873
Player 59,5797,Off the Dribble,Right,3,BallVeloRelease,4.449,5.338,0.89,ankleTotalROMAvg,-20.804,-24.965,-4.161,TorsoVeloPostHitch,0.104,0.382,0.278,maxKneeFlexionDominantPreHitch,-44.464,-55.299,-10.834,BallVeloRelease__zwithin,-2.491,-1.991,0.5
Player 59,5798,Catch and Shoot,Right,4,maxHipFlexionDominantPostHitch,44.088,36.785,-7.303,maxShoulderFlexionAvgPostHitch,126.499,124.39,-2.109,maxShoulderFlexionNonDominantPostHitch,116.879,114.776,-2.103,maxKneeExtensionNonDominantHitch,-74.281,-68.055,6.227,BallVeloRelease,5.872,6.126,0.254
Player 59,5799,Catch and Shoot,Right,4,maxHipFlexionDominantPostHitch,42.946,36.785,-6.16,maxTorsoFlexionPreHitch__zwithin,-1.063,-0.301,0.762,maxShoulderFlexionAvgPostHitch,128.779,124.39,-4.389,maxShoulderFlexionNonDominantPostHitch,119.352,114.776,-4.576,BallVeloRelease,5.849,6.126,0.276
Player 59,5802,Catch and Shoot,Right,4,maxHipFlexionDominantPostHitch,43.214,36.785,-6.428,maxShoulderFlexionAvgPostHitch,124.625,124.39,-0.235,maxShoulderFlexionNonDominantPostHitch,114.062,114.776,0.714,maxKneeExtensionNonDominantHitch,-74.431,-68.055,6.377,maxKneeFlexionNonDominantPostHitch,-73.507,-67.109,6.397
Player 59,5803,Catch and Shoot,Right,4,maxHipFlexionDominantPostHitch,41.439,36.785,-4.654,maxShoulderFlexionAvgPostHitch,126.058,124.39,-1.668,maxKneeFlexionNonDominantPostHitch,-75.179,-67.109,8.07,maxElbowExtensionDominantPostHitch,7.226,14.937,7.711,BallVeloRelease,5.795,6.126,0.331
Player 59,5804,Catch and Shoot,Right,4,maxHipFlexionDominantPostHitch,42.406,36.785,-5.62,BallVeloRelease,5.706,6.126,0.419,maxShoulderFlexionAvgPostHitch,127.614,124.39,-3.224,maxShoulderFlexionNonDominantPostHitch,115.809,114.776,-1.033,maxElbowExtensionDominantPostHitch,8.334,14.937,6.603
Player 59,5805,Catch and Shoot,Right,4,maxHipFlexionDominantPostHitch,40.967,36.785,-4.181,maxElbowExtensionDominantPostHitch,6.38,14.937,8.557,BallVeloRelease,5.806,6.126,0.32,maxShoulderFlexionNonDominantPostHitch,117.034,114.776,-2.258,maxShoulderFlexionAvgPostHitch,128.002,124.39,-3.612
Player 59,5807,Catch and Shoot,Right,4,BallVeloRelease,5.553,6.126,0.573,maxHipFlexionDominantPostHitch,40.766,36.785,-3.981,maxShoulderFlexionAvgPostHitch,126.988,124.39,-2.598,maxShoulderFlexionNonDominantPostHitch,117.51,114.776,-2.734,timeToMaxShoulderFlexionNonDominantPostHitch,0.484,0.475,-0.009
Player 59,5808,Catch and Shoot,Right,4,HipAlignmentRelease__zwithin,1.401,1.121,-0.28,HipAlignmentPostHitch__zwithin,1.354,1.083,-0.271,HipAlignmentPreHitch__zwithin,1.387,1.11,-0.277,maxAnklePlantarflexionDomDiffPostHitch,-9.302,-7.442,1.86,ShoulderAlignmentPostHitch__zwithin,1.441,1.152,-0.288
Player 59,5809,Catch and Shoot,Right,4,HipAlignmentRelease__zwithin,1.33,1.064,-0.266,BallVeloRelease,5.899,6.126,0.226,HipAlignmentPreHitch__zwithin,1.413,1.13,-0.283,HipAlignmentPostHitch__zwithin,1.34,1.072,-0.268,maxKneeExtensionAvgPostHitch,-23.343,-18.945,4.398
Player 59,5810,Catch and Shoot,Right,4,HipAlignmentRelease__zwithin,1.342,1.074,-0.268,maxHipFlexionDominantPostHitch,39.298,36.785,-2.512,HipAlignmentPreHitch__zwithin,1.444,1.155,-0.289,HipAlignmentPostHitch__zwithin,1.337,1.07,-0.267,maxKneeExtensionDominantHitch,-70.975,-69.083,1.892
Player 59,5811,Catch and Shoot,Right,4,HipAlignmentRelease__zwithin,1.334,1.067,-0.267,HipAlignmentPostHitch__zwithin,1.368,1.095,-0.274,HipAlignmentPreHitch__zwithin,1.375,1.1,-0.275,BallVeloRelease,5.963,6.126,0.162,ShoulderAlignmentPostHitch__zwithin,1.548,1.239,-0.31
Player 59,5812,Catch and Shoot,Right,4,HipAlignmentRelease__zwithin,1.319,1.055,-0.264,HipAlignmentPostHitch__zwithin,1.311,1.049,-0.262,HipAlignmentPreHitch__zwithin,1.373,1.098,-0.275,FeetAlignmentRelease,-136.984,-109.587,27.397,ShoulderAlignmentPostHitch__zwithin,1.427,1.141,-0.285
Player 59,5813,Catch and Shoot,Right,4,HipAlignmentRelease__zwithin,1.34,1.072,-0.268,HipAlignmentPostHitch__zwithin,1.362,1.09,-0.272,HipAlignmentPreHitch__zwithin,1.392,1.113,-0.278,ShoulderAlignmentPostHitch__zwithin,1.545,1.236,-0.309,maxKneeExtensionAvgPostHitch,-20.701,-18.945,1.755
Player 59,5814,Catch and Shoot,Right,4,BallVeloRelease,5.715,6.126,0.411,HipAlignmentRelease__zwithin,1.319,1.056,-0.264,HipAlignmentPreHitch__zwithin,1.438,1.15,-0.288,HipAlignmentPostHitch__zwithin,1.412,1.129,-0.282,ShoulderAlignmentPostHitch__zwithin,1.481,1.185,-0.296
Player 59,5815,Catch and Shoot,Right,4,HipAlignmentRelease__zwithin,1.297,1.038,-0.259,HipAlignmentPostHitch__zwithin,1.374,1.099,-0.275,HipAlignmentPreHitch__zwithin,1.409,1.127,-0.282,ShoulderAlignmentPostHitch__zwithin,1.459,1.168,-0.292,maxShoulderFlexionAvgPostHitch,127.271,124.39,-2.881
Player 59,5816,Catch and Shoot,Right,4,HipAlignmentRelease__zwithin,1.366,1.093,-0.273,maxHipFlexionDominantPostHitch,40.08,36.785,-3.295,maxKneeExtensionDominantHitch,-71.756,-69.083,2.673,ShoulderAlignmentPostHitch__zwithin,1.517,1.214,-0.303,HipAlignmentPostHitch__zwithin,1.336,1.069,-0.267
Player 59,5817,Catch and Shoot,Right,4,HipAlignmentRelease__zwithin,1.373,1.099,-0.275,HipAlignmentPostHitch__zwithin,1.366,1.093,-0.273,HipAlignmentPreHitch__zwithin,1.45,1.16,-0.29,ShoulderAlignmentPostHitch__zwithin,1.474,1.18,-0.295,BallVeloStart__zwithin,-1.208,-0.708,0.5
Player 59,5818,Catch and Shoot,Right,4,maxKneeExtensionDominantHitch,-70.249,-69.083,1.166,ShoulderAlignmentPostHitch__zwithin,1.49,1.192,-0.298,HipAlignmentRelease__zwithin,1.38,1.104,-0.276,HipAlignmentPostHitch__zwithin,1.363,1.09,-0.273,HipAlignmentPreHitch__zwithin,1.376,1.101,-0.275
Player 59,5819,Catch and Shoot,Right,4,HipAlignmentPostHitch__zwithin,1.327,1.062,-0.265,HipAlignmentRelease__zwithin,1.389,1.111,-0.278,HipAlignmentPreHitch__zwithin,1.394,1.115,-0.279,maxKneeExtensionDominantHitch,-72.914,-69.083,3.831,maxKneeExtensionNonDominantHitch,-72.609,-68.055,4.554
Player 59,5831,Off the Dribble,Right,3,BallVeloRelease,4.134,4.961,0.827,ankleTotalROMAvg,-19.739,-23.686,-3.948,TorsoVeloPostHitch,0.003,0.382,0.379,maxKneeFlexionDominantPreHitch,-46.159,-55.299,-9.14,maxAnklePlantarflexionNonDominantPostHitch,5.795,4.636,-1.159
Player 59,5832,Off the Dribble,Right,3,BallVeloRelease,4.877,5.705,0.828,ankleTotalROMAvg,-20.343,-24.412,-4.069,TorsoVeloPostHitch,0.16,0.382,0.222,maxKneeFlexionDominantPreHitch,-45.365,-55.299,-9.934,BallVeloRelease__zwithin,-1.742,-1.242,0.5
Player 59,5833,Off the Dribble,Right,3,BallVeloRelease,4.595,5.514,0.919,ankleTotalROMAvg,-18.191,-21.829,-3.638,TorsoVeloPostHitch,0.089,0.382,0.293,maxKneeFlexionDominantPreHitch,-43.095,-55.095,-12.0,BallVeloRelease__zwithin,-2.234,-1.734,0.5
Player 59,5834,Off the Dribble,Right,3,BallVeloRelease,4.692,5.631,0.938,ankleTotalROMAvg,-18.077,-21.692,-3.615,TorsoVeloPostHitch,0.231,0.382,0.152,maxKneeFlexionDominantPreHitch,-43.408,-55.299,-11.89,BallVeloRelease__zwithin,-2.065,-1.565,0.5
Player 59,5835,Catch and Shoot,Right,4,maxHipFlexionDominantPostHitch,42.468,36.785,-5.683,maxElbowExtensionDominantPostHitch,7.672,14.937,7.264,maxShoulderFlexionNonDominantPostHitch,116.781,114.776,-2.004,maxShoulderFlexionAvgPostHitch,126.159,124.39,-1.769,maxKneeExtensionNonDominantHitch,-73.211,-68.055,5.156
Player 59,5836,Catch and Shoot,Right,4,BallVeloRelease,5.57,6.126,0.556,maxHipFlexionDominantPostHitch,40.542,36.785,-3.756,maxKneeFlexionNonDominantPostHitch,-75.49,-67.109,8.38,maxShoulderFlexionNonDominantPostHitch,121.798,114.776,-7.022,maxKneeExtensionNonDominantHitch,-76.559,-68.055,8.504
Player 59,5837,Catch and Shoot,Right,4,maxElbowExtensionDominantPostHitch,3.405,14.937,11.532,maxShoulderFlexionNonDominantPostHitch,119.287,114.776,-4.51,maxHipFlexionDominantPostHitch,36.81,36.785,-0.025,timeToMaxShoulderFlexionNonDominantPostHitch,0.467,0.475,0.008,ShoulderAlignmentRelease__zwithin,-1.376,-1.101,0.275
Player 59,5840,Catch and Shoot,Right,4,maxHipFlexionDominantPostHitch,37.026,36.785,-0.241,maxShoulderFlexionAvgPostHitch,127.101,124.39,-2.711,maxShoulderFlexionNonDominantPostHitch,118.269,114.776,-3.493,ShoulderTotalROMDominant,111.453,102.538,-8.915,timeToMaxShoulderFlexionNonDominantPostHitch,0.484,0.475,-0.009
Player 59,5841,Catch and Shoot,Right,4,maxHipFlexionDominantPostHitch,41.763,36.785,-4.977,maxShoulderFlexionNonDominantPostHitch,118.214,114.776,-3.438,maxShoulderFlexionAvgPostHitch,128.49,124.39,-4.1,maxKneeExtensionDominantHitch,-72.51,-69.083,3.427,maxKneeExtensionNonDominantHitch,-71.936,-68.055,3.881
Player 59,5842,Catch and Shoot,Right,4,maxShoulderFlexionNonDominantPostHitch,120.062,114.776,-5.286,BallVeloRelease,5.84,6.126,0.286,maxHipFlexionDominantPostHitch,38.003,36.785,-1.217,ShoulderAlignmentRelease__zwithin,-1.432,-1.146,0.286,maxTorsoFlexionPreHitch__zwithin,-0.997,-0.301,0.696
Player 59,5843,Catch and Shoot,Right,4,BallVeloRelease,5.896,6.126,0.23,maxShoulderFlexionNonDominantPostHitch,120.562,114.776,-5.786,maxHipFlexionDominantPostHitch,35.978,36.785,0.807,ShoulderAlignmentRelease__zwithin,-1.47,-1.176,0.294,maxKneeExtensionDominantHitch,-68.578,-69.083,-0.505
Player 59,5844,Off the Dribble,Right,4,maxTorsoFlexionPreHitch__zwithin,-1.687,0.746,2.432,maxShoulderFlexionNonDominantPostHitch,114.233,119.187,4.954,maxShoulderFlexionAvgPostHitch,123.754,127.444,3.689,timeToMaxShoulderFlexionNonDominantPostHitch,0.483,0.592,0.109,ShoulderAlignmentHitch__zwithin,-1.345,-1.076,0.269
Player 59,5845,Catch and Shoot,Right,4,maxHipFlexionDominantPostHitch,39.511,36.785,-2.726,maxShoulderFlexionNonDominantPostHitch,119.857,114.776,-5.081,maxElbowExtensionDominantPostHitch,7.359,14.937,7.577,maxShoulderFlexionAvgPostHitch,128.23,124.39,-3.84,ShoulderAlignmentRelease__zwithin,-1.429,-1.143,0.286
Player 59,5847,Catch and Shoot,Right,4,maxShoulderFlexionAvgPostHitch,123.972,124.39,0.418,BallVeloRelease,5.798,6.126,0.328,maxHipFlexionDominantPostHitch,38.041,36.785,-1.255,maxShoulderFlexionNonDominantPostHitch,112.719,114.776,2.057,ShoulderAlignmentRelease__zwithin,-1.439,-1.151,0.288
Player 59,5848,Catch and Shoot,Right,4,maxHipFlexionDominantPostHitch,42.69,36.785,-5.904,BallVeloRelease,5.74,6.126,0.386,maxShoulderFlexionNonDominantPostHitch,117.153,114.776,-2.377,maxShoulderFlexionAvgPostHitch,127.576,124.39,-3.186,maxElbowExtensionDominantPostHitch,8.393,14.937,6.544
Player 59,5850,Off the Dribble,Right,4,maxElbowExtensionDominantPostHitch,7.71,17.816,10.106,maxShoulderFlexionNonDominantPostHitch,115.219,119.187,3.969,BallVeloRelease,5.803,5.705,-0.098,ShoulderAlignmentRelease__zwithin,-1.427,-1.142,0.285,timeToMaxShoulderFlexionNonDominantPostHitch,0.484,0.592,0.108
Player 59,5852,Catch and Shoot,Right,4,maxElbowExtensionDominantPostHitch,6.824,14.937,8.113,maxHipFlexionDominantPostHitch,38.581,36.785,-1.796,maxShoulderFlexionAvgPostHitch,127.593,124.39,-3.203,maxShoulderFlexionNonDominantPostHitch,115.307,114.776,-0.531,BallVeloRelease,5.918,6.126,0.208
Player 59,5853,Catch and Shoot,Right,4,maxShoulderFlexionNonDominantPostHitch,113.091,114.776,1.685,maxHipFlexionDominantPostHitch,37.82,36.785,-1.034,maxShoulderFlexionAvgPostHitch,123.839,124.39,0.551,maxElbowFlexionAvgPreHitch,79.133,90.492,11.358,ShoulderAlignmentRelease__zwithin,-1.425,-1.14,0.285
Player 59,5854,Catch and Shoot,Right,4,maxElbowExtensionDominantPostHitch,6.885,14.937,8.052,maxShoulderFlexionNonDominantPostHitch,121.883,114.776,-7.107,timeToMaxShoulderFlexionNonDominantPostHitch,0.483,0.475,-0.008,ElbowFlexionAtT0NonDominant,51.318,63.318,12.0,timeToMaxElbowExtensionDomDiffPostHitch,0.042,0.008,-0.034
Player 59,5855,Catch and Shoot,Right,4,maxTorsoFlexionPreHitch__zwithin,-1.501,-0.301,1.2,maxShoulderFlexionNonDominantPostHitch,118.225,114.776,-3.449,ElbowFlexionAtT0NonDominant,45.202,57.202,12.0,maxShoulderFlexionAvgPostHitch,127.114,124.39,-2.724,maxHipFlexionDominantPostHitch,36.257,36.785,0.529
Player 59,5856,Catch and Shoot,Right,4,maxElbowExtensionDominantPostHitch,6.183,14.937,8.753,maxShoulderFlexionNonDominantPostHitch,115.815,114.776,-1.039,maxShoulderFlexionAvgPostHitch,127.327,124.39,-2.937,ShoulderAlignmentPreHitch__zwithin,-0.83,-0.664,0.166,ShoulderAlignmentRelease__zwithin,-1.421,-1.137,0.284
Player 59,5857,Catch and Shoot,Right,4,ElbowFlexionAtT0Dominant,68.544,80.544,12.0,maxTorsoFlexionPreHitch__zwithin,-1.482,-0.301,1.182,maxHipFlexionDominantPostHitch,36.498,36.785,0.288,maxShoulderFlexionNonDominantPostHitch,114.92,114.776,-0.144,BallVeloRelease,5.92,6.126,0.205
Player 59,5858,Catch and Shoot,Right,4,maxTorsoFlexionPreHitch__zwithin,-1.796,-0.301,1.496,maxHipFlexionDominantPostHitch,39.659,36.785,-2.874,maxShoulderFlexionNonDominantPostHitch,117.092,114.776,-2.316,maxShoulderFlexionAvgPostHitch,127.471,124.39,-3.081,maxElbowExtensionDominantPostHitch,5.533,14.937,9.403
Player 59,5859,Catch and Shoot,Right,4,maxHipFlexionDominantPostHitch,39.741,36.785,-2.956,BallVeloRelease,5.88,6.126,0.245,ShoulderAlignmentRelease__zwithin,-1.42,-1.136,0.284,maxShoulderFlexionNonDominantPostHitch,117.35,114.776,-2.574,maxElbowFlexionAvgPreHitch,76.881,88.881,12.0
Player 59,5860,Catch and Shoot,Right,4,maxHipFlexionDominantPostHitch,38.162,36.785,-1.376,BallVeloRelease,5.879,6.126,0.247,maxShoulderFlexionAvgPostHitch,125.877,124.39,-1.487,maxShoulderFlexionNonDominantPostHitch,115.867,114.776,-1.091,ShoulderAlignmentRelease__zwithin,-1.453,-1.162,0.291
Player 59,5861,Catch and Shoot,Right,4,maxHipFlexionDominantPostHitch,40.954,36.785,-4.169,maxShoulderFlexionAvgPostHitch,125.864,124.39,-1.474,maxShoulderFlexionNonDominantPostHitch,117.447,114.776,-2.671,BallVeloRelease,5.843,6.126,0.282,maxKneeExtensionNonDominantHitch,-72.992,-68.055,4.937
Player 59,5862,Catch and Shoot,Right,4,maxHipFlexionDominantPostHitch,40.99,36.785,-4.204,maxShoulderFlexionAvgPostHitch,127.076,124.39,-2.686,maxElbowExtensionDominantPostHitch,3.862,14.937,11.075,maxShoulderFlexionNonDominantPostHitch,114.286,114.776,0.49,BallVeloRelease,5.917,6.126,0.209
Player 59,5863,Catch and Shoot,Right,4,BallVeloRelease,5.754,6.126,0.372,maxShoulderFlexionAvgPostHitch,126.287,124.39,-1.897,maxHipFlexionDominantPostHitch,38.468,36.785,-1.683,maxShoulderFlexionNonDominantPostHitch,116.74,114.776,-1.963,maxHipExtensionNonDominantPostHitch__zwithin,2.0,0.192,-1.808
Player 59,5864,Catch and Shoot,Right,4,maxHipFlexionDominantPostHitch,39.124,36.785,-2.339,maxShoulderFlexionAvgPostHitch,125.09,124.39,-0.7,BallVeloRelease,5.856,6.126,0.27,maxShoulderFlexionNonDominantPostHitch,116.392,114.776,-1.616,ShoulderTotalROMDominant,109.631,102.538,-7.093
Player 59,5865,Catch and Shoot,Right,4,BallVeloRelease,5.771,6.126,0.354,maxElbowExtensionDominantPostHitch,7.852,14.937,7.085,maxHipFlexionDominantPostHitch,38.299,36.785,-1.514,maxShoulderFlexionAvgPostHitch,126.707,124.39,-2.317,maxShoulderFlexionNonDominantPostHitch,115.968,114.776,-1.192
Player 59,5866,Catch and Shoot,Right,4,BallVeloRelease,5.737,6.126,0.389,maxHipFlexionDominantPostHitch,39.846,36.785,-3.061,maxShoulderFlexionAvgPostHitch,122.978,124.39,1.412,maxShoulderFlexionNonDominantPostHitch,113.262,114.776,1.514,ShoulderAlignmentRelease__zwithin,-1.459,-1.167,0.292
Player 59,5867,Catch and Shoot,Right,4,BallVeloRelease,5.337,6.126,0.789,maxHipFlexionDominantPostHitch,39.598,36.785,-2.813,maxShoulderFlexionAvgPostHitch,125.673,124.39,-1.283,maxShoulderFlexionNonDominantPostHitch,115.149,114.776,-0.373,BallVeloStart__zwithin,-1.555,-1.055,0.5
Player 59,5868,Catch and Shoot,Right,4,maxShoulderFlexionAvgPostHitch,123.544,124.39,0.846,maxHipFlexionDominantPostHitch,37.285,36.785,-0.499,BallVeloRelease,5.826,6.126,0.3,maxShoulderFlexionNonDominantPostHitch,112.449,114.776,2.327,ShoulderAlignmentRelease__zwithin,-1.38,-1.104,0.276
Player 59,5869,Catch and Shoot,Right,4,BallVeloRelease,5.78,6.126,0.346,maxHipFlexionDominantPostHitch,37.984,36.785,-1.199,maxShoulderFlexionAvgPostHitch,127.576,124.39,-3.186,maxShoulderFlexionNonDominantPostHitch,118.795,114.776,-4.019,ShoulderAlignmentRelease__zwithin,-1.42,-1.136,0.284
Player 59,5871,Catch and Shoot,Right,4,HipAlignmentRelease__zwithin,1.378,1.102,-0.276,HipAlignmentPostHitch__zwithin,1.305,1.044,-0.261,HipAlignmentPreHitch__zwithin,1.47,1.176,-0.294,maxAnklePlantarflexionDomDiffPostHitch,-6.6,-5.28,1.32,ShoulderAlignmentPostHitch__zwithin,1.446,1.156,-0.289
Player 59,5872,Catch and Shoot,Right,4,maxKneeExtensionDominantHitch,-69.289,-69.083,0.206,ShoulderAlignmentPostHitch__zwithin,1.496,1.196,-0.299,HipAlignmentRelease__zwithin,1.333,1.067,-0.267,HipAlignmentPostHitch__zwithin,1.347,1.077,-0.269,HipAlignmentPreHitch__zwithin,1.372,1.098,-0.274
Player 59,5873,Catch and Shoot,Right,4,HipAlignmentRelease__zwithin,1.301,1.041,-0.26,HipAlignmentPreHitch__zwithin,1.351,1.081,-0.27,HipAlignmentPostHitch__zwithin,1.322,1.058,-0.264,ShoulderAlignmentPostHitch__zwithin,1.464,1.171,-0.293,maxKneeExtensionAvgPostHitch,-20.81,-18.945,1.864
Player 59,5874,Catch and Shoot,Right,4,maxKneeExtensionDominantHitch,-69.587,-69.083,0.504,ShoulderAlignmentPostHitch__zwithin,1.448,1.158,-0.29,HipAlignmentRelease__zwithin,1.358,1.086,-0.272,HipAlignmentPostHitch__zwithin,1.357,1.086,-0.271,HipAlignmentPreHitch__zwithin,1.384,1.107,-0.277
Player 59,5875,Catch and Shoot,Right,4,HipAlignmentPostHitch__zwithin,1.36,1.088,-0.272,HipAlignmentRelease__zwithin,1.35,1.08,-0.27,ShoulderAlignmentPostHitch__zwithin,1.394,1.115,-0.279,HipAlignmentPreHitch__zwithin,1.415,1.132,-0.283,maxKneeExtensionDominantHitch,-71.945,-69.083,2.862
Player 59,5876,Catch and Shoot,Right,4,HipAlignmentRelease__zwithin,1.402,1.122,-0.28,HipAlignmentPreHitch__zwithin,1.33,1.064,-0.266,HipAlignmentPostHitch__zwithin,1.352,1.081,-0.27,BallVeloRelease,6.011,6.126,0.115,ShoulderAlignmentPostHitch__zwithin,1.405,1.124,-0.281
Player 59,5877,Catch and Shoot,Right,4,HipAlignmentRelease__zwithin,1.372,1.098,-0.274,ShoulderAlignmentPostHitch__zwithin,1.49,1.192,-0.298,maxKneeExtensionDominantHitch,-70.626,-69.083,1.543,HipAlignmentPostHitch__zwithin,1.338,1.07,-0.268,HipAlignmentPreHitch__zwithin,1.347,1.077,-0.269
Player 59,5878,Catch and Shoot,Right,4,HipAlignmentPreHitch__zwithin,1.38,1.104,-0.276,maxKneeExtensionDominantHitch,-71.334,-69.083,2.251,HipAlignmentRelease__zwithin,1.389,1.111,-0.278,ShoulderAlignmentPostHitch__zwithin,1.461,1.169,-0.292,maxKneeExtensionNonDominantHitch,-71.833,-68.055,3.779
Player 59,5879,Catch and Shoot,Right,4,HipAlignmentRelease__zwithin,1.418,1.135,-0.284,HipAlignmentPostHitch__zwithin,1.374,1.099,-0.275,HipAlignmentPreHitch__zwithin,1.386,1.109,-0.277,BallVeloRelease,5.962,6.126,0.163,ShoulderAlignmentPostHitch__zwithin,1.464,1.171,-0.293
Player 59,5880,Catch and Shoot,Right,4,BallVeloRelease,5.718,6.126,0.408,HipAlignmentRelease__zwithin,1.435,1.148,-0.287,HipAlignmentPreHitch__zwithin,1.384,1.107,-0.277,HipAlignmentPostHitch__zwithin,1.379,1.103,-0.276,ShoulderAlignmentPostHitch__zwithin,1.482,1.186,-0.296
Player 59,5881,Catch and Shoot,Right,4,HipAlignmentRelease__zwithin,1.383,1.107,-0.277,HipAlignmentPostHitch__zwithin,1.357,1.086,-0.271,HipAlignmentPreHitch__zwithin,1.332,1.065,-0.266,BallVeloRelease,5.92,6.126,0.205,ShoulderAlignmentPostHitch__zwithin,1.475,1.18,-0.295
Player 59,5882,Catch and Shoot,Right,4,HipAlignmentRelease__zwithin,1.389,1.111,-0.278,HipAlignmentPreHitch__zwithin,1.375,1.1,-0.275,HipAlignmentPostHitch__zwithin,1.356,1.085,-0.271,ShoulderAlignmentPostHitch__zwithin,1.463,1.17,-0.293,maxKneeExtensionAvgPostHitch,-22.314,-18.945,3.369
Player 59,5900,Off the Dribble,Right,3,BallVeloRelease,4.954,5.705,0.751,ankleTotalROMAvg,-18.841,-22.609,-3.768,TorsoVeloPostHitch,0.132,0.382,0.25,maxKneeFlexionDominantPreHitch,-41.596,-53.596,-12.0,BallVeloRelease__zwithin,-1.606,-1.106,0.5
Player 59,5901,Off the Dribble,Right,3,BallVeloRelease,4.863,5.705,0.841,ankleTotalROMAvg,-18.524,-22.229,-3.705,TorsoVeloPostHitch,0.089,0.382,0.293,BallVeloRelease__zwithin,-1.765,-1.265,0.5,maxKneeFlexionDominantPreHitch,-39.991,-51.991,-12.0
Player 59,5902,Off the Dribble,Right,3,BallVeloRelease,4.939,5.705,0.766,ankleTotalROMAvg,-19.094,-22.913,-3.819,TorsoVeloPostHitch,0.211,0.382,0.171,maxAnklePlantarflexionNonDominantPostHitch,5.989,4.791,-1.198,maxKneeFlexionDominantPreHitch,-42.514,-54.514,-12.0
Player 59,5903,Off the Dribble,Right,3,BallVeloRelease,4.61,5.532,0.922,ankleTotalROMAvg,-17.93,-21.516,-3.586,TorsoVeloPostHitch,0.2,0.382,0.182,maxKneeFlexionDominantPreHitch,-42.92,-54.92,-12.0,BallVeloRelease__zwithin,-2.208,-1.708,0.5
Player 59,5904,Off the Dribble,Right,3,BallVeloRelease,4.941,5.705,0.764,ankleTotalROMAvg,-18.277,-21.932,-3.655,TorsoVeloPostHitch,0.033,0.382,0.349,maxKneeFlexionDominantPreHitch,-44.299,-55.299,-11.0,BallVeloRelease__zwithin,-1.629,-1.129,0.5
Player 59,5922,Off the Dribble,Right,3,BallVeloRelease,4.628,5.554,0.926,ankleTotalROMAvg,-20.361,-24.433,-4.072,TorsoVeloPostHitch,0.186,0.382,0.197,maxKneeFlexionDominantPreHitch,-44.496,-55.299,-10.802,BallVeloRelease__zwithin,-2.176,-1.676,0.5
Player 59,5930,Off the Dribble,Right,4,maxHipFlexionDominantPostHitch,47.348,35.348,-12.0,ShoulderAlignmentRelease__zwithin,-1.434,-1.147,0.287,maxShoulderFlexionAvgPostHitch,128.416,127.444,-0.972,maxShoulderFlexionNonDominantPostHitch,120.464,119.187,-1.277,timeToMaxElbowFlexionDomDiffPostHitch__zwithin,0.493,0.006,-0.487
Player 59,5931,Catch and Shoot,Right,4,maxHipFlexionDominantPostHitch,44.917,36.785,-8.131,maxShoulderFlexionAvgPostHitch,123.005,124.39,1.385,maxShoulderFlexionNonDominantPostHitch,113.15,114.776,1.626,maxElbowFlexionDominantHitch,116.269,118.595,2.326,maxKneeExtensionNonDominantHitch,-72.224,-68.055,4.169
Player 59,5932,Catch and Shoot,Right,4,maxHipFlexionDominantPostHitch,43.74,36.785,-6.955,maxShoulderFlexionAvgPostHitch,127.284,124.39,-2.894,maxShoulderFlexionNonDominantPostHitch,114.613,114.776,0.163,ShoulderTotalROMDominant,116.089,102.538,-13.551,maxKneeExtensionNonDominantHitch,-72.442,-68.055,4.388
Player 59,5933,Off the Dribble,Right,4,BallVeloRelease,5.621,5.705,0.084,maxHipFlexionDominantPostHitch,40.261,30.811,-9.45,maxShoulderFlexionAvgPostHitch,125.528,127.444,1.916,maxShoulderFlexionNonDominantPostHitch,116.886,119.187,2.301,ShoulderAlignmentRelease__zwithin,-1.445,-1.156,0.289
Player 59,5935,Catch and Shoot,Right,4,maxElbowExtensionDominantPostHitch,7.511,14.937,7.425,maxHipFlexionDominantPostHitch,38.977,36.785,-2.192,maxShoulderFlexionAvgPostHitch,125.021,124.39,-0.631,maxShoulderFlexionNonDominantPostHitch,114.979,114.776,-0.203,timeToMaxShoulderFlexionNonDominantPostHitch,0.458,0.475,0.017
Player 59,5936,Catch and Shoot,Right,4,maxShoulderFlexionAvgPostHitch,125.621,124.39,-1.231,maxShoulderFlexionNonDominantPostHitch,113.647,114.776,1.129,maxHipFlexionDominantPostHitch,38.594,36.785,-1.809,timeToMaxShoulderFlexionNonDominantPostHitch,0.475,0.475,0.0,maxHipExtensionNonDominantPostHitch__zwithin,2.275,0.192,-2.084
Player 59,5937,Catch and Shoot,Right,4,maxHipFlexionDominantPostHitch,42.46,36.785,-5.675,maxElbowExtensionDominantPostHitch,6.801,14.937,8.136,maxShoulderFlexionAvgPostHitch,124.923,124.39,-0.533,maxShoulderFlexionNonDominantPostHitch,113.447,114.776,1.329,maxKneeExtensionNonDominantHitch,-73.468,-68.055,5.413
Player 59,5938,Catch and Shoot,Right,4,maxHipFlexionDominantPostHitch,41.238,36.785,-4.453,maxShoulderFlexionNonDominantPostHitch,116.259,114.776,-1.483,maxShoulderFlexionAvgPostHitch,127.118,124.39,-2.728,maxElbowExtensionDominantPostHitch,8.482,14.937,6.455,maxKneeExtensionNonDominantHitch,-74.239,-68.055,6.184
Player 59,5939,Catch and Shoot,Right,4,maxHipFlexionDominantPostHitch,41.78,36.785,-4.994,maxShoulderFlexionAvgPostHitch,123.988,124.39,0.402,ShoulderAlignmentRelease__zwithin,-1.388,-1.11,0.278,maxShoulderFlexionNonDominantPostHitch,111.668,114.776,3.108,timeToMaxElbowFlexionDomDiffPostHitch__zwithin,0.493,-0.022,-0.515
Player 59,5940,Catch and Shoot,Right,4,HipAlignmentRelease__zwithin,1.325,1.06,-0.265,HipAlignmentPostHitch__zwithin,1.301,1.041,-0.26,HipAlignmentPreHitch__zwithin,1.417,1.134,-0.283,ShoulderAlignmentPostHitch__zwithin,1.357,1.085,-0.271,maxAnklePlantarflexionDomDiffPostHitch,-2.42,-1.936,0.484
Player 59,5941,Catch and Shoot,Right,4,HipAlignmentRelease__zwithin,1.302,1.041,-0.26,HipAlignmentPostHitch__zwithin,1.338,1.071,-0.268,HipAlignmentPreHitch__zwithin,1.39,1.112,-0.278,ShoulderAlignmentPostHitch__zwithin,1.411,1.129,-0.282,maxShoulderFlexionAvgPostHitch,126.83,124.39,-2.44
Player 59,5942,Catch and Shoot,Right,4,BallVeloRelease,5.583,6.126,0.543,HipAlignmentRelease__zwithin,1.353,1.082,-0.271,HipAlignmentPostHitch__zwithin,1.316,1.053,-0.263,maxKneeExtensionDominantHitch,-68.296,-69.083,-0.787,ShoulderAlignmentPostHitch__zwithin,1.411,1.129,-0.282
Player 59,5943,Catch and Shoot,Right,4,HipAlignmentRelease__zwithin,1.359,1.087,-0.272,HipAlignmentPostHitch__zwithin,1.315,1.052,-0.263,HipAlignmentPreHitch__zwithin,1.402,1.122,-0.28,ShoulderAlignmentPostHitch__zwithin,1.378,1.102,-0.276,FeetAlignmentRelease,-138.861,-111.089,27.772
Player 59,5944,Catch and Shoot,Right,4,HipAlignmentRelease__zwithin,1.359,1.087,-0.272,HipAlignmentPostHitch__zwithin,1.34,1.072,-0.268,HipAlignmentPreHitch__zwithin,1.431,1.145,-0.286,ShoulderAlignmentPostHitch__zwithin,1.478,1.183,-0.296,BallVeloStart__zwithin,-2.382,-1.882,0.5
Player 59,5945,Catch and Shoot,Right,4,HipAlignmentRelease__zwithin,1.364,1.091,-0.273,HipAlignmentPreHitch__zwithin,1.405,1.124,-0.281,HipAlignmentPostHitch__zwithin,1.335,1.068,-0.267,maxTorsoFlexionPostHitch,-7.443,-0.949,6.494,maxKneeExtensionAvgPostHitch,-20.88,-18.945,1.935
Player 59,5946,Catch and Shoot,Right,4,HipAlignmentPreHitch__zwithin,1.246,0.997,-0.249,HipAlignmentRelease__zwithin,1.363,1.09,-0.273,HipAlignmentPostHitch__zwithin,1.317,1.054,-0.263,ShoulderAlignmentPostHitch__zwithin,1.38,1.104,-0.276,maxShoulderFlexionAvgPostHitch,126.691,124.39,-2.301
Player 59,5968,Off the Dribble,Right,3,BallVeloRelease,4.649,5.579,0.93,ankleTotalROMAvg,-19.217,-23.06,-3.843,TorsoVeloPostHitch,0.217,0.382,0.165,maxAnklePlantarflexionNonDominantPostHitch,6.247,4.998,-1.249,maxKneeFlexionDominantPreHitch,-40.8,-52.8,-12.0
Player 59,5969,Off the Dribble,Right,3,BallVeloRelease,4.279,5.135,0.856,TorsoVeloPostHitch,-0.07,0.382,0.452,ankleTotalROMAvg,-20.058,-24.07,-4.012,BallVeloRelease__zwithin,-2.787,-2.23,0.557,maxKneeFlexionDominantPreHitch,-39.637,-51.637,-12.0
Player 59,5970,Off the Dribble,Right,4,BallVeloRelease,4.908,5.705,0.796,ankleTotalROMAvg,-17.021,-20.425,-3.404,TorsoVeloPostHitch,0.138,0.382,0.244,maxKneeFlexionDominantPreHitch,-41.441,-53.44,-12.0,BallVeloRelease__zwithin,-1.687,-1.187,0.5
Player 59,5971,Off the Dribble,Right,3,BallVeloRelease,4.967,5.705,0.737,ankleTotalROMAvg,-16.938,-20.326,-3.388,TorsoVeloPostHitch,-0.002,0.382,0.384,maxKneeFlexionDominantPreHitch,-42.908,-54.908,-12.0,BallVeloRelease__zwithin,-1.583,-1.083,0.5
Player 59,5972,Off the Dribble,Right,3,BallVeloRelease,5.205,5.705,0.5,ankleTotalROMAvg,-17.944,-21.533,-3.589,TorsoVeloPostHitch,0.203,0.382,0.179,KneeTotalROMAvg,26.328,31.593,5.265,maxAnklePlantarflexionNonDominantPostHitch,7.931,6.345,-1.586
Player 59,5973,Off the Dribble,Right,3,BallVeloRelease,4.841,5.705,0.864,ankleTotalROMAvg,-19.848,-23.817,-3.97,TorsoVeloPostHitch,0.08,0.382,0.302,maxKneeFlexionDominantPreHitch,-44.898,-55.299,-10.401,BallVeloRelease__zwithin,-1.805,-1.305,0.5
Player 59,5974,Off the Dribble,Right,3,BallVeloRelease,4.762,5.705,0.943,ankleTotalROMAvg,-18.522,-22.227,-3.704,TorsoVeloPostHitch,0.076,0.382,0.306,maxKneeFlexionDominantPreHitch,-44.453,-55.299,-10.846,BallVeloRelease__zwithin,-1.943,-1.443,0.5
Player 59,5975,Off the Dribble,Right,3,BallVeloRelease,4.745,5.694,0.949,ankleTotalROMAvg,-12.696,-15.235,-2.539,TorsoVeloPostHitch,0.021,0.382,0.362,maxKneeFlexionDominantPreHitch,-34.805,-46.805,-12.0,BallVeloRelease__zwithin,-1.972,-1.472,0.5
Player 59,5976,Catch and Shoot,Right,4,maxHipFlexionDominantPostHitch,44.444,36.785,-7.658,maxElbowExtensionDominantPostHitch,6.338,14.937,8.598,maxShoulderFlexionNonDominantPostHitch,119.001,114.776,-4.225,ShoulderTotalROMDominant,102.575,102.538,-0.037,ShoulderAlignmentRelease__zwithin,-1.408,-1.126,0.282
Player 59,5977,Catch and Shoot,Right,4,maxHipFlexionDominantPostHitch,43.756,36.785,-6.971,maxShoulderFlexionNonDominantPostHitch,118.718,114.776,-3.942,maxShoulderFlexionAvgPostHitch,128.645,124.39,-4.255,ShoulderAlignmentPreHitch__zwithin,-0.812,-0.649,0.162,BallVeloRelease,5.968,6.126,0.157
Player 59,5978,Catch and Shoot,Right,4,maxHipFlexionDominantPostHitch,44.331,36.785,-7.545,maxShoulderFlexionNonDominantPostHitch,119.281,114.776,-4.505,maxShoulderFlexionAvgPostHitch,127.841,124.39,-3.451,ShoulderTotalROMDominant,98.953,102.538,3.585,ShoulderAlignmentRelease__zwithin,-1.415,-1.132,0.283
Player 59,5980,Catch and Shoot,Right,4,maxHipFlexionDominantPostHitch,43.507,36.785,-6.721,BallVeloRelease,5.89,6.126,0.236,maxShoulderFlexionNonDominantPostHitch,117.83,114.776,-3.054,maxShoulderFlexionAvgPostHitch,127.718,124.39,-3.328,ShoulderAlignmentRelease__zwithin,-1.419,-1.135,0.284
Player 59,5983,Catch and Shoot,Right,4,maxHipFlexionDominantPostHitch,42.457,36.785,-5.671,BallVeloRelease,5.886,6.126,0.24,maxShoulderFlexionAvgPostHitch,126.749,124.39,-2.359,maxShoulderFlexionNonDominantPostHitch,118.166,114.776,-3.39,ShoulderTotalROMDominant,105.677,102.538,-3.139
Player 59,5984,Catch and Shoot,Right,4,maxHipFlexionDominantPostHitch,42.127,36.785,-5.341,BallVeloRelease,5.757,6.126,0.369,maxShoulderFlexionAvgPostHitch,124.156,124.39,0.234,maxShoulderFlexionNonDominantPostHitch,116.886,114.776,-2.11,ShoulderAlignmentRelease__zwithin,-1.421,-1.137,0.284
Player 59,5986,Catch and Shoot,Right,4,HipAlignmentRelease__zwithin,1.355,1.084,-0.271,HipAlignmentPostHitch__zwithin,1.369,1.095,-0.274,HipAlignmentPreHitch__zwithin,1.508,1.207,-0.302,ShoulderAlignmentPostHitch__zwithin,1.547,1.238,-0.309,maxTorsoFlexionPreHitch__zwithin,-0.893,-0.301,0.593
Player 59,5987,Catch and Shoot,Right,4,HipAlignmentRelease__zwithin,1.273,1.018,-0.255,HipAlignmentPostHitch__zwithin,1.357,1.086,-0.271,HipAlignmentPreHitch__zwithin,1.473,1.178,-0.295,ShoulderAlignmentPostHitch__zwithin,1.427,1.142,-0.285,BallVeloStart__zwithin,-1.054,-0.554,0.5
Player 59,5988,Catch and Shoot,Right,4,HipAlignmentRelease__zwithin,1.315,1.052,-0.263,HipAlignmentPostHitch__zwithin,1.293,1.034,-0.259,HipAlignmentPreHitch__zwithin,1.384,1.107,-0.277,ShoulderAlignmentPostHitch__zwithin,1.434,1.147,-0.287,timeToMaxShoulderFlexionNonDominantPostHitch,0.45,0.475,0.025
Player 59,5989,Catch and Shoot,Right,4,HipAlignmentPostHitch__zwithin,1.371,1.097,-0.274,BallVeloRelease,5.912,6.126,0.214,HipAlignmentRelease__zwithin,1.253,1.002,-0.251,ShoulderAlignmentPostHitch__zwithin,1.505,1.204,-0.301,HipAlignmentPreHitch__zwithin,1.498,1.198,-0.3
Player 59,5990,Catch and Shoot,Right,4,HipAlignmentRelease__zwithin,1.268,1.014,-0.254,HipAlignmentPreHitch__zwithin,1.355,1.084,-0.271,HipAlignmentPostHitch__zwithin,1.401,1.121,-0.28,ShoulderAlignmentPostHitch__zwithin,1.522,1.217,-0.304,timeToMaxElbowExtensionDominantPostHitch,0.475,0.5,0.025
Player 59,5991,Catch and Shoot,Right,4,BallVeloRelease,5.903,6.126,0.223,HipAlignmentRelease__zwithin,1.291,1.033,-0.258,HipAlignmentPostHitch__zwithin,1.396,1.117,-0.279,HipAlignmentPreHitch__zwithin,1.37,1.096,-0.274,maxTorsoExtensionHitch__zwithin,2.661,-0.255,-2.916
Player 59,5992,Catch and Shoot,Right,4,HipAlignmentRelease__zwithin,1.339,1.071,-0.268,HipAlignmentPreHitch__zwithin,1.33,1.064,-0.266,HipAlignmentPostHitch__zwithin,1.386,1.109,-0.277,ShoulderAlignmentPostHitch__zwithin,1.384,1.108,-0.277,FeetAlignmentRelease,-125.93,-100.744,25.186
Player 59,5993,Catch and Shoot,Right,4,HipAlignmentRelease__zwithin,1.328,1.062,-0.266,HipAlignmentPostHitch__zwithin,1.388,1.11,-0.278,HipAlignmentPreHitch__zwithin,1.446,1.156,-0.289,BallVeloRelease,5.998,6.126,0.128,ShoulderAlignmentPostHitch__zwithin,1.487,1.189,-0.297
Player 59,5994,Catch and Shoot,Right,4,HipAlignmentRelease__zwithin,1.264,1.011,-0.253,HipAlignmentPreHitch__zwithin,1.383,1.107,-0.277,HipAlignmentPostHitch__zwithin,1.381,1.105,-0.276,BallVeloRelease,5.968,6.126,0.158,ShoulderAlignmentPostHitch__zwithin,1.518,1.214,-0.304
Player 59,6005,Catch and Shoot,Right,4,maxShoulderFlexionAvgPostHitch,121.391,124.39,2.999,maxKneeExtensionAvgPreHitch__zwithin,0.281,-0.268,-0.549,ShoulderAlignmentPostHitch,-159.34,-127.472,31.868,TorsoTotalROMAvg__zwithin,1.249,0.999,-0.25,maxHipFlexionDominantPostHitch,35.761,36.785,1.024
Player 59,6031,Off the Dribble,Right,3,BallVeloRelease,4.803,5.705,0.901,ankleTotalROMAvg,-17.341,-20.81,-3.468,TorsoVeloPostHitch,-0.02,0.382,0.402,maxKneeFlexionDominantPreHitch,-36.569,-48.569,-12.0,BallVeloRelease__zwithin,-1.87,-1.37,0.5
Player 59,6032,Off the Dribble,Right,3,BallVeloRelease,4.591,5.509,0.918,ankleTotalROMAvg,-20.787,-24.944,-4.157,TorsoVeloPostHitch,0.127,0.382,0.255,maxKneeFlexionDominantPreHitch,-40.157,-52.157,-12.0,BallVeloRelease__zwithin,-2.241,-1.741,0.5
Player 59,6033,Off the Dribble,Right,3,BallVeloRelease,4.555,5.466,0.911,ankleTotalROMAvg,-16.709,-20.051,-3.342,TorsoVeloPostHitch,0.016,0.382,0.366,maxKneeFlexionDominantPreHitch,-38.977,-50.977,-12.0,BallVeloRelease__zwithin,-2.304,-1.804,0.5
Player 59,6034,Off the Dribble,Right,3,BallVeloRelease,4.462,5.355,0.892,ankleTotalROMAvg,-19.549,-23.459,-3.91,TorsoVeloPostHitch,0.343,0.382,0.04,maxKneeFlexionDominantPreHitch,-41.992,-53.992,-12.0,BallVeloRelease__zwithin,-2.467,-1.967,0.5
Player 59,6035,Off the Dribble,Right,3,BallVeloRelease,4.565,5.478,0.913,ankleTotalROMAvg,-18.39,-22.068,-3.678,TorsoVeloPostHitch,0.234,0.382,0.148,BallVeloRelease__zwithin,-2.287,-1.787,0.5,maxKneeFlexionDominantPreHitch,-39.554,-51.554,-12.0
Player 59,6036,Off the Dribble,Right,3,BallVeloRelease,4.329,5.195,0.866,ankleTotalROMAvg,-18.802,-22.563,-3.761,TorsoVeloPostHitch,0.077,0.382,0.306,maxKneeFlexionDominantPreHitch,-40.522,-52.522,-12.0,BallVeloRelease__zwithin,-2.699,-2.159,0.54
Player 59,6037,Off the Dribble,Right,3,BallVeloRelease,4.896,5.705,0.808,ankleTotalROMAvg,-20.298,-24.357,-4.06,TorsoVeloPostHitch,0.028,0.382,0.355,maxKneeFlexionDominantPreHitch,-41.017,-53.018,-12.0,BallVeloRelease__zwithin,-1.707,-1.207,0.5
Player 59,6038,Off the Dribble,Right,4,BallVeloRelease,4.629,5.555,0.926,ankleTotalROMAvg,-18.427,-22.112,-3.685,TorsoVeloPostHitch,0.069,0.382,0.313,maxKneeFlexionDominantPreHitch,-41.0,-53.0,-12.0,BallVeloRelease__zwithin,-2.175,-1.675,0.5
Player 59,6039,Off the Dribble,Right,3,BallVeloRelease,4.756,5.705,0.949,ankleTotalROMAvg,-20.187,-24.224,-4.037,TorsoVeloPostHitch,0.146,0.382,0.236,maxAnklePlantarflexionNonDominantPostHitch,6.188,4.95,-1.238,maxKneeFlexionDominantPreHitch,-41.739,-53.738,-12.0
Player 59,6040,Off the Dribble,Right,3,BallVeloRelease,4.732,5.679,0.946,ankleTotalROMAvg,-16.561,-19.874,-3.312,TorsoVeloPostHitch,-0.007,0.382,0.39,BallVeloRelease__zwithin,-1.994,-1.494,0.5,maxKneeFlexionDominantPreHitch,-39.239,-51.239,-12.0
Player 59,6041,Off the Dribble,Right,3,BallVeloRelease,4.816,5.705,0.889,ankleTotalROMAvg,-17.284,-20.741,-3.457,TorsoVeloPostHitch,0.054,0.382,0.329,maxKneeFlexionDominantPreHitch,-41.721,-53.721,-12.0,KneeTotalROMAvg,25.977,31.173,5.195
Player 59,6042,Off the Dribble,Right,3,BallVeloRelease,4.878,5.705,0.826,ankleTotalROMAvg,-17.636,-21.163,-3.527,TorsoVeloPostHitch,0.296,0.382,0.086,maxKneeFlexionDominantPreHitch,-38.413,-50.413,-12.0,BallVeloRelease__zwithin,-1.739,-1.239,0.5
Player 59,6043,Off the Dribble,Right,3,BallVeloRelease,5.035,5.705,0.67,ankleTotalROMAvg,-18.656,-22.387,-3.731,TorsoVeloPostHitch,0.01,0.382,0.373,BallVeloRelease__zwithin,-1.465,-0.965,0.5,KneeTotalROMAvg,24.563,29.476,4.913
Player 59,6044,Off the Dribble,Right,3,BallVeloRelease,4.632,5.559,0.926,ankleTotalROMAvg,-19.594,-23.513,-3.919,TorsoVeloPostHitch,0.118,0.382,0.264,maxKneeFlexionDominantPreHitch,-41.09,-53.09,-12.0,BallVeloRelease__zwithin,-2.169,-1.669,0.5
Player 59,6045,Off the Dribble,Right,4,BallVeloRelease,5.091,5.705,0.614,ankleTotalROMAvg,-19.632,-23.558,-3.926,TorsoVeloPostHitch,0.055,0.382,0.327,KneeTotalROMAvg,25.582,30.698,5.116,BallVeloRelease__zwithin,-1.367,-0.867,0.5
Player 59,6046,Off the Dribble,Right,3,BallVeloRelease,4.948,5.705,0.757,ankleTotalROMAvg,-17.047,-20.457,-3.409,TorsoVeloPostHitch,0.093,0.382,0.289,maxKneeFlexionDominantPreHitch,-39.2,-51.2,-12.0,KneeTotalROMAvg,23.085,27.702,4.617
Player 59,6047,Off the Dribble,Right,4,BallVeloRelease,4.932,5.705,0.773,ankleTotalROMAvg,-19.371,-23.246,-3.874,TorsoVeloPostHitch,0.064,0.382,0.319,maxKneeFlexionDominantPreHitch,-39.892,-51.892,-12.0,BallVeloRelease__zwithin,-1.646,-1.146,0.5
Player 59,6048,Off the Dribble,Right,3,BallVeloRelease,4.757,5.705,0.948,ankleTotalROMAvg,-16.441,-19.729,-3.288,TorsoVeloPostHitch,-0.013,0.382,0.396,maxKneeFlexionDominantPreHitch,-38.575,-50.575,-12.0,BallVeloRelease__zwithin,-1.951,-1.451,0.5
Player 59,6049,Off the Dribble,Right,3,BallVeloRelease,4.501,5.401,0.9,ankleTotalROMAvg,-6.458,-7.75,-1.292,TorsoVeloPostHitch,0.004,0.382,0.379,BallVeloRelease__zwithin,-2.399,-1.899,0.5,maxAnkleDorsiflexionAvgHitch,7.041,8.449,1.408
Player 59,6050,Off the Dribble,Right,3,BallVeloRelease,3.518,4.222,0.704,TorsoVeloPostHitch,0.015,0.382,0.368,ankleTotalROMAvg,-5.698,-6.838,-1.14,BallVeloRelease__zwithin,-4.119,-3.295,0.824,TorsoVeloRelease__zwithin,-2.97,-2.376,0.594
Player 59,6051,Off the Dribble,Right,3,BallVeloRelease,3.497,4.196,0.699,ankleTotalROMAvg,-5.0,-6.0,-1.0,TorsoVeloPostHitch,0.059,0.382,0.324,BallVeloRelease__zwithin,-4.156,-3.325,0.831,TorsoVeloRelease__zwithin,-2.361,-1.861,0.5
Player 59,6052,Off the Dribble,Right,4,BallVeloRelease,4.41,5.292,0.882,TorsoVeloPostHitch,-0.062,0.382,0.445,ankleTotalROMAvg,-7.757,-9.309,-1.551,BallVeloRelease__zwithin,-2.558,-2.047,0.512,MaxStanceGapHitch,0.198,0.237,0.04
Player 59,6053,Off the Dribble,Right,4,BallVeloRelease,4.795,5.705,0.91,ankleTotalROMAvg,-8.781,-10.538,-1.756,TorsoVeloPostHitch,0.193,0.382,0.189,BallVeloRelease__zwithin,-1.885,-1.385,0.5,MaxStanceGapHitch,0.203,0.243,0.041
Player 59,6054,Off the Dribble,Right,3,BallVeloRelease,4.242,5.09,0.848,ankleTotalROMAvg,-6.466,-7.76,-1.293,TorsoVeloPostHitch,0.067,0.382,0.316,BallVeloRelease__zwithin,-2.853,-2.282,0.571,maxAnkleDorsiflexionAvgHitch,6.93,8.316,1.386
Player 59,6055,Off the Dribble,Right,3,BallVeloRelease,4.448,5.338,0.89,ankleTotalROMAvg,-19.616,-23.54,-3.923,TorsoVeloPostHitch,-0.112,0.382,0.495,maxKneeFlexionDominantPreHitch,-40.962,-52.962,-12.0,BallVeloRelease__zwithin,-2.491,-1.991,0.5
Player 59,6056,Off the Dribble,Right,3,BallVeloRelease,4.688,5.626,0.938,ankleTotalROMAvg,-20.027,-24.033,-4.005,TorsoVeloPostHitch,0.009,0.382,0.373,maxAnklePlantarflexionNonDominantPostHitch,6.085,4.868,-1.217,BallVeloRelease__zwithin,-2.072,-1.572,0.5
Player 59,6057,Off the Dribble,Right,3,BallVeloRelease,4.741,5.689,0.948,ankleTotalROMAvg,-20.976,-25.171,-4.195,TorsoVeloPostHitch,0.17,0.382,0.213,maxKneeFlexionDominantPreHitch,-41.582,-53.582,-12.0,BallVeloRelease__zwithin,-1.979,-1.479,0.5
Player 59,6058,Off the Dribble,Right,3,BallVeloRelease,4.983,5.705,0.721,ankleTotalROMAvg,-19.645,-23.574,-3.929,TorsoVeloPostHitch,0.015,0.382,0.367,maxKneeFlexionDominantPreHitch,-42.391,-54.391,-12.0,BallVeloRelease__zwithin,-1.555,-1.055,0.5
Player 59,6059,Off the Dribble,Right,3,BallVeloRelease,4.581,5.497,0.916,ankleTotalROMAvg,-18.741,-22.489,-3.748,TorsoVeloPostHitch,-0.124,0.376,0.5,maxKneeFlexionDominantPreHitch,-40.141,-52.141,-12.0,KneeTotalROMAvg,26.265,31.518,5.253
Player 59,6060,Off the Dribble,Right,3,BallVeloRelease,4.164,4.997,0.833,TorsoVeloPostHitch,-0.037,0.382,0.42,ankleTotalROMAvg,-18.465,-22.157,-3.693,maxKneeFlexionDominantPreHitch,-40.58,-52.58,-12.0,BallVeloRelease__zwithin,-2.989,-2.391,0.598
Player 59,6061,Off the Dribble,Right,3,BallVeloRelease,4.861,5.705,0.844,ankleTotalROMAvg,-18.605,-22.325,-3.721,TorsoVeloPostHitch,0.036,0.382,0.346,maxKneeFlexionDominantPreHitch,-43.387,-55.299,-11.912,KneeTotalROMAvg,27.786,33.343,5.557
Player 59,6062,Off the Dribble,Right,3,BallVeloRelease,4.617,5.54,0.923,ankleTotalROMAvg,-20.293,-24.351,-4.058,TorsoVeloPostHitch,0.288,0.382,0.095,maxKneeFlexionDominantPreHitch,-41.784,-53.784,-12.0,BallVeloRelease__zwithin,-2.196,-1.696,0.5
Player 59,6063,Off the Dribble,Right,3,BallVeloRelease,4.75,5.7,0.95,ankleTotalROMAvg,-18.166,-21.799,-3.633,TorsoVeloPostHitch,0.166,0.382,0.216,maxKneeFlexionDominantPreHitch,-43.354,-55.299,-11.945,BallVeloRelease__zwithin,-1.963,-1.463,0.5
Player 59,6064,Off the Dribble,Right,3,BallVeloRelease,4.747,5.697,0.949,ankleTotalROMAvg,-20.896,-25.076,-4.179,TorsoVeloPostHitch,0.053,0.382,0.33,maxKneeFlexionDominantPreHitch,-41.66,-53.66,-12.0,BallVeloRelease__zwithin,-1.968,-1.468,0.5
Player 59,6065,Off the Dribble,Right,3,BallVeloRelease,4.731,5.677,0.946,ankleTotalROMAvg,-23.425,-28.11,-4.685,TorsoVeloPostHitch,0.003,0.382,0.38,maxKneeFlexionDominantPreHitch,-39.664,-51.664,-12.0,BallVeloRelease__zwithin,-1.997,-1.497,0.5
Player 59,6066,Off the Dribble,Right,3,BallVeloRelease,4.446,5.335,0.889,ankleTotalROMAvg,-19.266,-23.119,-3.853,TorsoVeloPostHitch,0.046,0.382,0.336,maxKneeFlexionDominantPreHitch,-42.269,-54.268,-12.0,BallVeloRelease__zwithin,-2.496,-1.996,0.5
Player 59,6067,Off the Dribble,Right,3,BallVeloRelease,4.644,5.573,0.929,ankleTotalROMAvg,-21.3,-25.56,-4.26,TorsoVeloPostHitch,0.067,0.382,0.316,BallVeloRelease__zwithin,-2.149,-1.649,0.5,maxKneeFlexionDominantPreHitch,-41.922,-53.922,-12.0
Player 59,6068,Off the Dribble,Right,3,BallVeloRelease,4.323,5.187,0.865,ankleTotalROMAvg,-20.098,-24.118,-4.02,TorsoVeloPostHitch,-0.073,0.382,0.456,maxKneeFlexionDominantPreHitch,-39.44,-51.44,-12.0,BallVeloRelease__zwithin,-2.711,-2.169,0.542
Player 59,6069,Off the Dribble,Right,4,BallVeloRelease,4.923,5.705,0.782,ankleTotalROMAvg,-18.715,-22.458,-3.743,TorsoVeloPostHitch,0.128,0.382,0.254,maxKneeFlexionDominantPreHitch,-41.102,-53.102,-12.0,KneeTotalROMAvg,27.412,32.895,5.482
Player 59,6070,Off the Dribble,Right,4,BallVeloRelease,4.501,5.401,0.9,ankleTotalROMAvg,-23.059,-27.671,-4.612,TorsoVeloPostHitch,-0.013,0.382,0.396,maxKneeFlexionDominantPreHitch,-34.339,-46.339,-12.0,BallVeloRelease__zwithin,-2.4,-1.9,0.5
Player 59,6071,Off the Dribble,Right,4,BallVeloRelease,4.49,5.389,0.898,ankleTotalROMAvg,-23.272,-27.927,-4.654,TorsoVeloPostHitch,0.062,0.382,0.321,maxKneeFlexionDominantPreHitch,-29.721,-41.721,-12.0,KneeTotalROMAvg,21.152,25.382,4.23
Player 59,6072,Off the Dribble,Right,4,BallVeloRelease,4.55,5.46,0.91,ankleTotalROMAvg,-24.525,-29.43,-4.905,TorsoVeloPostHitch,0.092,0.382,0.29,maxKneeFlexionDominantPreHitch,-34.42,-46.42,-12.0,BallVeloRelease__zwithin,-2.313,-1.813,0.5
Player 59,6073,Off the Dribble,Right,4,BallVeloRelease,4.893,5.705,0.812,ankleTotalROMAvg,-25.646,-30.775,-5.129,TorsoVeloPostHitch,0.142,0.382,0.24,maxKneeFlexionDominantPreHitch,-35.046,-47.046,-12.0,BallVeloRelease__zwithin,-1.714,-1.214,0.5
Player 59,6074,Off the Dribble,Right,4,BallVeloRelease,4.934,5.705,0.771,TorsoVeloPostHitch,0.043,0.382,0.339,ankleTotalROMAvg,-24.578,-29.494,-4.916,maxKneeFlexionDominantPreHitch,-37.974,-49.974,-12.0,BallVeloRelease__zwithin,-1.642,-1.142,0.5
Player 59,6075,Off the Dribble,Right,4,BallVeloRelease,5.078,5.705,0.626,ankleTotalROMAvg,-24.091,-28.91,-4.818,TorsoVeloPostHitch,0.123,0.382,0.259,BallVeloRelease__zwithin,-1.389,-0.889,0.5,maxAnklePlantarflexionNonDominantPostHitch,-1.571,-1.885,-0.314
Player 59,6076,Off the Dribble,Right,3,BallVeloRelease,4.641,5.569,0.928,ankleTotalROMAvg,-21.27,-25.523,-4.254,TorsoVeloPostHitch,0.046,0.382,0.337,BallVeloRelease__zwithin,-2.154,-1.654,0.5,maxKneeFlexionDominantPreHitch,-29.443,-41.443,-12.0
Player 59,6077,Off the Dribble,Right,4,BallVeloRelease,4.348,5.217,0.87,ankleTotalROMAvg,-20.775,-24.93,-4.155,TorsoVeloPostHitch,0.074,0.382,0.308,BallVeloRelease__zwithin,-2.668,-2.134,0.534,maxKneeFlexionDominantPreHitch,-32.829,-44.829,-12.0
Player 59,6078,Off the Dribble,Right,3,BallVeloRelease,4.727,5.673,0.945,TorsoVeloPostHitch,-0.062,0.382,0.444,ankleTotalROMAvg,-25.299,-30.359,-5.06,maxKneeFlexionDominantPreHitch,-33.411,-45.411,-12.0,BallVeloRelease__zwithin,-2.003,-1.503,0.5
Player 59,6079,Catch and Shoot,Right,4,HipAlignmentPreHitch__zwithin,1.383,1.107,-0.277,HipAlignmentPostHitch__zwithin,1.407,1.125,-0.281,HipAlignmentRelease__zwithin,1.324,1.059,-0.265,ShoulderAlignmentPostHitch__zwithin,1.509,1.207,-0.302,BallVeloRelease,5.978,6.126,0.148
Player 59,6080,Catch and Shoot,Right,4,HipAlignmentRelease__zwithin,1.315,1.052,-0.263,HipAlignmentPostHitch__zwithin,1.368,1.094,-0.274,HipAlignmentPreHitch__zwithin,1.43,1.144,-0.286,TorsoVeloPostHitch,0.395,0.771,0.375,ShoulderAlignmentPostHitch__zwithin,1.47,1.176,-0.294
Player 59,6081,Catch and Shoot,Right,4,HipAlignmentRelease__zwithin,1.332,1.065,-0.266,HipAlignmentPreHitch__zwithin,1.478,1.182,-0.296,HipAlignmentPostHitch__zwithin,1.363,1.09,-0.273,ShoulderAlignmentPostHitch__zwithin,1.501,1.201,-0.3,TorsoVeloPostHitch,0.459,0.771,0.312
Player 59,6082,Catch and Shoot,Right,4,BallVeloRelease,5.786,6.126,0.34,HipAlignmentRelease__zwithin,1.285,1.028,-0.257,HipAlignmentPreHitch__zwithin,1.495,1.196,-0.299,HipAlignmentPostHitch__zwithin,1.345,1.076,-0.269,maxTorsoFlexionPreHitch__zwithin,-1.018,-0.301,0.717
Player 59,6084,Catch and Shoot,Right,4,BallVeloRelease,5.799,6.126,0.326,HipAlignmentRelease__zwithin,1.315,1.052,-0.263,maxKneeExtensionDominantHitch,-69.426,-69.083,0.343,HipAlignmentPreHitch__zwithin,1.449,1.159,-0.29,ShoulderAlignmentPostHitch__zwithin,1.45,1.16,-0.29
Player 59,6085,Catch and Shoot,Right,4,HipAlignmentRelease__zwithin,1.363,1.09,-0.273,HipAlignmentPostHitch__zwithin,1.328,1.062,-0.266,ShoulderAlignmentPostHitch__zwithin,1.502,1.202,-0.3,maxKneeExtensionDominantHitch,-70.168,-69.083,1.085,HipAlignmentPreHitch__zwithin,1.45,1.16,-0.29
Player 59,6093,Catch and Shoot,Right,4,BallVeloRelease,5.595,6.126,0.53,maxHipFlexionDominantPostHitch,41.498,36.785,-4.712,maxElbowExtensionDominantPostHitch,6.931,14.937,8.005,maxShoulderFlexionNonDominantPostHitch,115.023,114.776,-0.247,maxShoulderFlexionAvgPostHitch,126.248,124.39,-1.858
Player 59,6097,Catch and Shoot,Right,4,maxShoulderFlexionNonDominantPostHitch,117.142,114.776,-2.366,maxShoulderFlexionAvgPostHitch,124.512,124.39,-0.122,maxHipFlexionDominantPostHitch,39.221,36.785,-2.435,ShoulderTotalROMDominant,97.014,102.538,5.524,TorsoVeloPostHitch,0.438,0.771,0.333
Player 59,6098,Off the Dribble,Right,4,BallVeloRelease,5.75,5.705,-0.045,maxHipFlexionDominantPostHitch,40.147,30.811,-9.336,maxShoulderFlexionNonDominantPostHitch,118.204,119.187,0.984,maxShoulderFlexionAvgPostHitch,126.906,127.444,0.537,ShoulderTotalROMDominant,98.901,105.087,6.186
Player 59,6105,Catch and Shoot,Right,4,BallVeloRelease,5.465,6.126,0.66,maxShoulderFlexionAvgPostHitch,122.269,124.39,2.121,maxShoulderFlexionNonDominantPostHitch,113.255,114.776,1.521,ShoulderTotalROMDominant,100.808,102.538,1.73,maxHipFlexionDominantPostHitch,38.066,36.785,-1.281
Player 59,6107,Catch and Shoot,Right,4,HipAlignmentPostHitch__zwithin,1.329,1.064,-0.266,HipAlignmentRelease__zwithin,1.383,1.106,-0.277,HipAlignmentPreHitch__zwithin,1.373,1.098,-0.275,ShoulderAlignmentPostHitch__zwithin,1.429,1.144,-0.286,TorsoVeloPostHitch,0.43,0.771,0.341
Player 59,6109,Catch and Shoot,Right,4,BallVeloRelease,5.823,6.126,0.303,HipAlignmentRelease__zwithin,1.375,1.1,-0.275,HipAlignmentPostHitch__zwithin,1.375,1.1,-0.275,ShoulderAlignmentPostHitch__zwithin,1.511,1.208,-0.302,HipAlignmentPreHitch__zwithin,1.476,1.181,-0.295
Player 59,6110,Catch and Shoot,Right,4,BallVeloRelease,5.683,6.126,0.443,HipAlignmentRelease__zwithin,1.41,1.128,-0.282,HipAlignmentPostHitch__zwithin,1.341,1.073,-0.268,TorsoVeloPostHitch,0.351,0.771,0.42,HipAlignmentPreHitch__zwithin,1.508,1.206,-0.302
Player 59,6111,Catch and Shoot,Right,4,HipAlignmentRelease__zwithin,1.346,1.077,-0.269,HipAlignmentPostHitch__zwithin,1.352,1.081,-0.27,HipAlignmentPreHitch__zwithin,1.445,1.156,-0.289,ShoulderAlignmentPostHitch__zwithin,1.425,1.14,-0.285,timeToMaxElbowExtensionDominantPostHitch,0.483,0.5,0.017
Player 59,6112,Off the Dribble,Right,4,BallVeloRelease,5.896,5.705,-0.192,HipAlignmentRelease__zwithin,1.316,1.053,-0.263,HipAlignmentPostHitch__zwithin,1.345,1.076,-0.269,HipAlignmentPreHitch__zwithin,1.432,1.146,-0.286,TorsoVeloPostHitch,0.223,0.382,0.159
Player 59,6113,Off the Dribble,Right,4,HipAlignmentRelease__zwithin,1.365,1.092,-0.273,HipAlignmentPreHitch__zwithin,1.498,1.198,-0.3,HipAlignmentPostHitch__zwithin,1.375,1.1,-0.275,ShoulderAlignmentPostHitch__zwithin,1.436,1.148,-0.287,maxKneeExtensionDominantHitch,-69.765,-59.383,10.382
Player 59,6115,Off the Dribble,Right,4,BallVeloRelease,5.839,5.705,-0.134,HipAlignmentRelease__zwithin,1.346,1.077,-0.269,maxElbowExtensionDominantPostHitch,7.543,17.816,10.273,HipAlignmentPreHitch__zwithin,1.437,1.15,-0.287,ShoulderAlignmentPostHitch__zwithin,1.423,1.138,-0.285
Player 59,6117,Catch and Shoot,Right,4,HipAlignmentRelease__zwithin,1.348,1.078,-0.27,BallVeloRelease,5.91,6.126,0.215,HipAlignmentPostHitch__zwithin,1.349,1.079,-0.27,ShoulderAlignmentPostHitch__zwithin,1.506,1.205,-0.301,HipAlignmentPreHitch__zwithin,1.462,1.169,-0.292
Player 59,6118,Off the Dribble,Right,4,HipAlignmentRelease__zwithin,1.331,1.065,-0.266,maxHipFlexionDominantPostHitch,39.627,30.811,-8.815,HipAlignmentPostHitch__zwithin,1.331,1.065,-0.266,ShoulderAlignmentPostHitch__zwithin,1.446,1.157,-0.289,maxKneeExtensionDominantHitch,-71.126,-59.383,11.743
Player 59,6119,Catch and Shoot,Right,4,HipAlignmentRelease__zwithin,1.314,1.051,-0.263,HipAlignmentPostHitch__zwithin,1.336,1.069,-0.267,HipAlignmentPreHitch__zwithin,1.473,1.178,-0.295,ShoulderAlignmentPostHitch__zwithin,1.516,1.212,-0.303,maxShoulderFlexionAvgPostHitch,126.978,124.39,-2.588
Player 59,6120,Catch and Shoot,Right,4,BallVeloRelease,5.805,6.126,0.321,HipAlignmentPostHitch__zwithin,1.37,1.096,-0.274,HipAlignmentRelease__zwithin,1.287,1.03,-0.257,HipAlignmentPreHitch__zwithin,1.472,1.178,-0.294,ShoulderAlignmentPostHitch__zwithin,1.493,1.194,-0.299
Player 59,6121,Catch and Shoot,Right,4,BallVeloRelease,5.886,6.126,0.24,HipAlignmentRelease__zwithin,1.397,1.117,-0.279,HipAlignmentPostHitch__zwithin,1.424,1.139,-0.285,HipAlignmentPreHitch__zwithin,1.472,1.178,-0.294,ShoulderAlignmentPostHitch__zwithin,1.517,1.213,-0.303
Player 59,6122,Off the Dribble,Right,4,BallVeloRelease,5.772,5.705,-0.068,HipAlignmentRelease__zwithin,1.357,1.085,-0.271,HipAlignmentPostHitch__zwithin,1.33,1.064,-0.266,TorsoVeloPostHitch,0.331,0.382,0.052,ShoulderAlignmentPostHitch__zwithin,1.52,1.216,-0.304
Player 59,6123,Off the Dribble,Right,4,BallVeloRelease,5.713,5.705,-0.008,maxKneeExtensionDominantHitch,-68.869,-59.383,9.486,ShoulderAlignmentPostHitch__zwithin,1.509,1.207,-0.302,HipAlignmentRelease__zwithin,1.337,1.07,-0.267,HipAlignmentPostHitch__zwithin,1.426,1.141,-0.285
Player 59,6125,Off the Dribble,Right,4,BallVeloRelease,5.853,5.705,-0.148,HipAlignmentPostHitch__zwithin,1.339,1.071,-0.268,HipAlignmentRelease__zwithin,1.263,1.011,-0.253,maxTorsoFlexionPostHitch,-6.485,0.031,6.516,maxTorsoFlexionPreHitch__zwithin,-2.027,0.746,2.773
Player 59,6126,Catch and Shoot,Right,4,BallVeloRelease,5.789,6.126,0.337,maxHipFlexionDominantPostHitch,40.505,36.785,-3.72,HipAlignmentRelease__zwithin,1.325,1.06,-0.265,HipAlignmentPostHitch__zwithin,1.348,1.078,-0.27,HipAlignmentPreHitch__zwithin,1.455,1.164,-0.291
Player 59,6128,Catch and Shoot,Right,4,BallVeloRelease,5.827,6.126,0.299,HipAlignmentRelease__zwithin,1.289,1.031,-0.258,HipAlignmentPostHitch__zwithin,1.374,1.099,-0.275,HipAlignmentPreHitch__zwithin,1.523,1.218,-0.305,BallVeloRelease__zwithin,-0.08,0.42,0.5
Player 59,6129,Catch and Shoot,Right,4,BallVeloRelease,5.718,6.126,0.408,HipAlignmentRelease__zwithin,1.335,1.068,-0.267,HipAlignmentPostHitch__zwithin,1.371,1.097,-0.274,TorsoVeloPostHitch,0.381,0.771,0.39,HipAlignmentPreHitch__zwithin,1.487,1.189,-0.297
Player 59,6131,Catch and Shoot,Right,4,BallVeloRelease,5.822,6.126,0.304,HipAlignmentRelease__zwithin,1.308,1.047,-0.262,HipAlignmentPostHitch__zwithin,1.405,1.124,-0.281,HipAlignmentPreHitch__zwithin,1.513,1.21,-0.303,ShoulderAlignmentPostHitch__zwithin,1.608,1.286,-0.322
Player 59,6132,Off the Dribble,Right,4,BallVeloRelease,5.75,5.705,-0.045,HipAlignmentRelease__zwithin,1.33,1.064,-0.266,HipAlignmentPostHitch__zwithin,1.408,1.127,-0.282,maxTorsoFlexionPreHitch__zwithin,-1.454,0.746,2.2,HipAlignmentPreHitch__zwithin,1.486,1.189,-0.297
Player 59,6134,Catch and Shoot,Right,4,BallVeloRelease,5.857,6.126,0.269,HipAlignmentPostHitch__zwithin,1.372,1.097,-0.274,HipAlignmentRelease__zwithin,1.304,1.043,-0.261,HipAlignmentPreHitch__zwithin,1.471,1.176,-0.294,timeToMaxElbowExtensionDomDiffPostHitch,0.042,0.008,-0.034
Player 59,6135,Catch and Shoot,Right,4,BallVeloRelease,5.509,6.126,0.616,HipAlignmentRelease__zwithin,1.328,1.062,-0.266,HipAlignmentPostHitch__zwithin,1.398,1.119,-0.28,TorsoVeloPostHitch,0.365,0.771,0.406,BallVeloRelease__zwithin,-0.635,-0.135,0.5
Player 59,6136,Catch and Shoot,Right,4,HipAlignmentPostHitch__zwithin,1.41,1.128,-0.282,HipAlignmentRelease__zwithin,1.32,1.056,-0.264,HipAlignmentPreHitch__zwithin,1.43,1.144,-0.286,ShoulderAlignmentPostHitch__zwithin,1.462,1.169,-0.292,KneeTotalROMAvg,48.542,55.584,7.042
Player 59,6137,Catch and Shoot,Right,4,BallVeloRelease,5.786,6.126,0.34,HipAlignmentRelease__zwithin,1.298,1.038,-0.26,HipAlignmentPostHitch__zwithin,1.375,1.1,-0.275,HipAlignmentPreHitch__zwithin,1.511,1.209,-0.302,ShoulderAlignmentPostHitch__zwithin,1.51,1.208,-0.302
Player 59,6138,Catch and Shoot,Right,4,HipAlignmentPostHitch__zwithin,1.326,1.061,-0.265,HipAlignmentRelease__zwithin,1.296,1.037,-0.259,HipAlignmentPreHitch__zwithin,1.426,1.14,-0.285,maxShoulderFlexionAvgPostHitch,127.245,124.39,-2.855,ShoulderAlignmentPostHitch__zwithin,1.521,1.217,-0.304
Player 59,6139,Off the Dribble,Right,4,HipAlignmentPostHitch__zwithin,1.401,1.121,-0.28,HipAlignmentRelease__zwithin,1.3,1.04,-0.26,ShoulderAlignmentPostHitch__zwithin,1.535,1.228,-0.307,maxTorsoFlexionPreHitch__zwithin,-1.406,0.746,2.152,maxShoulderFlexionAvgPostHitch,125.811,127.444,1.632
Player 59,6140,Catch and Shoot,Right,4,HipAlignmentRelease__zwithin,1.35,1.08,-0.27,HipAlignmentPostHitch__zwithin,1.371,1.097,-0.274,timeToMaxShoulderFlexionNonDominantPostHitch,0.433,0.475,0.042,maxTorsoFlexionPreHitch__zwithin,-1.306,-0.301,1.005,HipAlignmentPreHitch__zwithin,1.448,1.158,-0.29
Player 59,6141,Catch and Shoot,Right,4,HipAlignmentPostHitch__zwithin,1.399,1.119,-0.28,HipAlignmentRelease__zwithin,1.332,1.065,-0.266,maxKneeFlexionDominantPreHitch,-54.524,-66.524,-12.0,ShoulderAlignmentPostHitch__zwithin,1.471,1.177,-0.294,maxTorsoFlexionPreHitch__zwithin,-1.866,-0.301,1.565
Player 59,6143,Catch and Shoot,Right,4,HipAlignmentPostHitch__zwithin,1.415,1.132,-0.283,HipAlignmentRelease__zwithin,1.318,1.054,-0.264,HipAlignmentPreHitch__zwithin,1.495,1.196,-0.299,maxTorsoFlexionPreHitch__zwithin,-1.214,-0.301,0.914,ShoulderAlignmentPostHitch__zwithin,1.444,1.155,-0.289
Player 59,6144,Catch and Shoot,Right,4,HipAlignmentPostHitch__zwithin,1.368,1.095,-0.274,HipAlignmentRelease__zwithin,1.338,1.07,-0.268,HipAlignmentPreHitch__zwithin,1.517,1.214,-0.303,BallVeloStart__zwithin,-1.676,-1.176,0.5,timeToMaxElbowExtensionDomDiffPostHitch,0.041,0.008,-0.033
Player 59,6145,Off the Dribble,Right,3,BallVeloRelease,4.822,5.705,0.882,ankleTotalROMAvg,-18.125,-21.75,-3.625,TorsoVeloPostHitch,0.123,0.382,0.259,BallVeloRelease__zwithin,-1.837,-1.337,0.5,maxKneeFlexionDominantPreHitch,-33.47,-45.47,-12.0
Player 59,6146,Off the Dribble,Right,3,BallVeloRelease,4.47,5.364,0.894,ankleTotalROMAvg,-18.412,-22.094,-3.682,TorsoVeloPostHitch,-0.041,0.382,0.423,maxKneeFlexionDominantPreHitch,-35.161,-47.162,-12.0,maxAnklePlantarflexionNonDominantPostHitch,5.775,4.62,-1.155
Player 59,6147,Off the Dribble,Right,3,BallVeloRelease,4.631,5.557,0.926,ankleTotalROMAvg,-18.352,-22.023,-3.67,TorsoVeloPostHitch,-0.033,0.382,0.416,maxKneeFlexionDominantPreHitch,-34.644,-46.644,-12.0,BallVeloRelease__zwithin,-2.172,-1.672,0.5
Player 59,6148,Off the Dribble,Right,3,BallVeloRelease,4.575,5.49,0.915,ankleTotalROMAvg,-19.866,-23.84,-3.973,TorsoVeloPostHitch,0.012,0.382,0.37,maxKneeFlexionDominantPreHitch,-32.928,-44.928,-12.0,BallVeloRelease__zwithin,-2.27,-1.77,0.5
Player 59,6149,Off the Dribble,Right,3,BallVeloRelease,4.676,5.611,0.935,ankleTotalROMAvg,-18.691,-22.429,-3.738,TorsoVeloPostHitch,0.104,0.382,0.279,maxKneeFlexionDominantPreHitch,-40.018,-52.018,-12.0,BallVeloRelease__zwithin,-2.094,-1.594,0.5
Player 59,6158,Off the Dribble,Right,4,BallVeloRelease,5.693,5.705,0.012,HipAlignmentPreHitch__zwithin,1.388,1.11,-0.278,HipAlignmentPostHitch__zwithin,1.436,1.149,-0.287,HipAlignmentRelease__zwithin,1.282,1.026,-0.256,maxShoulderFlexionAvgPostHitch,120.802,127.444,6.641
Player 59,6160,Off the Dribble,Right,4,ShoulderAlignmentPostHitch__zwithin,1.47,1.176,-0.294,HipAlignmentPostHitch__zwithin,1.358,1.086,-0.272,maxKneeExtensionDominantHitch,-68.299,-59.383,8.916,HipAlignmentRelease__zwithin,1.361,1.089,-0.272,BallVeloStart__zwithin,-0.967,-0.467,0.5
Player 59,6164,Off the Dribble,Right,4,HipAlignmentPreHitch__zwithin,1.242,0.994,-0.248,HipAlignmentRelease__zwithin,1.439,1.151,-0.288,BallVeloRelease,5.861,5.705,-0.156,timeToMaxHipExtensionNonDominantPostHitch,0.35,0.587,0.237,HipAlignmentPostHitch__zwithin,1.298,1.039,-0.26
Player 59,6167,Off the Dribble,Right,4,BallVeloRelease,5.439,5.705,0.265,HipAlignmentRelease__zwithin,1.311,1.049,-0.262,HipAlignmentPreHitch__zwithin,1.349,1.079,-0.27,HipAlignmentPostHitch__zwithin,1.352,1.082,-0.27,BallVeloRelease__zwithin,-0.757,-0.293,0.464
Player 59,6169,Off the Dribble,Right,4,BallVeloRelease,5.858,5.705,-0.153,HipAlignmentRelease__zwithin,1.531,1.225,-0.306,HipAlignmentPreHitch__zwithin,1.507,1.206,-0.301,HipAlignmentPostHitch__zwithin,1.456,1.164,-0.291,maxAnklePlantarflexionDomDiffPostHitch,-8.457,-6.766,1.691
Player 59,6170,Catch and Shoot,Right,4,HipAlignmentPostHitch__zwithin,1.443,1.154,-0.289,HipAlignmentPreHitch__zwithin,1.409,1.127,-0.282,ankleFlexionAtT0Avg,26.898,18.131,-8.766,HipAlignmentRelease__zwithin,1.354,1.083,-0.271,maxTorsoFlexionPreHitch__zwithin,-1.491,-0.301,1.19
Player 59,6172,Catch and Shoot,Right,4,maxHipFlexionDominantPostHitch,41.891,36.785,-5.106,maxShoulderFlexionNonDominantPostHitch,119.002,114.776,-4.226,ShoulderTotalROMDominant,106.112,102.538,-3.574,maxShoulderFlexionAvgPostHitch,129.229,124.39,-4.839,timeToMaxShoulderFlexionNonDominantPostHitch,0.475,0.475,0.0
Player 59,6174,Catch and Shoot,Right,4,BallVeloRelease,5.367,6.126,0.759,maxElbowExtensionDominantPostHitch,4.668,14.937,10.269,maxHipFlexionDominantPostHitch,45.128,36.785,-8.343,ShoulderAlignmentRelease__zwithin,-1.452,-1.162,0.29,BallVeloRelease__zwithin,-0.884,-0.384,0.5
Player 59,6178,Off the Dribble,Right,4,maxHipFlexionDominantPostHitch,47.514,35.514,-12.0,BallVeloRelease,5.891,5.705,-0.187,maxShoulderFlexionNonDominantPostHitch,118.177,119.187,1.01,ShoulderAlignmentRelease__zwithin,-1.482,-1.186,0.296,maxShoulderFlexionAvgPostHitch,129.108,127.444,-1.664
Player 59,6181,Off the Dribble,Right,4,BallVeloRelease,5.628,5.705,0.077,ShoulderAlignmentRelease__zwithin,-1.44,-1.152,0.288,maxShoulderFlexionNonDominantPostHitch,120.349,119.187,-1.161,ShoulderTotalROMDominant,87.135,104.562,17.427,maxShoulderFlexionAvgPostHitch,126.871,127.444,0.573
Player 59,6182,Catch and Shoot,Right,4,BallVeloRelease,5.216,6.126,0.91,maxHipFlexionDominantPostHitch,40.326,36.785,-3.541,ShoulderAlignmentRelease__zwithin,-1.425,-1.14,0.285,timeToMaxShoulderFlexionDominantPostHitch,0.45,0.5,0.05,maxShoulderFlexionAvgPostHitch,124.796,124.39,-0.406
Player 59,6185,Off the Dribble,Right,3,BallVeloRelease,4.482,5.379,0.896,TorsoVeloPostHitch,0.01,0.382,0.373,ankleTotalROMAvg,-24.806,-29.768,-4.961,maxKneeFlexionDominantPreHitch,-33.063,-45.063,-12.0,BallVeloRelease__zwithin,-2.432,-1.932,0.5
Player 59,6186,Off the Dribble,Right,4,BallVeloRelease,4.415,5.298,0.883,ankleTotalROMAvg,-25.433,-30.52,-5.087,TorsoVeloPostHitch,0.143,0.382,0.239,maxKneeFlexionDominantPreHitch,-31.718,-43.718,-12.0,KneeTotalROMAvg,20.81,24.972,4.162
Player 59,6187,Off the Dribble,Right,4,BallVeloRelease,4.594,5.513,0.919,ankleTotalROMAvg,-25.901,-31.081,-5.18,TorsoVeloPostHitch,0.226,0.382,0.156,maxKneeFlexionDominantPreHitch,-36.476,-48.476,-12.0,BallVeloRelease__zwithin,-2.237,-1.737,0.5
Player 59,6188,Off the Dribble,Right,4,BallVeloRelease,4.421,5.305,0.884,ankleTotalROMAvg,-23.199,-27.838,-4.64,TorsoVeloPostHitch,0.165,0.382,0.217,maxKneeFlexionDominantPreHitch,-30.468,-42.468,-12.0,BallVeloRelease__zwithin,-2.539,-2.032,0.508
Player 59,6189,Off the Dribble,Right,3,BallVeloRelease,4.779,5.705,0.925,ankleTotalROMAvg,-21.063,-25.276,-4.213,TorsoVeloPostHitch,0.168,0.382,0.215,maxKneeFlexionDominantPreHitch,-33.483,-45.483,-12.0,BallVeloRelease__zwithin,-1.912,-1.412,0.5
Player 59,6191,Off the Dribble,Right,4,maxShoulderFlexionAvgPostHitch,121.572,127.444,5.871,maxHipFlexionDominantPostHitch,41.303,30.811,-10.492,BallVeloRelease,5.901,5.705,-0.196,ShoulderAlignmentRelease__zwithin,-1.496,-1.196,0.299,maxShoulderFlexionNonDominantPostHitch,114.112,119.187,5.076
Player 59,6192,Off the Dribble,Right,4,BallVeloRelease,5.625,5.705,0.08,maxHipFlexionDominantPostHitch,39.746,30.811,-8.935,ShoulderTotalROMDominant,95.52,105.087,9.567,maxShoulderFlexionNonDominantPostHitch,120.396,119.187,-1.209,maxShoulderFlexionAvgPostHitch,129.417,127.444,-1.974
Player 59,6194,Catch and Shoot,Right,4,maxHipFlexionDominantPostHitch,41.588,36.785,-4.803,BallVeloRelease,5.758,6.126,0.367,maxShoulderFlexionNonDominantPostHitch,114.789,114.776,-0.013,ShoulderTotalROMDominant,96.455,102.538,6.083,ShoulderAlignmentRelease__zwithin,-1.406,-1.125,0.281
Player 59,6197,Catch and Shoot,Right,4,maxHipFlexionDominantPostHitch,41.207,36.785,-4.422,BallVeloRelease,5.829,6.126,0.297,ShoulderAlignmentRelease__zwithin,-1.43,-1.144,0.286,ShoulderTotalROMDominant,94.699,102.538,7.839,maxShoulderFlexionNonDominantPostHitch,117.097,114.776,-2.321
Player 59,6198,Catch and Shoot,Right,4,BallVeloRelease,5.66,6.126,0.466,maxHipFlexionDominantPostHitch,39.334,36.785,-2.549,ShoulderTotalROMDominant,90.005,102.538,12.533,maxShoulderFlexionAvgPostHitch,126.091,124.39,-1.7,maxShoulderFlexionNonDominantPostHitch,117.875,114.776,-3.099
Player 59,6199,Off the Dribble,Right,4,BallVeloRelease,5.766,5.705,-0.061,maxShoulderFlexionNonDominantPostHitch,115.392,119.187,3.795,maxHipFlexionDominantPostHitch,38.887,30.811,-8.076,maxShoulderFlexionAvgPostHitch,126.009,127.444,1.435,ShoulderTotalROMDominant,103.801,105.087,1.286
Player 59,6241,Catch and Shoot,Right,4,BallVeloRelease,5.71,6.126,0.416,ShoulderTotalROMDominant,74.323,89.187,14.865,maxShoulderFlexionAvgPostHitch,114.49,124.39,9.901,maxElbowFlexionDominantPostHitch,112.663,117.954,5.291,BallVeloRelease__zwithin,-0.283,0.217,0.5
Player 59,6256,Off the Dribble,Right,4,BallVeloRelease,5.894,5.705,-0.19,HipAlignmentRelease__zwithin,1.343,1.075,-0.269,HipAlignmentPostHitch__zwithin,1.348,1.078,-0.27,HipAlignmentPreHitch__zwithin,1.472,1.177,-0.294,maxTorsoFlexionPreHitch__zwithin,-1.445,0.746,2.191
Player 59,6257,Catch and Shoot,Right,4,HipAlignmentRelease__zwithin,1.353,1.082,-0.271,HipAlignmentPostHitch__zwithin,1.37,1.096,-0.274,ShoulderAlignmentPostHitch__zwithin,1.457,1.165,-0.291,maxKneeExtensionDominantHitch,-69.035,-69.083,-0.049,maxTorsoFlexionPreHitch__zwithin,-1.175,-0.301,0.875
Player 59,6258,Off the Dribble,Right,4,BallVeloRelease,5.764,5.705,-0.06,HipAlignmentRelease__zwithin,1.294,1.035,-0.259,HipAlignmentPostHitch__zwithin,1.292,1.033,-0.258,HipAlignmentPreHitch__zwithin,1.456,1.165,-0.291,ShoulderAlignmentPostHitch__zwithin,1.408,1.127,-0.282
Player 59,6259,Catch and Shoot,Right,4,HipAlignmentPostHitch__zwithin,1.262,1.01,-0.252,HipAlignmentPreHitch__zwithin,1.3,1.04,-0.26,HipAlignmentRelease__zwithin,1.378,1.102,-0.276,ShoulderAlignmentPostHitch__zwithin,1.373,1.099,-0.275,ShoulderTotalROMDominant,86.91,102.538,15.628
Player 59,6260,Catch and Shoot,Right,4,BallVeloRelease,5.836,6.126,0.289,HipAlignmentRelease__zwithin,1.322,1.057,-0.264,maxKneeFlexionDominantPreHitch,-54.264,-66.264,-12.0,ShoulderAlignmentPostHitch__zwithin,1.44,1.152,-0.288,maxTorsoFlexionPreHitch__zwithin,-1.581,-0.301,1.28
Player 59,6261,Catch and Shoot,Right,4,BallVeloRelease,5.891,6.126,0.234,HipAlignmentPostHitch__zwithin,1.347,1.078,-0.269,HipAlignmentRelease__zwithin,1.302,1.041,-0.26,HipAlignmentPreHitch__zwithin,1.463,1.17,-0.293,ShoulderAlignmentPostHitch__zwithin,1.475,1.18,-0.295
Player 59,6262,Off the Dribble,Right,4,BallVeloRelease,5.664,5.705,0.04,HipAlignmentRelease__zwithin,1.308,1.047,-0.262,HipAlignmentPreHitch__zwithin,1.454,1.163,-0.291,HipAlignmentPostHitch__zwithin,1.344,1.075,-0.269,ShoulderAlignmentPostHitch__zwithin,1.577,1.262,-0.315
Player 59,6263,Catch and Shoot,Right,4,HipAlignmentRelease__zwithin,1.327,1.062,-0.265,maxKneeFlexionDominantPreHitch,-54.465,-66.464,-12.0,ShoulderAlignmentPostHitch__zwithin,1.523,1.219,-0.305,TorsoVeloPostHitch,0.349,0.771,0.422,HipAlignmentPostHitch__zwithin,1.34,1.072,-0.268
Player 59,6264,Off the Dribble,Right,3,BallVeloRelease,4.935,5.705,0.769,ankleTotalROMAvg,-19.05,-22.86,-3.81,TorsoVeloPostHitch,0.124,0.382,0.258,maxKneeFlexionDominantPreHitch,-32.883,-44.883,-12.0,BallVeloRelease__zwithin,-1.639,-1.139,0.5
Player 59,6265,Off the Dribble,Right,3,BallVeloRelease,4.411,5.293,0.882,ankleTotalROMAvg,-18.533,-22.239,-3.707,TorsoVeloPostHitch,0.005,0.382,0.377,maxKneeFlexionDominantPreHitch,-34.71,-46.71,-12.0,BallVeloRelease__zwithin,-2.557,-2.045,0.511
Player 59,6266,Off the Dribble,Right,3,BallVeloRelease,4.501,5.401,0.9,ankleTotalROMAvg,-16.263,-19.516,-3.253,TorsoVeloPostHitch,0.053,0.382,0.329,maxKneeFlexionDominantPreHitch,-32.316,-44.316,-12.0,BallVeloRelease__zwithin,-2.399,-1.899,0.5
Player 59,6267,Off the Dribble,Right,3,BallVeloRelease,4.428,5.313,0.886,ankleTotalROMAvg,-15.012,-18.014,-3.002,TorsoVeloPostHitch,0.16,0.382,0.222,maxKneeFlexionDominantPreHitch,-28.84,-40.84,-12.0,KneeTotalROMAvg,18.983,22.779,3.797
Player 59,6268,Off the Dribble,Right,4,BallVeloRelease,4.633,5.56,0.927,ankleTotalROMAvg,-15.959,-19.151,-3.192,TorsoVeloPostHitch,0.074,0.382,0.308,maxKneeFlexionDominantPreHitch,-28.459,-40.46,-12.0,BallVeloRelease__zwithin,-2.168,-1.668,0.5
Player 59,6269,Off the Dribble,Right,4,BallVeloRelease,4.575,5.491,0.915,ankleTotalROMAvg,-19.489,-23.387,-3.898,TorsoVeloPostHitch,0.264,0.382,0.118,maxKneeFlexionDominantPreHitch,-29.212,-41.212,-12.0,KneeTotalROMAvg,20.939,25.126,4.188
Player 59,6270,Off the Dribble,Right,3,BallVeloRelease,4.463,5.356,0.893,ankleTotalROMAvg,-17.066,-20.479,-3.413,TorsoVeloPostHitch,0.184,0.382,0.199,maxKneeFlexionDominantPreHitch,-26.514,-38.514,-12.0,BallVeloRelease__zwithin,-2.465,-1.965,0.5
Player 59,6271,Off the Dribble,Right,3,BallVeloRelease,4.95,5.705,0.755,ankleTotalROMAvg,-19.43,-23.316,-3.886,TorsoVeloPostHitch,0.141,0.382,0.242,maxKneeFlexionDominantPreHitch,-30.864,-42.864,-12.0,BallVeloRelease__zwithin,-1.614,-1.114,0.5
Player 59,6272,Off the Dribble,Right,3,BallVeloRelease,4.492,5.391,0.898,ankleTotalROMAvg,-18.336,-22.003,-3.667,TorsoVeloPostHitch,0.132,0.382,0.251,maxKneeFlexionDominantPreHitch,-29.618,-41.618,-12.0,BallVeloRelease__zwithin,-2.415,-1.915,0.5
Player 59,6273,Off the Dribble,Right,4,BallVeloRelease,4.885,5.705,0.819,ankleTotalROMAvg,-18.023,-21.628,-3.605,TorsoVeloPostHitch,0.141,0.382,0.241,maxKneeFlexionDominantPreHitch,-34.056,-46.056,-12.0,KneeTotalROMAvg,22.643,27.172,4.529
Player 59,6274,Off the Dribble,Right,4,BallVeloRelease,4.43,5.316,0.886,ankleTotalROMAvg,-18.749,-22.498,-3.75,TorsoVeloPostHitch,0.117,0.382,0.266,maxKneeFlexionDominantPreHitch,-27.285,-39.285,-12.0,KneeTotalROMAvg,18.488,22.186,3.698
Player 59,6275,Off the Dribble,Right,3,BallVeloRelease,4.843,5.705,0.862,ankleTotalROMAvg,-17.733,-21.279,-3.547,TorsoVeloPostHitch,0.045,0.382,0.337,BallVeloRelease__zwithin,-1.801,-1.301,0.5,maxKneeFlexionDominantPreHitch,-30.805,-42.805,-12.0
Player 59,6276,Off the Dribble,Right,4,BallVeloRelease,4.855,5.705,0.849,ankleTotalROMAvg,-20.077,-24.093,-4.015,TorsoVeloPostHitch,0.1,0.382,0.282,maxKneeFlexionDominantPreHitch,-29.84,-41.84,-12.0,KneeTotalROMAvg,20.679,24.815,4.136
Player 59,6277,Off the Dribble,Right,3,BallVeloRelease,4.442,5.33,0.888,ankleTotalROMAvg,-17.494,-20.993,-3.499,TorsoVeloPostHitch,0.093,0.382,0.289,maxKneeFlexionDominantPreHitch,-26.593,-38.593,-12.0,BallVeloRelease__zwithin,-2.502,-2.002,0.5
Player 59,6278,Off the Dribble,Right,4,BallVeloRelease,4.709,5.651,0.942,ankleTotalROMAvg,-16.034,-19.24,-3.207,TorsoVeloPostHitch,0.019,0.382,0.363,maxKneeFlexionDominantPreHitch,-27.098,-39.098,-12.0,BallVeloRelease__zwithin,-2.034,-1.534,0.5
Player 59,6279,Off the Dribble,Right,4,BallVeloRelease,4.735,5.682,0.947,ankleTotalROMAvg,-15.894,-19.072,-3.179,TorsoVeloPostHitch,0.104,0.382,0.278,maxKneeFlexionDominantPreHitch,-28.082,-40.082,-12.0,BallVeloRelease__zwithin,-1.99,-1.49,0.5
Player 59,6280,Off the Dribble,Right,3,BallVeloRelease,4.507,5.408,0.901,ankleTotalROMAvg,-17.042,-20.45,-3.408,TorsoVeloPostHitch,-0.005,0.382,0.388,maxKneeFlexionDominantPreHitch,-32.886,-44.886,-12.0,KneeTotalROMAvg,22.828,27.393,4.566
Player 59,6281,Off the Dribble,Right,4,BallVeloRelease,4.811,5.705,0.893,ankleTotalROMAvg,-16.814,-20.177,-3.363,TorsoVeloPostHitch,-0.025,0.382,0.407,maxKneeFlexionDominantPreHitch,-32.57,-44.57,-12.0,BallVeloRelease__zwithin,-1.856,-1.356,0.5
Player 59,6282,Off the Dribble,Right,4,BallVeloRelease,4.555,5.466,0.911,ankleTotalROMAvg,-15.69,-18.828,-3.138,TorsoVeloPostHitch,0.02,0.382,0.362,maxKneeFlexionDominantPreHitch,-29.317,-41.317,-12.0,BallVeloRelease__zwithin,-2.305,-1.805,0.5
Player 59,6283,Off the Dribble,Right,3,BallVeloRelease,4.452,5.342,0.89,ankleTotalROMAvg,-15.867,-19.041,-3.174,TorsoVeloPostHitch,-0.075,0.382,0.457,maxKneeFlexionDominantPreHitch,-27.105,-39.106,-12.0,BallVeloRelease__zwithin,-2.485,-1.985,0.5
Player 59,6284,Off the Dribble,Right,4,BallVeloRelease,4.628,5.553,0.926,ankleTotalROMAvg,-16.772,-20.126,-3.354,TorsoVeloPostHitch,-0.156,0.344,0.5,maxKneeFlexionDominantPreHitch,-27.765,-39.765,-12.0,BallVeloRelease__zwithin,-2.178,-1.678,0.5
Player 59,6285,Off the Dribble,Right,3,BallVeloRelease,3.852,4.622,0.77,TorsoVeloPostHitch,0.016,0.382,0.366,ankleTotalROMAvg,-8.831,-10.598,-1.766,maxShoulderFlexionDomDiffHitch,-82.336,-70.336,12.0,timeToMaxAnkleDorsiflexionDomDiffHitch,0.159,0.127,-0.032
Player 59,6286,Off the Dribble,Right,3,BallVeloRelease,4.877,5.705,0.828,ankleTotalROMAvg,-18.445,-22.134,-3.689,TorsoVeloPostHitch,-0.013,0.382,0.395,BallVeloRelease__zwithin,-1.741,-1.241,0.5,maxKneeFlexionDominantPreHitch,-37.314,-49.314,-12.0
Player 59,6287,Off the Dribble,Right,3,BallVeloRelease,4.649,5.578,0.93,ankleTotalROMAvg,-16.326,-19.592,-3.265,TorsoVeloPostHitch,-0.034,0.382,0.417,BallVeloRelease__zwithin,-2.141,-1.641,0.5,maxKneeFlexionDominantPreHitch,-37.408,-49.408,-12.0
Player 59,6288,Off the Dribble,Right,3,BallVeloRelease,4.933,5.705,0.772,ankleTotalROMAvg,-20.097,-24.117,-4.019,TorsoVeloPostHitch,0.002,0.382,0.381,maxKneeFlexionDominantPreHitch,-36.457,-48.457,-12.0,BallVeloRelease__zwithin,-1.643,-1.143,0.5
Player 59,6289,Off the Dribble,Right,3,BallVeloRelease,4.686,5.623,0.937,ankleTotalROMAvg,-18.419,-22.103,-3.684,TorsoVeloPostHitch,0.061,0.382,0.321,BallVeloRelease__zwithin,-2.075,-1.575,0.5,maxKneeFlexionDominantPreHitch,-31.946,-43.946,-12.0
Player 59,6290,Off the Dribble,Right,4,maxKneeExtensionDominantHitch,-70.543,-59.383,11.159,ShoulderAlignmentPostHitch__zwithin,1.373,1.099,-0.275,HipAlignmentPreHitch__zwithin,1.382,1.105,-0.276,HipAlignmentRelease__zwithin,1.337,1.069,-0.267,HipAlignmentPostHitch__zwithin,1.312,1.049,-0.262
Player 59,6291,Off the Dribble,Right,4,maxHipFlexionDominantPostHitch,42.319,30.811,-11.508,HipAlignmentRelease__zwithin,1.338,1.07,-0.268,HipAlignmentPreHitch__zwithin,1.367,1.094,-0.273,HipAlignmentPostHitch__zwithin,1.297,1.037,-0.259,BallVeloRelease,5.89,5.705,-0.186
Player 59,6292,Off the Dribble,Right,4,BallVeloRelease,5.903,5.705,-0.199,HipAlignmentPreHitch__zwithin,1.382,1.105,-0.276,HipAlignmentRelease__zwithin,1.364,1.091,-0.273,HipAlignmentPostHitch__zwithin,1.339,1.071,-0.268,maxKneeExtensionDominantHitch,-70.12,-59.383,10.737
Player 59,6293,Off the Dribble,Right,4,HipAlignmentPreHitch__zwithin,1.299,1.039,-0.26,HipAlignmentPostHitch__zwithin,1.348,1.079,-0.27,HipAlignmentRelease__zwithin,1.344,1.075,-0.269,ShoulderAlignmentPostHitch__zwithin,1.386,1.108,-0.277,maxKneeExtensionDominantHitch,-69.235,-59.383,9.851
Player 59,6294,Off the Dribble,Right,4,TorsoVeloPostHitch,0.011,0.382,0.371,maxHipFlexionDominantPostHitch,43.096,31.096,-12.0,HipAlignmentPreHitch__zwithin,1.281,1.025,-0.256,HipAlignmentRelease__zwithin,1.286,1.029,-0.257,HipAlignmentPostHitch__zwithin,1.332,1.065,-0.266
Player 59,6295,Off the Dribble,Right,4,BallVeloRelease,5.659,5.705,0.046,TorsoVeloPostHitch,-0.025,0.382,0.407,HipAlignmentPreHitch__zwithin,1.356,1.085,-0.271,HipAlignmentPostHitch__zwithin,1.331,1.065,-0.266,HipAlignmentRelease__zwithin,1.357,1.086,-0.271
Player 59,6296,Off the Dribble,Right,4,HipAlignmentRelease__zwithin,1.353,1.082,-0.271,HipAlignmentPreHitch__zwithin,1.359,1.087,-0.272,maxHipFlexionDominantPostHitch,40.277,30.811,-9.466,HipAlignmentPostHitch__zwithin,1.34,1.072,-0.268,maxKneeExtensionDominantHitch,-73.507,-61.507,12.0
Player 59,6297,Off the Dribble,Right,4,maxHipFlexionDominantPostHitch,42.219,30.811,-11.408,HipAlignmentRelease__zwithin,1.421,1.136,-0.284,HipAlignmentPreHitch__zwithin,1.323,1.059,-0.265,HipAlignmentPostHitch__zwithin,1.323,1.059,-0.265,ShoulderAlignmentPostHitch__zwithin,1.397,1.117,-0.279
Player 59,6298,Catch and Shoot,Right,4,maxHipFlexionDominantPostHitch,43.467,36.785,-6.681,HipAlignmentRelease__zwithin,1.328,1.062,-0.266,HipAlignmentPreHitch__zwithin,1.321,1.057,-0.264,HipAlignmentPostHitch__zwithin,1.3,1.04,-0.26,maxKneeExtensionDominantHitch,-72.715,-69.083,3.632
Player 59,6301,Catch and Shoot,Right,4,HipAlignmentPreHitch__zwithin,1.021,0.816,-0.204,HipAlignmentRelease__zwithin,0.994,0.795,-0.199,HipAlignmentPostHitch__zwithin,1.047,0.838,-0.209,maxHipFlexionDominantPostHitch,39.119,36.785,-2.334,ShoulderAlignmentPostHitch__zwithin,0.976,0.781,-0.195
Player 59,6305,Catch and Shoot,Right,4,BallVeloRelease,5.893,6.126,0.233,ShoulderTotalROMDominant,87.173,102.538,15.365,maxShoulderFlexionAvgPostHitch,120.622,124.39,3.768,timeToMaxAnkleDorsiflexionNonDominantHitch,0.091,0.109,0.018,BallVeloRelease__zwithin,0.037,0.444,0.407
Player 59,6306,Catch and Shoot,Right,4,maxShoulderFlexionAvgPostHitch,121.337,124.39,3.053,HipAlignmentRelease__zwithin,0.003,0.002,-0.001,timeToMaxAnkleDorsiflexionNonDominantHitch,0.108,0.13,0.022,ShoulderTotalROMDominant,87.856,102.538,14.682,maxElbowFlexionDominantPostHitch,112.084,117.954,5.87
Player 59,6308,Catch and Shoot,Right,4,BallVeloRelease,5.819,6.126,0.306,maxShoulderFlexionAvgPostHitch,119.99,124.39,4.4,HipAlignmentRelease__zwithin,-0.025,-0.02,0.005,ShoulderTotalROMDominant,100.712,102.538,1.826,BallVeloRelease__zwithin,-0.092,0.408,0.5
Player 59,6311,Off the Dribble,Right,4,maxShoulderFlexionAvgPostHitch,122.571,127.444,4.872,TorsoVeloPostHitch,0.374,0.382,0.008,ShoulderAlignmentPostHitch,-157.003,-125.602,31.401,maxAnklePlantarflexionNonDominantPostHitch,-19.221,-18.034,1.187,maxKneeExtensionDominantHitch,-73.486,-61.486,12.0
Player 59,6313,Catch and Shoot,Right,4,BallVeloRelease,5.765,6.126,0.361,maxShoulderFlexionAvgPostHitch,120.879,124.39,3.511,ShoulderTotalROMDominant,97.363,102.538,5.175,BallVeloRelease__zwithin,-0.187,0.313,0.5,timeToMaxShoulderFlexionNonDominantPostHitch,0.475,0.475,0.0
Player 59,6323,Off the Dribble,Right,4,TorsoVeloPostHitch,0.16,0.382,0.222,maxShoulderFlexionAvgPostHitch,122.158,127.444,5.286,maxHipFlexionDominantPostHitch,40.85,30.811,-10.039,HipAlignmentHitch__zwithin,-0.857,-0.685,0.171,ShoulderAlignmentPostHitch,141.913,170.296,28.383
Player 59,6342,Catch and Shoot,Right,4,BallVeloRelease,5.622,6.126,0.504,maxShoulderFlexionAvgPostHitch,120.021,124.39,4.369,maxHipFlexionDominantPostHitch,39.405,36.785,-2.62,maxShoulderFlexionNonDominantPostHitch,115.311,114.776,-0.534,ShoulderAlignmentRelease__zwithin,-1.428,-1.142,0.286
Player 59,6343,Catch and Shoot,Right,4,maxHipFlexionDominantPostHitch,39.542,36.785,-2.757,maxShoulderFlexionNonDominantPostHitch,114.542,114.776,0.234,maxShoulderFlexionAvgPostHitch,124.906,124.39,-0.516,ShoulderTotalROMDominant,95.725,102.538,6.813,TorsoVeloPostHitch,0.459,0.771,0.312
Player 59,6346,Catch and Shoot,Right,4,maxHipFlexionDominantPostHitch,40.808,36.785,-4.022,maxShoulderFlexionNonDominantPostHitch,118.921,114.776,-4.145,maxElbowExtensionDominantPostHitch,7.555,14.937,7.382,BallVeloRelease,5.92,6.126,0.205,ShoulderTotalROMDominant,109.492,102.538,-6.954
Player 59,6347,Catch and Shoot,Right,4,maxShoulderFlexionNonDominantPostHitch,121.141,114.776,-6.365,maxHipFlexionDominantPostHitch,39.142,36.785,-2.357,BallVeloRelease,5.882,6.126,0.244,ShoulderTotalROMDominant,90.65,102.538,11.888,ShoulderAlignmentRelease__zwithin,-1.391,-1.113,0.278
Player 59,6377,Catch and Shoot,Right,4,BallVeloRelease,5.912,6.126,0.214,maxShoulderFlexionAvgPostHitch,121.241,124.39,3.149,ShoulderTotalROMDominant,94.327,102.538,8.211,BallVeloRelease__zwithin,0.069,0.444,0.374,timeToMaxShoulderFlexionNonDominantPostHitch,0.459,0.475,0.016
Player 59,6400,Catch and Shoot,Right,4,HipAlignmentPreHitch__zwithin,1.037,0.83,-0.207,BallVeloRelease,5.904,6.126,0.221,HipAlignmentRelease__zwithin,0.944,0.755,-0.189,HipAlignmentPostHitch__zwithin,0.997,0.798,-0.199,maxShoulderFlexionAvgPostHitch,121.112,124.39,3.278
Player 59,6407,Off the Dribble,Right,4,BallVeloRelease,5.819,5.705,-0.115,HipAlignmentPostHitch__zwithin,1.273,1.019,-0.255,HipAlignmentRelease__zwithin,1.305,1.044,-0.261,TorsoVeloPostHitch,0.375,0.382,0.008,maxKneeFlexionDominantPreHitch,-53.773,-55.299,-1.525
Player 59,6408,Off the Dribble,Right,4,TorsoVeloPostHitch,-0.178,0.322,0.5,BallVeloRelease,5.934,5.705,-0.229,HipAlignmentPreHitch__zwithin,1.381,1.105,-0.276,HipAlignmentPostHitch__zwithin,1.362,1.089,-0.272,HipAlignmentRelease__zwithin,1.395,1.116,-0.279
Player 59,6410,Catch and Shoot,Right,4,HipAlignmentRelease__zwithin,1.413,1.13,-0.283,HipAlignmentPostHitch__zwithin,1.352,1.082,-0.27,HipAlignmentPreHitch__zwithin,1.472,1.177,-0.294,TorsoVeloPostHitch,0.331,0.771,0.44,ShoulderAlignmentPostHitch__zwithin,1.463,1.171,-0.293
Player 59,6412,Off the Dribble,Right,4,HipAlignmentRelease__zwithin,1.385,1.108,-0.277,ShoulderAlignmentPostHitch__zwithin,1.411,1.128,-0.282,HipAlignmentPreHitch__zwithin,1.419,1.135,-0.284,HipAlignmentPostHitch__zwithin,1.305,1.044,-0.261,maxKneeExtensionDominantHitch,-68.64,-59.383,9.257
Player 59,6413,Off the Dribble,Right,3,BallVeloRelease,4.828,5.705,0.876,ankleTotalROMAvg,-18.137,-21.764,-3.627,TorsoVeloPostHitch,0.01,0.382,0.373,maxKneeFlexionDominantPreHitch,-34.908,-46.908,-12.0,BallVeloRelease__zwithin,-1.826,-1.326,0.5
Player 59,6414,Off the Dribble,Right,4,BallVeloRelease,5.042,5.705,0.663,ankleTotalROMAvg,-24.074,-28.889,-4.815,TorsoVeloPostHitch,0.029,0.382,0.354,BallVeloRelease__zwithin,-1.453,-0.953,0.5,KneeTotalROMAvg,23.197,27.836,4.639
Player 59,6415,Off the Dribble,Right,3,BallVeloRelease,4.966,5.705,0.739,ankleTotalROMAvg,-19.9,-23.88,-3.98,TorsoVeloPostHitch,0.123,0.382,0.259,maxKneeFlexionDominantPreHitch,-29.736,-41.736,-12.0,BallVeloRelease__zwithin,-1.586,-1.086,0.5
Player 59,6416,Off the Dribble,Right,4,ankleTotalROMAvg,-20.169,-24.202,-4.034,BallVeloRelease,5.447,5.705,0.257,TorsoVeloPostHitch,0.14,0.382,0.243,KneeTotalROMAvg,20.15,24.18,4.03,maxAnklePlantarflexionNonDominantPostHitch,2.795,2.236,-0.559
Player 59,6419,Off the Dribble,Right,4,maxHipFlexionDominantPostHitch,40.438,30.811,-9.627,HipAlignmentRelease__zwithin,1.321,1.056,-0.264,HipAlignmentPostHitch__zwithin,1.292,1.034,-0.258,TorsoVeloPostHitch,0.174,0.382,0.209,HipAlignmentPreHitch__zwithin,1.429,1.143,-0.286
Player 59,6422,Off the Dribble,Right,4,KneeTotalROMAvg,40.813,47.325,6.511,HipAlignmentPostHitch__zwithin,1.34,1.072,-0.268,HipAlignmentRelease__zwithin,1.342,1.073,-0.268,TorsoVeloPostHitch,0.357,0.382,0.025,maxTorsoFlexionPreHitch__zwithin,-1.153,0.746,1.899
Player 59,6423,Off the Dribble,Right,4,HipAlignmentRelease__zwithin,1.401,1.121,-0.28,HipAlignmentPostHitch__zwithin,1.346,1.077,-0.269,KneeTotalROMAvg,42.285,47.325,5.04,BallVeloRelease,5.951,5.705,-0.246,BallVeloRelease__zwithin,0.138,-0.293,-0.431
Player 59,6425,Off the Dribble,Right,4,HipAlignmentPostHitch__zwithin,1.32,1.056,-0.264,HipAlignmentRelease__zwithin,1.274,1.019,-0.255,maxKneeFlexionDominantPreHitch,-49.671,-55.299,-5.628,ShoulderAlignmentPostHitch__zwithin,1.373,1.098,-0.275,KneeTotalROMAvg,45.635,47.325,1.69
Player 59,6426,Off the Dribble,Right,4,HipAlignmentPostHitch__zwithin,1.315,1.052,-0.263,HipAlignmentRelease__zwithin,1.289,1.031,-0.258,KneeTotalROMAvg,43.591,47.325,3.734,timeToMaxShoulderFlexionNonDominantPostHitch,0.45,0.592,0.142,BallVeloRelease__zwithin,0.204,-0.293,-0.497
Player 59,6427,Off the Dribble,Right,4,HipAlignmentRelease__zwithin,1.376,1.1,-0.275,HipAlignmentPostHitch__zwithin,1.317,1.053,-0.263,HipAlignmentPreHitch__zwithin,1.405,1.124,-0.281,TorsoVeloPostHitch,0.476,0.382,-0.094,maxShoulderFlexionAvgPostHitch,126.38,127.444,1.064
Player 59,6463,Off the Dribble,Right,4,maxKneeFlexionDominantPreHitch,-54.554,-55.299,-0.745,maxShoulderFlexionNonDominantPostHitch,116.319,119.187,2.869,maxHipFlexionDominantPostHitch,36.802,30.811,-5.991,maxShoulderFlexionAvgPostHitch,126.011,127.444,1.433,ShoulderTotalROMDominant,96.633,105.087,8.454
Player 59,6464,Off the Dribble,Right,4,maxKneeFlexionDominantPreHitch,-51.325,-55.299,-3.974,maxElbowExtensionDominantPostHitch,7.78,17.816,10.036,maxShoulderFlexionNonDominantPostHitch,118.514,119.187,0.674,TorsoVeloPostHitch,0.404,0.382,-0.022,maxHipFlexionDominantPostHitch,38.422,30.811,-7.611
Player 59,6465,Off the Dribble,Right,4,maxShoulderFlexionNonDominantPostHitch,118.267,119.187,0.921,maxShoulderFlexionAvgPostHitch,127.406,127.444,0.037,maxHipFlexionDominantPostHitch,35.186,30.811,-4.375,ShoulderTotalROMDominant,100.297,105.087,4.79,ShoulderAlignmentRelease__zwithin,-1.457,-1.165,0.291
Player 59,6467,Catch and Shoot,Right,4,maxTorsoFlexionPreHitch__zwithin,-1.178,-0.301,0.877,maxShoulderFlexionNonDominantPostHitch,114.596,114.776,0.18,maxShoulderFlexionAvgPostHitch,126.347,124.39,-1.957,maxHipFlexionDominantPostHitch,36.431,36.785,0.355,ShoulderTotalROMDominant,114.279,102.538,-11.741
Player 59,6468,Off the Dribble,Right,4,maxElbowExtensionDominantPostHitch,4.791,16.791,12.0,ShoulderAlignmentRelease__zwithin,-1.357,-1.086,0.271,maxShoulderFlexionNonDominantPostHitch,118.022,119.187,1.165,timeToMaxElbowFlexionDomDiffPostHitch__zwithin,0.493,0.006,-0.487,maxKneeFlexionDominantPreHitch,-54.721,-55.299,-0.577
Player 59,6470,Off the Dribble,Right,4,maxKneeFlexionDominantPreHitch,-50.725,-55.299,-4.573,maxShoulderFlexionNonDominantPostHitch,116.016,119.187,3.171,maxHipFlexionDominantPostHitch,35.879,30.811,-5.067,ShoulderTotalROMDominant,99.332,105.087,5.755,maxShoulderFlexionAvgPostHitch,126.302,127.444,1.142
Player 59,6471,Off the Dribble,Right,4,maxShoulderFlexionNonDominantPostHitch,117.665,119.187,1.522,maxShoulderFlexionAvgPostHitch,126.443,127.444,1.001,ShoulderTotalROMDominant,102.768,105.087,2.319,BallVeloStart__zwithin,-1.015,-0.515,0.5,maxHipFlexionDominantPostHitch,35.698,30.811,-4.887
Player 59,6472,Catch and Shoot,Right,4,maxElbowExtensionDominantPostHitch,7.018,14.937,7.919,maxShoulderFlexionNonDominantPostHitch,120.805,114.776,-6.029,maxHipFlexionDominantPostHitch,37.046,36.785,-0.26,ShoulderTotalROMDominant,109.865,102.538,-7.327,ShoulderAlignmentRelease__zwithin,-1.432,-1.145,0.286
Player 59,6474,Catch and Shoot,Right,4,maxElbowExtensionDominantPostHitch,7.465,14.937,7.472,maxShoulderFlexionNonDominantPostHitch,117.61,114.776,-2.834,maxShoulderFlexionAvgPostHitch,129.09,124.39,-4.7,ShoulderTotalROMDominant,109.082,102.538,-6.544,BallVeloRelease,5.986,6.126,0.14
Player 59,6478,Off the Dribble,Right,3,BallVeloRelease,4.696,5.635,0.939,ankleTotalROMAvg,-17.268,-20.722,-3.454,TorsoVeloPostHitch,0.067,0.382,0.316,BallVeloRelease__zwithin,-2.058,-1.558,0.5,maxKneeFlexionDominantPreHitch,-27.422,-39.422,-12.0
Player 59,6479,Off the Dribble,Right,3,BallVeloRelease,4.837,5.705,0.868,ankleTotalROMAvg,-21.917,-26.3,-4.383,TorsoVeloPostHitch,0.133,0.382,0.25,BallVeloRelease__zwithin,-1.811,-1.311,0.5,maxAnklePlantarflexionNonDominantPostHitch,-5.28,-6.336,-1.056
Player 59,6480,Off the Dribble,Right,3,BallVeloRelease,4.798,5.705,0.906,ankleTotalROMAvg,-21.97,-26.364,-4.394,TorsoVeloPostHitch,0.082,0.382,0.3,maxKneeFlexionDominantPreHitch,-29.064,-41.064,-12.0,KneeTotalROMAvg,21.856,26.227,4.371
Player 59,6481,Off the Dribble,Right,3,BallVeloRelease,4.665,5.598,0.933,ankleTotalROMAvg,-22.88,-27.456,-4.576,TorsoVeloPostHitch,0.281,0.382,0.101,BallVeloRelease__zwithin,-2.112,-1.612,0.5,maxKneeFlexionDominantPreHitch,-30.03,-42.03,-12.0
Player 59,6482,Off the Dribble,Right,3,BallVeloRelease,4.618,5.541,0.924,ankleTotalROMAvg,-20.207,-24.248,-4.041,TorsoVeloPostHitch,0.173,0.382,0.209,maxKneeFlexionDominantPreHitch,-29.601,-41.601,-12.0,KneeTotalROMAvg,18.381,22.057,3.676
Player 59,6483,Off the Dribble,Right,3,BallVeloRelease,4.699,5.639,0.94,ankleTotalROMAvg,-22.741,-27.289,-4.548,TorsoVeloPostHitch,0.021,0.382,0.362,maxKneeFlexionDominantPreHitch,-24.426,-36.426,-12.0,BallVeloRelease__zwithin,-2.052,-1.552,0.5
Player 59,6484,Off the Dribble,Right,3,BallVeloRelease,4.757,5.705,0.948,ankleTotalROMAvg,-20.633,-24.759,-4.127,TorsoVeloPostHitch,0.177,0.382,0.206,BallVeloRelease__zwithin,-1.952,-1.452,0.5,maxKneeFlexionDominantPreHitch,-32.931,-44.931,-12.0
Player 59,6486,Off the Dribble,Right,4,maxKneeFlexionDominantPreHitch,-54.378,-55.299,-0.921,maxElbowExtensionDominantPostHitch,7.607,17.816,10.209,maxHipFlexionDominantPostHitch,39.137,30.811,-8.326,maxShoulderFlexionNonDominantPostHitch,117.349,119.187,1.838,maxShoulderFlexionAvgPostHitch,126.442,127.444,1.002
Player 59,6489,Catch and Shoot,Right,4,maxShoulderFlexionAvgPostHitch,124.27,124.39,0.12,maxShoulderFlexionNonDominantPostHitch,115.275,114.776,-0.499,ShoulderTotalROMDominant,97.441,102.538,5.097,ShoulderAlignmentRelease__zwithin,-1.469,-1.175,0.294,maxHipFlexionDominantPostHitch,35.667,36.785,1.118
Player 59,6490,Off the Dribble,Right,4,maxKneeFlexionDominantPreHitch,-53.806,-55.299,-1.492,maxShoulderFlexionNonDominantPostHitch,118.06,119.187,1.127,maxShoulderFlexionAvgPostHitch,127.612,127.444,-0.169,maxHipFlexionDominantPostHitch,35.383,30.811,-4.572,ShoulderTotalROMDominant,101.226,105.087,3.861
Player 59,6491,Catch and Shoot,Right,4,maxShoulderFlexionNonDominantPostHitch,117.042,114.776,-2.266,maxShoulderFlexionAvgPostHitch,127.186,124.39,-2.795,ShoulderAlignmentRelease__zwithin,-1.444,-1.155,0.289,ShoulderTotalROMDominant,107.009,102.538,-4.471,timeToMaxShoulderFlexionNonDominantPostHitch,0.45,0.475,0.025
Player 59,6493,Off the Dribble,Right,4,maxKneeFlexionDominantPreHitch,-53.319,-55.299,-1.98,BallVeloRelease,5.856,5.705,-0.151,ShoulderAlignmentRelease__zwithin,-1.479,-1.183,0.296,ShoulderTotalROMDominant,100.556,105.087,4.531,maxShoulderFlexionNonDominantPostHitch,120.629,119.187,-1.442
Player 59,6494,Off the Dribble,Right,4,maxElbowExtensionDominantPostHitch,7.396,17.816,10.42,maxShoulderFlexionNonDominantPostHitch,118.302,119.187,0.885,maxShoulderFlexionAvgPostHitch,127.524,127.444,-0.08,BallVeloRelease,5.946,5.705,-0.242,BallVeloStart__zwithin,-1.236,-0.736,0.5
Player 59,6498,Off the Dribble,Right,4,maxKneeFlexionDominantPreHitch,-52.145,-55.299,-3.154,BallVeloRelease,5.88,5.705,-0.176,maxElbowExtensionDominantPostHitch,7.386,17.816,10.43,maxShoulderFlexionNonDominantPostHitch,121.05,119.187,-1.862,ShoulderAlignmentRelease__zwithin,-1.419,-1.135,0.284
Player 59,6501,Off the Dribble,Right,4,maxElbowExtensionDominantPostHitch,6.404,17.816,11.412,BallVeloRelease,5.877,5.705,-0.173,maxShoulderFlexionNonDominantPostHitch,118.245,119.187,0.943,maxShoulderFlexionAvgPostHitch,127.351,127.444,0.092,maxHipFlexionDominantPostHitch,37.226,30.811,-6.415
Player 59,6511,Off the Dribble,Right,4,Max.Ball.Released..Away.from.body.,0.846,0.677,-0.169,maxKneeExtensionAvgPreHitch__zwithin,1.37,0.574,-0.796,maxShoulderFlexionAvgPostHitch,117.632,127.444,9.811,TorsoTotalROMAvg__zwithin,1.445,1.156,-0.289,maxHipExtensionDominantHitch,36.896,31.497,-5.399
Player 59,6523,Catch and Shoot,Right,4,HipAlignmentPostHitch__zwithin,1.326,1.061,-0.265,HipAlignmentRelease__zwithin,1.32,1.056,-0.264,maxTorsoFlexionPreHitch__zwithin,-1.33,-0.301,1.029,BallVeloStart__zwithin,-2.475,-1.975,0.5,ShoulderAlignmentPostHitch__zwithin,1.355,1.084,-0.271
Player 59,6524,Off the Dribble,Right,4,HipAlignmentPostHitch__zwithin,1.334,1.067,-0.267,HipAlignmentRelease__zwithin,1.283,1.026,-0.257,HipAlignmentPreHitch__zwithin,1.416,1.132,-0.283,ShoulderAlignmentPostHitch__zwithin,1.397,1.117,-0.279,BallVeloRelease__zwithin,0.153,-0.293,-0.446
Player 59,6525,Off the Dribble,Right,4,ElbowFlexionAtT0Dominant,61.583,73.583,12.0,HipAlignmentPostHitch__zwithin,1.356,1.085,-0.271,HipAlignmentPreHitch__zwithin,1.44,1.152,-0.288,maxHipExtensionDominantHitch,38.913,31.497,-7.416,maxKneeExtensionDominantHitch,-69.169,-59.383,9.786
Player 59,6526,Off the Dribble,Right,4,HipAlignmentPostHitch__zwithin,1.345,1.076,-0.269,HipAlignmentRelease__zwithin,1.322,1.057,-0.264,HipAlignmentPreHitch__zwithin,1.463,1.17,-0.293,timeToMaxShoulderExtensionDomDiffHitch__zwithin,0.077,-0.014,-0.091,timeToMaxElbowExtensionNonDominantPostHitch,0.475,0.617,0.142
Player 59,6527,Off the Dribble,Right,4,HipAlignmentRelease__zwithin,1.275,1.02,-0.255,HipAlignmentPostHitch__zwithin,1.365,1.092,-0.273,TorsoVeloPostHitch,0.352,0.382,0.03,BallVeloStart__zwithin,-2.971,-2.377,0.594,HipAlignmentPreHitch__zwithin,1.464,1.171,-0.293
Player 59,6529,Off the Dribble,Right,4,maxHipFlexionDominantPostHitch,41.087,30.811,-10.276,HipAlignmentRelease__zwithin,1.362,1.09,-0.272,HipAlignmentPreHitch__zwithin,1.333,1.067,-0.267,HipAlignmentPostHitch__zwithin,1.287,1.03,-0.257,ShoulderAlignmentPostHitch__zwithin,1.419,1.135,-0.284
Player 59,6530,Off the Dribble,Right,4,HipAlignmentRelease__zwithin,1.333,1.066,-0.267,HipAlignmentPreHitch__zwithin,1.449,1.159,-0.29,HipAlignmentPostHitch__zwithin,1.311,1.049,-0.262,ShoulderTotalROMDominant,98.376,105.087,6.711,maxShoulderFlexionAvgPostHitch,126.844,127.444,0.6
Player 59,6531,Off the Dribble,Right,4,HipAlignmentRelease__zwithin,1.306,1.045,-0.261,HipAlignmentPostHitch__zwithin,1.349,1.079,-0.27,HipAlignmentPreHitch__zwithin,1.514,1.211,-0.303,BallVeloStart__zwithin,-1.777,-1.277,0.5,maxKneeFlexionDominantPreHitch,-51.889,-55.299,-3.41
Player 59,6533,Off the Dribble,Right,4,HipAlignmentPostHitch__zwithin,1.348,1.079,-0.27,HipAlignmentRelease__zwithin,1.322,1.057,-0.264,HipAlignmentPreHitch__zwithin,1.338,1.071,-0.268,maxTorsoFlexionPreHitch__zwithin,-1.33,0.746,2.076,ShoulderAlignmentPostHitch__zwithin,1.46,1.168,-0.292
Player 59,6534,Off the Dribble,Right,4,HipAlignmentRelease__zwithin,1.325,1.06,-0.265,HipAlignmentPostHitch__zwithin,1.333,1.066,-0.267,maxKneeFlexionDominantPreHitch,-54.476,-55.299,-0.823,BallVeloStart__zwithin,-0.971,-0.471,0.5,ShoulderAlignmentPostHitch__zwithin,1.396,1.117,-0.279
Player 59,6535,Off the Dribble,Right,4,HipAlignmentRelease__zwithin,1.333,1.067,-0.267,HipAlignmentPostHitch__zwithin,1.322,1.058,-0.264,HipAlignmentPreHitch__zwithin,1.371,1.097,-0.274,maxShoulderFlexionAvgPostHitch,127.508,127.444,-0.065,TorsoVeloPostHitch,0.495,0.382,-0.113
Player 59,6536,Off the Dribble,Right,4,HipAlignmentRelease__zwithin,1.352,1.081,-0.27,HipAlignmentPostHitch__zwithin,1.327,1.062,-0.265,HipAlignmentPreHitch__zwithin,1.395,1.116,-0.279,TorsoVeloPostHitch,0.473,0.382,-0.091,ShoulderAlignmentPostHitch__zwithin,1.403,1.122,-0.281
Player 59,6537,Off the Dribble,Right,4,HipAlignmentPostHitch__zwithin,1.309,1.047,-0.262,HipAlignmentRelease__zwithin,1.287,1.03,-0.257,HipAlignmentPreHitch__zwithin,1.447,1.158,-0.289,BallVeloStart__zwithin,-1.428,-0.928,0.5,ShoulderAlignmentPostHitch__zwithin,1.368,1.095,-0.274
Player 59,6538,Off the Dribble,Right,4,HipAlignmentPostHitch__zwithin,1.352,1.082,-0.27,HipAlignmentRelease__zwithin,1.385,1.108,-0.277,HipAlignmentPreHitch__zwithin,1.383,1.106,-0.277,ShoulderAlignmentPostHitch__zwithin,1.455,1.164,-0.291,BallVeloRelease,5.966,5.705,-0.261
Player 59,6540,Off the Dribble,Right,4,HipAlignmentRelease__zwithin,1.304,1.043,-0.261,HipAlignmentPostHitch__zwithin,1.271,1.017,-0.254,HipAlignmentPreHitch__zwithin,1.463,1.17,-0.293,BallVeloRelease,5.915,5.705,-0.21,timeToMaxShoulderFlexionNonDominantPostHitch,0.392,0.592,0.2
Player 59,6541,Off the Dribble,Right,4,HipAlignmentPostHitch__zwithin,1.37,1.096,-0.274,HipAlignmentRelease__zwithin,1.35,1.08,-0.27,ShoulderAlignmentPostHitch__zwithin,1.467,1.174,-0.293,HipAlignmentPreHitch__zwithin,1.547,1.238,-0.309,ShoulderAlignmentPreHitch__zwithin,1.603,1.283,-0.321
Player 59,6542,Off the Dribble,Right,4,HipAlignmentRelease__zwithin,1.417,1.133,-0.283,HipAlignmentPostHitch__zwithin,1.341,1.073,-0.268,ShoulderAlignmentPostHitch__zwithin,1.392,1.114,-0.278,HipAlignmentPreHitch__zwithin,1.343,1.075,-0.269,maxKneeExtensionDominantHitch,-68.44,-59.383,9.056
Player 59,6543,Off the Dribble,Right,4,HipAlignmentRelease__zwithin,1.376,1.101,-0.275,HipAlignmentPostHitch__zwithin,1.382,1.105,-0.276,HipAlignmentPreHitch__zwithin,1.448,1.158,-0.29,maxTorsoFlexionPreHitch__zwithin,-1.043,0.746,1.789,BallVeloRelease__zwithin,0.226,-0.274,-0.5
Player 59,6544,Off the Dribble,Right,4,BallVeloRelease,5.774,5.705,-0.07,HipAlignmentRelease__zwithin,1.351,1.08,-0.27,HipAlignmentPostHitch__zwithin,1.336,1.069,-0.267,HipAlignmentPreHitch__zwithin,1.41,1.128,-0.282,TorsoVeloPostHitch,0.349,0.382,0.034
Player 59,6545,Off the Dribble,Right,3,BallVeloRelease,4.938,5.705,0.767,ankleTotalROMAvg,-17.298,-20.758,-3.46,TorsoVeloPostHitch,0.16,0.382,0.222,BallVeloRelease__zwithin,-1.635,-1.135,0.5,maxKneeFlexionDominantPreHitch,-30.035,-42.035,-12.0
Player 59,6546,Off the Dribble,Right,3,BallVeloRelease,4.818,5.705,0.886,ankleTotalROMAvg,-17.39,-20.868,-3.478,TorsoVeloPostHitch,0.103,0.382,0.279,BallVeloRelease__zwithin,-1.844,-1.344,0.5,maxKneeFlexionDominantPreHitch,-25.823,-37.823,-12.0
Player 59,6547,Off the Dribble,Right,3,BallVeloRelease,5.093,5.705,0.612,ankleTotalROMAvg,-17.22,-20.664,-3.444,TorsoVeloPostHitch,0.077,0.382,0.306,BallVeloRelease__zwithin,-1.364,-0.864,0.5,KneeTotalROMAvg,18.896,22.675,3.779
Player 59,6548,Off the Dribble,Right,3,BallVeloRelease,4.613,5.535,0.923,ankleTotalROMAvg,-23.784,-28.541,-4.757,TorsoVeloPostHitch,0.062,0.382,0.32,maxKneeFlexionDominantPreHitch,-28.35,-40.35,-12.0,BallVeloRelease__zwithin,-2.203,-1.703,0.5
Player 59,6549,Off the Dribble,Right,4,maxKneeFlexionDominantPreHitch,-48.168,-55.299,-7.131,maxTorsoFlexionPreHitch__zwithin,-1.087,0.746,1.833,maxElbowFlexionDomDiffPostHitch,34.18,22.18,-12.0,maxShoulderFlexionNonDominantPostHitch,120.026,119.187,-0.838,maxShoulderFlexionAvgPostHitch,128.218,127.444,-0.774
Player 59,6550,Off the Dribble,Right,4,maxShoulderFlexionNonDominantPostHitch,116.809,119.187,2.378,ShoulderTotalROMDominant,92.498,105.087,12.589,maxShoulderFlexionAvgPostHitch,124.893,127.444,2.551,BallVeloRelease,5.923,5.705,-0.218,maxHipFlexionDominantPostHitch,37.128,30.811,-6.317
Player 59,6551,Off the Dribble,Right,4,maxShoulderFlexionNonDominantPostHitch,119.483,119.187,-0.295,maxHipFlexionDominantPostHitch,36.737,30.811,-5.926,ShoulderTotalROMDominant,92.713,105.087,12.374,maxElbowExtensionDominantPostHitch,8.626,17.816,9.19,ShoulderAlignmentPreHitch__zwithin,-0.823,-0.658,0.165
Player 59,6552,Off the Dribble,Right,4,BallVeloRelease,5.783,5.705,-0.079,maxKneeFlexionDominantPreHitch,-54.453,-55.299,-0.846,maxShoulderFlexionNonDominantPostHitch,121.909,119.187,-2.722,maxHipFlexionDominantPostHitch,36.587,30.811,-5.776,ShoulderTotalROMDominant,94.931,105.087,10.156
Player 59,6553,Catch and Shoot,Right,4,ElbowFlexionAtT0Dominant,60.284,72.284,12.0,BallVeloRelease,5.728,6.126,0.398,maxShoulderFlexionNonDominantPostHitch,116.639,114.776,-1.863,maxHipFlexionDominantPostHitch,38.494,36.785,-1.709,maxElbowExtensionDominantPostHitch,7.412,14.937,7.525
Player 59,6555,Off the Dribble,Right,4,ElbowFlexionAtT0Dominant,49.036,61.036,12.0,maxShoulderFlexionNonDominantPostHitch,115.596,119.187,3.592,BallVeloRelease,5.889,5.705,-0.184,maxHipFlexionDominantPostHitch,37.375,30.811,-6.564,maxShoulderFlexionAvgPostHitch,122.852,127.444,4.591
Player 59,6556,Off the Dribble,Right,4,maxTorsoFlexionPreHitch__zwithin,-1.662,0.746,2.407,maxShoulderFlexionNonDominantPostHitch,114.843,119.187,4.345,maxHipFlexionDominantPostHitch,39.309,30.811,-8.497,ShoulderTotalROMDominant,104.308,105.087,0.778,ShoulderAlignmentRelease__zwithin,-1.388,-1.11,0.278
Player 59,6557,Catch and Shoot,Right,4,BallVeloRelease,5.878,6.126,0.248,maxElbowExtensionDominantPostHitch,3.3,14.937,11.637,maxShoulderFlexionNonDominantPostHitch,116.035,114.776,-1.259,maxShoulderFlexionAvgPostHitch,127.395,124.39,-3.005,ShoulderAlignmentRelease__zwithin,-1.359,-1.087,0.272
Player 59,6558,Off the Dribble,Right,4,ElbowFlexionAtT0Dominant,59.087,71.087,12.0,maxHipFlexionDominantPostHitch,40.886,30.811,-10.074,maxShoulderFlexionNonDominantPostHitch,116.779,119.187,2.408,BallVeloRelease,5.878,5.705,-0.173,maxElbowExtensionDominantPostHitch,7.827,17.816,9.989
Player 59,6563,Catch and Shoot,Right,4,ElbowFlexionAtT0Dominant,59.222,71.222,12.0,maxHipFlexionDominantPostHitch,39.459,36.785,-2.673,maxAnkleDorsiflexionAvgHitch,29.873,27.266,-2.607,maxAnklePlantarflexionNonDominantHitch,27.768,24.275,-3.492,maxShoulderFlexionAvgPostHitch,123.39,124.39,1.0
Player 59,6567,Catch and Shoot,Right,4,Max.Ball.Released..Away.from.body.,1.355,1.084,-0.271,maxElbowExtensionDominantPostHitch,5.852,14.937,9.085,maxShoulderFlexionAvgPostHitch,124.593,124.39,-0.203,BallVeloRelease,5.95,6.126,0.175,maxShoulderFlexionNonDominantPostHitch,112.876,114.776,1.9
Player 59,6575,Catch and Shoot,Right,4,ElbowFlexionAtT0Dominant,24.473,36.472,12.0,maxHipFlexionDominantPostHitch,38.848,36.785,-2.063,maxAnkleDorsiflexionAvgHitch,27.698,27.266,-0.432,maxAnklePlantarflexionNonDominantHitch,26.376,24.275,-2.101,maxShoulderFlexionNonDominantPostHitch,114.296,114.776,0.48
Player 59,6595,Catch and Shoot,Right,4,maxShoulderFlexionAvgPostHitch,124.168,124.39,0.222,ShoulderTotalROMDominant,99.824,102.538,2.714,maxAnklePlantarflexionNonDominantPostHitch,-20.742,-22.542,-1.8,maxElbowFlexionDominantHitch,112.494,118.595,6.101,maxElbowFlexionDominantPostHitch,113.645,117.954,4.309
Player 59,6598,Off the Dribble,Right,4,maxShoulderFlexionAvgPostHitch,119.273,127.444,8.171,ShoulderTotalROMDominant,77.535,93.042,15.507,maxElbowFlexionDominantHitch,111.822,116.834,5.013,maxAnklePlantarflexionNonDominantPostHitch,-20.158,-18.034,2.124,timeToMaxShoulderFlexionNonDominantPostHitch,0.417,0.592,0.175
Player 59,6600,Catch and Shoot,Right,4,maxShoulderFlexionAvgPostHitch,121.04,124.39,3.35,BallVeloRelease__zwithin,0.185,0.444,0.259,ShoulderTotalROMDominant,97.977,102.538,4.561,maxAnklePlantarflexionNonDominantPostHitch,-18.669,-22.403,-3.734,timeToMaxShoulderFlexionNonDominantPostHitch,0.458,0.475,0.017
Player 59,6601,Catch and Shoot,Right,4,maxKneeFlexionDominantPreHitch,-53.012,-65.012,-12.0,BallVeloRelease,5.957,6.126,0.169,ShoulderTotalROMDominant,97.704,102.538,4.834,timeToMaxElbowFlexionDominantHitch__zwithin,2.85,-0.433,-3.283,maxShoulderFlexionAvgPostHitch,123.406,124.39,0.984
Player 59,6605,Catch and Shoot,Right,4,ShoulderTotalROMDominant,88.084,102.538,14.454,BallVeloRelease,5.95,6.126,0.175,maxShoulderFlexionAvgPostHitch,123.474,124.39,0.916,BallVeloRelease__zwithin,0.137,0.444,0.307,timeToMaxShoulderFlexionNonDominantPostHitch,0.475,0.475,0.0
Player 59,6608,Catch and Shoot,Right,4,maxShoulderFlexionAvgPostHitch,122.72,124.39,1.67,ShoulderTotalROMDominant,85.877,102.538,16.661,BallVeloRelease,6.01,6.126,0.116,timeToMaxShoulderFlexionNonDominantPostHitch,0.417,0.475,0.058,maxElbowFlexionDominantPostHitch,112.412,117.954,5.542
Player 59,6611,Catch and Shoot,Right,4,maxShoulderFlexionAvgPostHitch,116.663,124.39,7.727,ShoulderTotalROMDominant,98.746,102.538,3.792,maxElbowFlexionDominantPostHitch,113.183,117.954,4.771,maxAnklePlantarflexionNonDominantPostHitch,-20.724,-22.542,-1.819,BallVeloRelease__zwithin,0.244,0.444,0.2
Player 59,6616,Catch and Shoot,Right,4,maxShoulderFlexionAvgPostHitch,124.039,124.39,0.351,timeToMaxShoulderFlexionNonDominantPostHitch,0.442,0.475,0.033,ShoulderTotalROMDominant,99.968,102.538,2.57,maxAnklePlantarflexionDomDiffPostHitch,-4.226,-3.381,0.845,maxAnklePlantarflexionNonDominantPostHitch,-17.652,-21.182,-3.53
Player 59,6622,Catch and Shoot,Right,4,HipAlignmentPreHitch__zwithin,1.034,0.827,-0.207,HipAlignmentPostHitch__zwithin,0.999,0.799,-0.2,HipAlignmentRelease__zwithin,0.929,0.743,-0.186,maxShoulderFlexionAvgPostHitch,120.857,124.39,3.533,ShoulderAlignmentPostHitch__zwithin,0.876,0.701,-0.175
Player 59,6625,Catch and Shoot,Right,4,maxKneeExtensionAvgPreHitch__zwithin,0.405,-0.268,-0.673,BallVeloRelease,5.92,6.126,0.206,HipAlignmentRelease__zwithin,0.942,0.754,-0.188,HipAlignmentPostHitch__zwithin,0.889,0.712,-0.178,maxShoulderFlexionAvgPostHitch,119.297,124.39,5.093
Player 59,6626,Catch and Shoot,Right,4,HipAlignmentPreHitch__zwithin,0.998,0.798,-0.2,HipAlignmentRelease__zwithin,0.976,0.781,-0.195,HipAlignmentPostHitch__zwithin,0.981,0.785,-0.196,maxShoulderFlexionAvgPostHitch,122.87,124.39,1.52,ShoulderAlignmentPostHitch__zwithin,0.925,0.74,-0.185
Player 59,6630,Catch and Shoot,Right,4,HipAlignmentRelease__zwithin,0.938,0.75,-0.188,HipAlignmentPostHitch__zwithin,0.962,0.769,-0.192,maxShoulderFlexionAvgPostHitch,122.618,124.39,1.772,BallVeloRelease__zwithin,0.212,0.444,0.232,ShoulderAlignmentRelease__zwithin,0.934,0.747,-0.187
Player 59,6632,Off the Dribble,Right,4,HipAlignmentRelease__zwithin,1.336,1.068,-0.267,HipAlignmentPostHitch__zwithin,1.312,1.05,-0.262,ShoulderAlignmentPostHitch__zwithin,1.35,1.08,-0.27,maxKneeFlexionDominantPreHitch,-53.881,-55.299,-1.418,KneeTotalROMAvg,43.611,47.325,3.714
Player 59,6634,Catch and Shoot,Right,4,HipAlignmentPostHitch__zwithin,1.355,1.084,-0.271,HipAlignmentRelease__zwithin,1.364,1.091,-0.273,ShoulderAlignmentPostHitch__zwithin,1.386,1.109,-0.277,maxKneeFlexionDominantPreHitch,-51.784,-63.784,-12.0,HipAlignmentPreHitch__zwithin,1.373,1.098,-0.275
Player 59,6635,Off the Dribble,Right,4,HipAlignmentRelease__zwithin,1.334,1.067,-0.267,HipAlignmentPostHitch__zwithin,1.323,1.058,-0.265,HipAlignmentPreHitch__zwithin,1.439,1.151,-0.288,timeToMaxKneeFlexionDomDiffHitch,0.025,0.0,-0.025,ShoulderAlignmentPostHitch__zwithin,1.426,1.141,-0.285
Player 59,6636,Off the Dribble,Right,4,HipAlignmentRelease__zwithin,1.364,1.091,-0.273,HipAlignmentPostHitch__zwithin,1.274,1.019,-0.255,HipAlignmentPreHitch__zwithin,1.43,1.144,-0.286,ShoulderAlignmentPostHitch__zwithin,1.4,1.12,-0.28,maxShoulderFlexionAvgPostHitch,126.205,127.444,1.239
Player 59,6638,Off the Dribble,Right,4,HipAlignmentRelease__zwithin,1.314,1.051,-0.263,HipAlignmentPostHitch__zwithin,1.333,1.067,-0.267,TorsoVeloPostHitch,0.398,0.382,-0.016,HipAlignmentPreHitch__zwithin,1.486,1.189,-0.297,BallVeloStart__zwithin,-0.952,-0.452,0.5
Player 59,6639,Off the Dribble,Right,4,HipAlignmentRelease__zwithin,1.285,1.028,-0.257,HipAlignmentPostHitch__zwithin,1.319,1.055,-0.264,HipAlignmentPreHitch__zwithin,1.395,1.116,-0.279,BallVeloStart__zwithin,-1.334,-0.834,0.5,ShoulderAlignmentPostHitch__zwithin,1.468,1.175,-0.294
Player 59,6640,Catch and Shoot,Right,4,HipAlignmentPreHitch__zwithin,1.346,1.077,-0.269,HipAlignmentRelease__zwithin,1.385,1.108,-0.277,HipAlignmentPostHitch__zwithin,1.305,1.044,-0.261,ShoulderTotalROMDominant,97.082,102.538,5.456,BallVeloRelease,5.961,6.126,0.165
Player 59,6641,Off the Dribble,Right,4,HipAlignmentRelease__zwithin,1.342,1.073,-0.268,BallVeloRelease,5.906,5.705,-0.202,HipAlignmentPostHitch__zwithin,1.358,1.087,-0.272,HipAlignmentPreHitch__zwithin,1.465,1.172,-0.293,ShoulderAlignmentPostHitch__zwithin,1.383,1.106,-0.277
Player 59,6642,Off the Dribble,Right,4,HipAlignmentRelease__zwithin,1.359,1.087,-0.272,HipAlignmentPostHitch__zwithin,1.321,1.057,-0.264,ShoulderAlignmentPostHitch__zwithin,1.422,1.138,-0.284,HipAlignmentPreHitch__zwithin,1.461,1.169,-0.292,timeToMaxShoulderFlexionNonDominantPostHitch,0.359,0.592,0.233
Player 59,6643,Catch and Shoot,Right,4,HipAlignmentPostHitch__zwithin,1.362,1.09,-0.272,HipAlignmentPreHitch__zwithin,1.334,1.067,-0.267,HipAlignmentRelease__zwithin,1.336,1.069,-0.267,ShoulderAlignmentPostHitch__zwithin,1.41,1.128,-0.282,maxKneeFlexionDominantPreHitch,-54.584,-66.584,-12.0
Player 59,6644,Off the Dribble,Right,4,HipAlignmentPostHitch__zwithin,1.296,1.036,-0.259,HipAlignmentRelease__zwithin,1.276,1.021,-0.255,maxTorsoFlexionPreHitch__zwithin,-1.223,0.746,1.968,HipAlignmentPreHitch__zwithin,1.419,1.136,-0.284,ShoulderAlignmentPostHitch__zwithin,1.371,1.097,-0.274
Player 59,6645,Off the Dribble,Right,4,HipAlignmentRelease__zwithin,1.314,1.051,-0.263,HipAlignmentPostHitch__zwithin,1.332,1.066,-0.266,HipAlignmentPreHitch__zwithin,1.422,1.137,-0.284,ShoulderAlignmentPostHitch__zwithin,1.414,1.131,-0.283,TorsoVeloPostHitch,0.27,0.382,0.112
Player 59,6646,Off the Dribble,Right,4,HipAlignmentPostHitch__zwithin,1.298,1.039,-0.26,HipAlignmentRelease__zwithin,1.326,1.061,-0.265,maxKneeFlexionDominantPreHitch,-50.747,-55.299,-4.552,KneeTotalROMAvg,47.996,47.325,-0.671,HipAlignmentPreHitch__zwithin,1.51,1.208,-0.302
Player 59,6647,Off the Dribble,Right,4,BallVeloRelease,5.91,5.705,-0.206,HipAlignmentRelease__zwithin,1.33,1.064,-0.266,HipAlignmentPostHitch__zwithin,1.294,1.036,-0.259,HipAlignmentPreHitch__zwithin,1.44,1.152,-0.288,TorsoVeloPostHitch,0.488,0.382,-0.105
Player 59,6650,Off the Dribble,Right,3,BallVeloRelease,4.8,5.705,0.904,ankleTotalROMAvg,-19.15,-22.98,-3.83,TorsoVeloPostHitch,-0.051,0.382,0.433,BallVeloRelease__zwithin,-1.875,-1.375,0.5,maxKneeFlexionDominantPreHitch,-31.381,-43.38,-12.0
Player 59,6651,Off the Dribble,Right,3,BallVeloRelease,4.794,5.705,0.91,ankleTotalROMAvg,-16.283,-19.54,-3.257,TorsoVeloPostHitch,0.172,0.382,0.21,BallVeloRelease__zwithin,-1.886,-1.386,0.5,maxKneeFlexionDominantPreHitch,-27.923,-39.923,-12.0
Player 59,6652,Off the Dribble,Right,3,BallVeloRelease,5.069,5.705,0.635,ankleTotalROMAvg,-19.905,-23.886,-3.981,TorsoVeloPostHitch,0.034,0.382,0.348,BallVeloRelease__zwithin,-1.405,-0.905,0.5,KneeTotalROMAvg,17.444,20.932,3.489
Player 59,6653,Off the Dribble,Right,3,BallVeloRelease,4.599,5.519,0.92,ankleTotalROMAvg,-18.423,-22.108,-3.685,TorsoVeloPostHitch,0.03,0.382,0.353,BallVeloRelease__zwithin,-2.227,-1.727,0.5,maxKneeFlexionDominantPreHitch,-28.371,-40.371,-12.0
Player 59,6654,Off the Dribble,Right,4,BallVeloRelease,4.825,5.705,0.88,ankleTotalROMAvg,-18.991,-22.79,-3.798,TorsoVeloPostHitch,0.075,0.382,0.307,maxKneeFlexionDominantPreHitch,-29.338,-41.338,-12.0,KneeTotalROMAvg,19.471,23.365,3.894
Player 59,6655,Off the Dribble,Right,3,BallVeloRelease,4.947,5.705,0.758,ankleTotalROMAvg,-17.431,-20.918,-3.486,TorsoVeloPostHitch,0.027,0.382,0.356,BallVeloRelease__zwithin,-1.619,-1.119,0.5,maxKneeFlexionDominantPreHitch,-29.591,-41.591,-12.0
Player 59,6656,Off the Dribble,Right,3,BallVeloRelease,4.713,5.655,0.943,ankleTotalROMAvg,-18.66,-22.393,-3.732,TorsoVeloPostHitch,0.052,0.382,0.33,BallVeloRelease__zwithin,-2.029,-1.529,0.5,maxKneeFlexionDominantPreHitch,-31.521,-43.521,-12.0
Player 59,6657,Off the Dribble,Right,3,BallVeloRelease,4.966,5.705,0.739,ankleTotalROMAvg,-18.232,-21.879,-3.646,TorsoVeloPostHitch,0.045,0.382,0.338,BallVeloRelease__zwithin,-1.586,-1.086,0.5,maxKneeFlexionDominantPreHitch,-27.989,-39.989,-12.0
Player 59,6658,Off the Dribble,Right,3,BallVeloRelease,4.34,5.208,0.868,ankleTotalROMAvg,-17.206,-20.647,-3.441,TorsoVeloPostHitch,-0.024,0.382,0.407,maxKneeFlexionDominantPreHitch,-29.627,-41.627,-12.0,BallVeloRelease__zwithin,-2.681,-2.144,0.536
Player 59,6659,Off the Dribble,Right,3,BallVeloRelease,4.534,5.44,0.907,ankleTotalROMAvg,-16.179,-19.415,-3.236,TorsoVeloPostHitch,-0.014,0.382,0.396,BallVeloRelease__zwithin,-2.342,-1.842,0.5,maxKneeFlexionDominantPreHitch,-27.545,-39.545,-12.0
Player 59,6660,Off the Dribble,Right,3,BallVeloRelease,4.845,5.705,0.86,ankleTotalROMAvg,-15.846,-19.015,-3.169,TorsoVeloPostHitch,0.138,0.382,0.244,BallVeloRelease__zwithin,-1.797,-1.297,0.5,maxKneeFlexionDominantPreHitch,-32.188,-44.188,-12.0
Player 59,6661,Off the Dribble,Right,4,BallVeloRelease,4.364,5.237,0.873,ankleTotalROMAvg,-19.36,-23.231,-3.872,TorsoVeloPostHitch,0.031,0.382,0.351,maxKneeFlexionDominantPreHitch,-28.785,-40.786,-12.0,BallVeloRelease__zwithin,-2.639,-2.111,0.528
Player 59,6662,Off the Dribble,Right,3,BallVeloRelease,4.489,5.387,0.898,ankleTotalROMAvg,-17.251,-20.702,-3.45,TorsoVeloPostHitch,0.255,0.382,0.127,timeToMaxElbowFlexionDominantHitch__zwithin,2.775,0.58,-2.195,maxKneeFlexionDominantPreHitch,-32.46,-44.46,-12.0
Player 59,6663,Off the Dribble,Right,3,BallVeloRelease,4.57,5.484,0.914,ankleTotalROMAvg,-17.875,-21.45,-3.575,TorsoVeloPostHitch,0.111,0.382,0.271,maxKneeFlexionDominantPreHitch,-29.323,-41.323,-12.0,BallVeloRelease__zwithin,-2.279,-1.779,0.5
Player 59,6664,Off the Dribble,Right,3,BallVeloRelease,4.542,5.45,0.908,ankleTotalROMAvg,-19.899,-23.878,-3.98,TorsoVeloPostHitch,0.129,0.382,0.254,maxKneeFlexionDominantPreHitch,-30.813,-42.813,-12.0,BallVeloRelease__zwithin,-2.327,-1.827,0.5
Player 59,6665,Off the Dribble,Right,3,BallVeloRelease,4.509,5.41,0.902,ankleTotalROMAvg,-16.794,-20.153,-3.359,TorsoVeloPostHitch,0.174,0.382,0.209,maxKneeFlexionDominantPreHitch,-28.673,-40.673,-12.0,KneeTotalROMAvg,15.927,19.112,3.185
Player 59,6666,Off the Dribble,Right,3,BallVeloRelease,4.579,5.495,0.916,ankleTotalROMAvg,-15.126,-18.151,-3.025,TorsoVeloPostHitch,-0.016,0.382,0.399,maxKneeFlexionDominantPreHitch,-28.697,-40.697,-12.0,maxAnklePlantarflexionNonDominantPostHitch,5.351,4.28,-1.07
Player 59,6667,Off the Dribble,Right,3,BallVeloRelease,4.615,5.538,0.923,ankleTotalROMAvg,-22.283,-26.74,-4.457,TorsoVeloPostHitch,0.141,0.382,0.241,BallVeloRelease__zwithin,-2.199,-1.699,0.5,maxKneeFlexionDominantPreHitch,-32.955,-44.955,-12.0
Player 59,6668,Off the Dribble,Right,3,BallVeloRelease,4.55,5.46,0.91,ankleTotalROMAvg,-23.724,-28.469,-4.745,TorsoVeloPostHitch,0.089,0.382,0.293,BallVeloRelease__zwithin,-2.313,-1.813,0.5,maxKneeFlexionDominantPreHitch,-30.472,-42.472,-12.0
Player 59,6669,Off the Dribble,Right,3,BallVeloRelease,4.569,5.483,0.914,ankleTotalROMAvg,-22.985,-27.582,-4.597,TorsoVeloPostHitch,0.296,0.382,0.086,maxKneeFlexionDominantPreHitch,-32.988,-44.988,-12.0,KneeTotalROMAvg,20.879,25.055,4.176
Player 59,6670,Off the Dribble,Right,3,BallVeloRelease,4.705,5.646,0.941,ankleTotalROMAvg,-23.838,-28.606,-4.768,TorsoVeloPostHitch,0.197,0.382,0.186,maxKneeFlexionDominantPreHitch,-32.633,-44.633,-12.0,maxAnklePlantarflexionNonDominantPostHitch,0.505,0.404,-0.101
Player 59,6671,Off the Dribble,Right,3,BallVeloRelease,4.795,5.705,0.909,ankleTotalROMAvg,-22.225,-26.67,-4.445,TorsoVeloPostHitch,0.153,0.382,0.229,maxKneeFlexionDominantPreHitch,-33.561,-45.561,-12.0,BallVeloRelease__zwithin,-1.884,-1.384,0.5
Player 59,6672,Off the Dribble,Right,3,BallVeloRelease,4.572,5.487,0.914,ankleTotalROMAvg,-21.527,-25.832,-4.305,TorsoVeloPostHitch,0.181,0.382,0.201,BallVeloRelease__zwithin,-2.274,-1.774,0.5,maxKneeFlexionDominantPreHitch,-34.989,-46.989,-12.0
Player 59,6673,Off the Dribble,Right,3,BallVeloRelease,5.11,5.705,0.594,ankleTotalROMAvg,-18.282,-21.938,-3.656,TorsoVeloPostHitch,0.207,0.382,0.175,BallVeloRelease__zwithin,-1.333,-0.833,0.5,KneeTotalROMAvg,19.364,23.237,3.873
Player 59,6674,Off the Dribble,Right,3,BallVeloRelease,4.99,5.705,0.714,ankleTotalROMAvg,-18.02,-21.624,-3.604,TorsoVeloPostHitch,0.159,0.382,0.224,maxKneeFlexionDominantPreHitch,-29.568,-41.568,-12.0,BallVeloRelease__zwithin,-1.543,-1.043,0.5
Player 59,6675,Off the Dribble,Right,3,BallVeloRelease,4.582,5.499,0.916,ankleTotalROMAvg,-18.786,-22.543,-3.757,TorsoVeloPostHitch,0.141,0.382,0.242,BallVeloRelease__zwithin,-2.257,-1.757,0.5,maxKneeFlexionDominantPreHitch,-30.35,-42.35,-12.0
Player 59,6676,Off the Dribble,Right,3,BallVeloRelease,4.622,5.546,0.924,ankleTotalROMAvg,-22.6,-27.12,-4.52,TorsoVeloPostHitch,0.137,0.382,0.245,maxKneeFlexionDominantPreHitch,-32.11,-44.11,-12.0,BallVeloRelease__zwithin,-2.188,-1.688,0.5
Player 59,6677,Off the Dribble,Right,3,BallVeloRelease,4.626,5.551,0.925,ankleTotalROMAvg,-20.919,-25.103,-4.184,TorsoVeloPostHitch,0.129,0.382,0.253,maxKneeFlexionDominantPreHitch,-28.837,-40.837,-12.0,BallVeloRelease__zwithin,-2.18,-1.68,0.5
Player 59,6678,Off the Dribble,Right,3,BallVeloRelease,4.879,5.705,0.825,ankleTotalROMAvg,-20.48,-24.576,-4.096,TorsoVeloPostHitch,0.062,0.382,0.32,maxKneeFlexionDominantPreHitch,-27.838,-39.838,-12.0,KneeTotalROMAvg,20.545,24.654,4.109
Player 59,6679,Off the Dribble,Right,4,BallVeloRelease,4.73,5.676,0.946,ankleTotalROMAvg,-17.14,-20.568,-3.428,TorsoVeloPostHitch,0.117,0.382,0.265,maxKneeFlexionDominantPreHitch,-29.591,-41.591,-12.0,BallVeloRelease__zwithin,-1.998,-1.498,0.5
Player 59,6691,Catch and Shoot,Right,4,HipAlignmentPostHitch__zwithin,1.319,1.056,-0.264,HipAlignmentRelease__zwithin,1.332,1.065,-0.266,HipAlignmentPreHitch__zwithin,1.454,1.164,-0.291,BallVeloRelease__zwithin,0.217,0.444,0.227,timeToMaxShoulderExtensionDomDiffHitch__zwithin,0.067,-0.015,-0.082
Player 59,6692,Catch and Shoot,Right,4,HipAlignmentPreHitch__zwithin,1.232,0.985,-0.246,HipAlignmentRelease__zwithin,1.313,1.051,-0.263,HipAlignmentPostHitch__zwithin,1.286,1.029,-0.257,ShoulderAlignmentPostHitch__zwithin,1.352,1.082,-0.27,ShoulderTotalROMDominant,98.962,102.538,3.576
Player 59,6693,Off the Dribble,Right,4,BallVeloRelease,5.868,5.705,-0.164,HipAlignmentPreHitch__zwithin,0.976,0.781,-0.195,HipAlignmentRelease__zwithin,1.365,1.092,-0.273,HipAlignmentPostHitch__zwithin,1.32,1.056,-0.264,maxKneeExtensionDominantHitch,-77.168,-65.168,12.0
Player 59,6694,Catch and Shoot,Right,4,HipAlignmentRelease__zwithin,1.367,1.093,-0.273,maxHipFlexionDominantPostHitch,39.918,36.785,-3.133,HipAlignmentPreHitch__zwithin,1.328,1.062,-0.266,HipAlignmentPostHitch__zwithin,1.287,1.03,-0.257,maxKneeExtensionDominantHitch,-71.966,-69.083,2.883
Player 59,6696,Catch and Shoot,Right,4,HipAlignmentRelease__zwithin,1.351,1.08,-0.27,TorsoVeloPostHitch,0.187,0.687,0.5,HipAlignmentPostHitch__zwithin,1.314,1.051,-0.263,maxKneeExtensionDominantHitch,-68.51,-69.083,-0.573,ShoulderAlignmentPostHitch__zwithin,1.51,1.208,-0.302
Player 59,6697,Off the Dribble,Right,3,BallVeloRelease,4.969,5.705,0.736,ankleTotalROMAvg,-20.321,-24.385,-4.064,TorsoVeloPostHitch,0.072,0.382,0.311,BallVeloRelease__zwithin,-1.58,-1.08,0.5,maxKneeFlexionDominantPreHitch,-36.984,-48.984,-12.0
Player 59,6698,Off the Dribble,Right,3,BallVeloRelease,4.504,5.405,0.901,ankleTotalROMAvg,-17.458,-20.95,-3.492,TorsoVeloPostHitch,0.039,0.382,0.343,maxKneeFlexionDominantPreHitch,-37.59,-49.59,-12.0,KneeTotalROMAvg,28.332,33.999,5.666
Player 59,6699,Off the Dribble,Right,3,BallVeloRelease,5.117,5.705,0.588,ankleTotalROMAvg,-19.099,-22.919,-3.82,TorsoVeloPostHitch,0.051,0.382,0.331,BallVeloRelease__zwithin,-1.321,-0.821,0.5,KneeTotalROMAvg,24.793,29.751,4.959
Player 59,6700,Off the Dribble,Right,4,BallVeloRelease,4.838,5.705,0.866,ankleTotalROMAvg,-20.053,-24.064,-4.011,TorsoVeloPostHitch,0.137,0.382,0.245,maxKneeFlexionDominantPreHitch,-39.177,-51.177,-12.0,BallVeloRelease__zwithin,-1.809,-1.309,0.5
Player 59,6701,Off the Dribble,Right,3,BallVeloRelease,4.903,5.705,0.801,ankleTotalROMAvg,-21.586,-25.903,-4.317,TorsoVeloPostHitch,0.102,0.382,0.28,maxKneeFlexionDominantPreHitch,-40.59,-52.59,-12.0,BallVeloRelease__zwithin,-1.695,-1.195,0.5
Player 59,6702,Off the Dribble,Right,3,BallVeloRelease,4.901,5.705,0.804,ankleTotalROMAvg,-17.197,-20.637,-3.439,TorsoVeloPostHitch,-0.002,0.382,0.384,maxKneeFlexionDominantPreHitch,-37.36,-49.36,-12.0,BallVeloRelease__zwithin,-1.7,-1.2,0.5
Player 59,6705,Catch and Shoot,Right,4,maxHipFlexionDominantPostHitch,44.552,36.785,-7.766,maxShoulderFlexionAvgPostHitch,124.332,124.39,0.058,maxShoulderFlexionNonDominantPostHitch,114.428,114.776,0.348,ShoulderTotalROMDominant,87.338,102.538,15.2,ShoulderAlignmentRelease__zwithin,-1.406,-1.125,0.281
Player 59,6706,Catch and Shoot,Right,4,BallVeloRelease,5.61,6.126,0.515,maxHipFlexionDominantPostHitch,45.544,36.785,-8.759,TorsoVeloPostHitch,0.215,0.715,0.5,maxShoulderFlexionNonDominantPostHitch,115.475,114.776,-0.699,maxShoulderFlexionAvgPostHitch,125.263,124.39,-0.873
Player 59,6722,Catch and Shoot,Right,4,BallVeloRelease,5.879,6.126,0.246,maxShoulderFlexionAvgPostHitch,118.597,124.39,5.793,ShoulderTotalROMDominant,81.699,98.039,16.34,BallVeloRelease__zwithin,0.013,0.444,0.431,timeToMaxShoulderFlexionNonDominantPostHitch,0.45,0.475,0.025
Player 59,6731,Catch and Shoot,Right,4,BallVeloRelease,5.809,6.126,0.317,maxShoulderFlexionAvgPostHitch,117.318,124.39,7.072,timeToMaxShoulderFlexionNonDominantPostHitch,0.475,0.475,0.0,BallVeloRelease__zwithin,-0.111,0.389,0.5,ShoulderTotalROMDominant,82.314,98.776,16.463
Player 59,6740,Off the Dribble,Right,4,HipAlignmentRelease__zwithin,1.295,1.036,-0.259,HipAlignmentPostHitch__zwithin,1.3,1.04,-0.26,BallVeloStart__zwithin,-1.872,-1.372,0.5,ShoulderAlignmentPostHitch__zwithin,1.393,1.114,-0.279,TorsoVeloPostHitch,0.376,0.382,0.007
Player 59,6742,Catch and Shoot,Right,4,HipAlignmentRelease__zwithin,1.305,1.044,-0.261,HipAlignmentPreHitch__zwithin,1.374,1.099,-0.275,HipAlignmentPostHitch__zwithin,1.33,1.064,-0.266,BallVeloRelease__zwithin,0.157,0.444,0.286,FeetAlignmentRelease,-140.214,-112.171,28.043
Player 59,6743,Off the Dribble,Right,4,maxHipFlexionDominantPostHitch,41.017,30.811,-10.205,TorsoVeloPostHitch,-0.167,0.333,0.5,HipAlignmentPreHitch__zwithin,1.277,1.022,-0.255,HipAlignmentRelease__zwithin,1.462,1.169,-0.292,HipAlignmentPostHitch__zwithin,1.321,1.056,-0.264
Player 59,6746,Catch and Shoot,Right,4,maxHipFlexionDominantPostHitch,43.316,36.785,-6.531,HipAlignmentRelease__zwithin,1.365,1.092,-0.273,HipAlignmentPostHitch__zwithin,1.314,1.051,-0.263,HipAlignmentPreHitch__zwithin,1.371,1.097,-0.274,maxKneeExtensionDominantHitch,-74.704,-69.083,5.621
Player 59,6747,Catch and Shoot,Right,4,HipAlignmentRelease__zwithin,1.303,1.043,-0.261,HipAlignmentPreHitch__zwithin,1.298,1.038,-0.26,HipAlignmentPostHitch__zwithin,1.334,1.067,-0.267,maxShoulderFlexionAvgPostHitch,124.276,124.39,0.114,ShoulderAlignmentPostHitch__zwithin,1.517,1.214,-0.303
Player 59,6748,Catch and Shoot,Right,4,BallVeloRelease,5.489,6.126,0.637,HipAlignmentRelease__zwithin,1.307,1.046,-0.261,HipAlignmentPostHitch__zwithin,1.381,1.104,-0.276,HipAlignmentPreHitch__zwithin,1.438,1.15,-0.288,ShoulderAlignmentPostHitch__zwithin,1.484,1.187,-0.297
Player 59,6749,Off the Dribble,Right,4,maxHipFlexionDominantPostHitch,42.074,30.811,-11.262,HipAlignmentRelease__zwithin,1.423,1.139,-0.285,HipAlignmentPreHitch__zwithin,1.27,1.016,-0.254,HipAlignmentPostHitch__zwithin,1.305,1.044,-0.261,maxKneeExtensionDominantHitch,-76.106,-64.106,12.0
Player 59,6750,Catch and Shoot,Right,4,HipAlignmentRelease__zwithin,1.4,1.12,-0.28,maxHipFlexionDominantPostHitch,40.6,36.785,-3.814,HipAlignmentPreHitch__zwithin,1.294,1.035,-0.259,HipAlignmentPostHitch__zwithin,1.312,1.05,-0.262,BallVeloRelease,5.846,6.126,0.28
Player 59,6751,Catch and Shoot,Right,4,HipAlignmentRelease__zwithin,1.394,1.115,-0.279,maxHipFlexionDominantPostHitch,45.316,36.785,-8.531,HipAlignmentPostHitch__zwithin,1.303,1.043,-0.261,maxKneeExtensionDominantHitch,-74.87,-69.083,5.786,ShoulderAlignmentPostHitch__zwithin,1.445,1.156,-0.289
Player 59,6752,Catch and Shoot,Right,4,maxHipFlexionDominantPostHitch,41.95,36.785,-5.164,HipAlignmentRelease__zwithin,1.395,1.116,-0.279,HipAlignmentPostHitch__zwithin,1.32,1.056,-0.264,maxKneeExtensionDominantHitch,-71.552,-69.083,2.468,HipAlignmentPreHitch__zwithin,1.346,1.077,-0.269
Player 59,6753,Catch and Shoot,Right,4,maxHipFlexionDominantPostHitch,44.027,36.785,-7.241,TorsoVeloPostHitch,-0.119,0.381,0.5,HipAlignmentPreHitch__zwithin,1.327,1.061,-0.265,HipAlignmentRelease__zwithin,1.344,1.075,-0.269,HipAlignmentPostHitch__zwithin,1.319,1.055,-0.264
Player 59,6754,Catch and Shoot,Right,4,BallVeloRelease,5.758,6.126,0.368,HipAlignmentRelease__zwithin,1.358,1.086,-0.272,HipAlignmentPostHitch__zwithin,1.35,1.08,-0.27,HipAlignmentPreHitch__zwithin,1.367,1.093,-0.273,BallVeloRelease__zwithin,-0.2,0.3,0.5
Player 59,6755,Catch and Shoot,Right,4,HipAlignmentRelease__zwithin,1.373,1.099,-0.275,HipAlignmentPostHitch__zwithin,1.305,1.044,-0.261,HipAlignmentPreHitch__zwithin,1.357,1.086,-0.271,maxShoulderFlexionAvgPostHitch,124.587,124.39,-0.196,BallVeloRelease__zwithin,0.22,0.444,0.224
Player 59,6756,Off the Dribble,Right,4,HipAlignmentRelease__zwithin,1.3,1.04,-0.26,BallVeloRelease,5.772,5.705,-0.068,HipAlignmentPreHitch__zwithin,1.328,1.062,-0.266,HipAlignmentPostHitch__zwithin,1.302,1.042,-0.26,maxHipFlexionDominantPostHitch,39.584,30.811,-8.772
Player 59,6758,Catch and Shoot,Right,4,HipAlignmentPostHitch__zwithin,1.357,1.086,-0.271,HipAlignmentRelease__zwithin,1.316,1.053,-0.263,HipAlignmentPreHitch__zwithin,1.42,1.136,-0.284,timeToMaxShoulderFlexionNonDominantPostHitch,0.375,0.475,0.1,maxShoulderFlexionAvgPostHitch,125.272,124.39,-0.881
Player 59,6759,Catch and Shoot,Right,4,maxHipFlexionDominantPostHitch,41.048,36.785,-4.262,HipAlignmentRelease__zwithin,1.287,1.029,-0.257,HipAlignmentPostHitch__zwithin,1.318,1.055,-0.264,maxKneeExtensionDominantHitch,-70.039,-69.083,0.956,ShoulderAlignmentPostHitch__zwithin,1.384,1.108,-0.277
Player 59,6760,Catch and Shoot,Right,4,maxHipFlexionDominantPostHitch,41.045,36.785,-4.26,HipAlignmentRelease__zwithin,1.369,1.095,-0.274,HipAlignmentPostHitch__zwithin,1.333,1.066,-0.267,HipAlignmentPreHitch__zwithin,1.334,1.067,-0.267,ShoulderAlignmentPostHitch__zwithin,1.44,1.152,-0.288
Player 59,6761,Off the Dribble,Right,4,HipAlignmentRelease__zwithin,1.367,1.094,-0.273,BallVeloRelease,5.893,5.705,-0.188,HipAlignmentPreHitch__zwithin,1.375,1.1,-0.275,HipAlignmentPostHitch__zwithin,1.364,1.091,-0.273,BallVeloRelease__zwithin,0.036,-0.293,-0.329
Player 59,6762,Off the Dribble,Right,3,BallVeloRelease,4.291,5.149,0.858,ankleTotalROMAvg,-18.517,-22.221,-3.703,TorsoVeloPostHitch,0.135,0.382,0.248,BallVeloRelease__zwithin,-2.766,-2.213,0.553,maxKneeFlexionDominantPreHitch,-33.577,-45.576,-12.0
Player 59,6763,Off the Dribble,Right,3,BallVeloRelease,4.796,5.705,0.909,ankleTotalROMAvg,-20.261,-24.313,-4.052,TorsoVeloPostHitch,0.055,0.382,0.327,BallVeloRelease__zwithin,-1.883,-1.383,0.5,maxKneeFlexionDominantPreHitch,-33.681,-45.681,-12.0
Player 59,6764,Off the Dribble,Right,3,BallVeloRelease,4.858,5.705,0.847,ankleTotalROMAvg,-17.851,-21.421,-3.57,TorsoVeloPostHitch,0.125,0.382,0.257,maxKneeFlexionDominantPreHitch,-35.084,-47.084,-12.0,BallVeloRelease__zwithin,-1.775,-1.275,0.5
Player 59,6765,Off the Dribble,Right,3,BallVeloRelease,4.75,5.7,0.95,ankleTotalROMAvg,-16.2,-19.44,-3.24,TorsoVeloPostHitch,-0.095,0.382,0.478,BallVeloRelease__zwithin,-1.963,-1.463,0.5,maxKneeFlexionDominantPreHitch,-31.049,-43.049,-12.0
Player 59,6766,Off the Dribble,Right,3,BallVeloRelease,4.729,5.675,0.946,ankleTotalROMAvg,-14.545,-17.454,-2.909,TorsoVeloPostHitch,-0.015,0.382,0.397,BallVeloRelease__zwithin,-2.0,-1.5,0.5,maxKneeFlexionDominantPreHitch,-34.398,-46.398,-12.0
Player 59,6767,Off the Dribble,Right,3,BallVeloRelease,4.854,5.705,0.85,ankleTotalROMAvg,-16.796,-20.155,-3.359,TorsoVeloPostHitch,-0.058,0.382,0.44,maxKneeFlexionDominantPreHitch,-35.444,-47.444,-12.0,BallVeloRelease__zwithin,-1.781,-1.281,0.5
Player 59,6772,Catch and Shoot,Right,4,BallVeloRelease,5.693,6.126,0.433,maxHipFlexionDominantPostHitch,43.005,36.785,-6.22,maxShoulderFlexionAvgPostHitch,127.152,124.39,-2.762,ShoulderAlignmentRelease__zwithin,-1.487,-1.19,0.297,ShoulderTotalROMDominant,104.282,102.538,-1.744
Player 59,6774,Catch and Shoot,Right,4,maxHipFlexionDominantPostHitch,43.837,36.785,-7.052,maxShoulderFlexionNonDominantPostHitch,115.257,114.776,-0.481,BallVeloRelease,5.887,6.126,0.238,maxShoulderFlexionAvgPostHitch,125.422,124.39,-1.032,maxElbowExtensionDominantPostHitch,8.504,14.937,6.433
Player 59,6776,Catch and Shoot,Right,4,maxHipFlexionDominantPostHitch,42.968,36.785,-6.182,maxShoulderFlexionAvgPostHitch,122.925,124.39,1.465,maxShoulderFlexionNonDominantPostHitch,113.231,114.776,1.545,ShoulderTotalROMDominant,78.153,93.784,15.631,maxElbowFlexionDominantHitch,116.583,118.595,2.012
Player 59,6777,Off the Dribble,Right,4,maxHipFlexionDominantPostHitch,52.272,40.272,-12.0,maxShoulderFlexionAvgPostHitch,123.868,127.444,3.576,BallVeloRelease,5.832,5.705,-0.128,maxShoulderFlexionNonDominantPostHitch,115.535,119.187,3.652,ShoulderAlignmentRelease__zwithin,-1.516,-1.213,0.303
Player 59,6780,Catch and Shoot,Right,4,maxHipFlexionDominantPostHitch,41.244,36.785,-4.458,BallVeloRelease,5.905,6.126,0.221,maxShoulderFlexionAvgPostHitch,124.323,124.39,0.067,maxShoulderFlexionNonDominantPostHitch,114.874,114.776,-0.098,ShoulderAlignmentRelease__zwithin,-1.442,-1.154,0.288
Player 59,6781,Off the Dribble,Right,4,maxHipFlexionDominantPostHitch,50.699,38.699,-12.0,maxShoulderFlexionAvgPostHitch,122.586,127.444,4.858,maxShoulderFlexionNonDominantPostHitch,113.7,119.187,5.487,timeToMaxShoulderFlexionNonDominantPostHitch,0.483,0.592,0.109,BallVeloRelease,5.908,5.705,-0.204
Player 59,6783,Off the Dribble,Right,4,maxHipFlexionDominantPostHitch,46.23,34.23,-12.0,BallVeloRelease,5.823,5.705,-0.118,TorsoVeloPostHitch,0.354,0.382,0.029,maxShoulderFlexionNonDominantPostHitch,114.614,119.187,4.573,ShoulderTotalROMDominant,74.742,89.691,14.948
Player 59,6829,Catch and Shoot,Right,4,BallVeloRelease,5.723,6.126,0.403,maxKneeFlexionNonDominantPostHitch,-86.404,-74.404,12.0,maxShoulderFlexionAvgPostHitch,121.734,124.39,2.656,maxKneeExtensionNonDominantHitch,-88.782,-76.782,12.0,maxHipFlexionDominantPostHitch,42.47,36.785,-5.685
Player 59,6844,Off the Dribble,Right,4,maxKneeFlexionNonDominantPostHitch,-83.501,-71.501,12.0,HipAlignmentPostHitch__zwithin,1.25,1.0,-0.25,HipAlignmentPreHitch__zwithin,1.432,1.145,-0.286,maxKneeExtensionNonDominantHitch,-83.838,-71.838,12.0,HipAlignmentRelease__zwithin,1.32,1.056,-0.264
Player 59,6848,Off the Dribble,Right,4,maxKneeFlexionNonDominantPostHitch,-79.271,-67.271,12.0,HipAlignmentPreHitch__zwithin,1.396,1.117,-0.279,maxKneeExtensionNonDominantHitch,-81.663,-69.663,12.0,maxHipFlexionDominantPostHitch,45.215,33.215,-12.0,HipAlignmentRelease__zwithin,1.269,1.015,-0.254
Player 59,6849,Off the Dribble,Right,4,BallVeloRelease,5.81,5.705,-0.106,HipAlignmentPreHitch__zwithin,1.168,0.935,-0.234,HipAlignmentRelease__zwithin,1.327,1.061,-0.265,HipAlignmentPostHitch__zwithin,1.343,1.074,-0.269,FeetAlignmentRelease,-139.638,-111.711,27.928
Player 59,6850,Off the Dribble,Right,3,BallVeloRelease,4.979,5.705,0.726,ankleTotalROMAvg,-18.747,-22.497,-3.749,TorsoVeloPostHitch,0.155,0.382,0.228,maxKneeFlexionDominantPreHitch,-37.773,-49.773,-12.0,BallVeloRelease__zwithin,-1.563,-1.063,0.5
Player 59,6851,Off the Dribble,Right,3,BallVeloRelease,4.661,5.593,0.932,ankleTotalROMAvg,-21.578,-25.894,-4.316,TorsoVeloPostHitch,0.026,0.382,0.356,BallVeloRelease__zwithin,-2.119,-1.619,0.5,maxKneeFlexionDominantPreHitch,-33.669,-45.669,-12.0
Player 59,6852,Off the Dribble,Right,3,BallVeloRelease,4.841,5.705,0.863,ankleTotalROMAvg,-19.471,-23.365,-3.894,TorsoVeloPostHitch,0.15,0.382,0.232,BallVeloRelease__zwithin,-1.803,-1.303,0.5,maxKneeFlexionDominantPreHitch,-35.13,-47.13,-12.0
Player 59,6853,Off the Dribble,Right,3,BallVeloRelease,4.809,5.705,0.895,ankleTotalROMAvg,-21.494,-25.793,-4.299,TorsoVeloPostHitch,0.088,0.382,0.295,maxKneeFlexionDominantPreHitch,-37.198,-49.198,-12.0,BallVeloRelease__zwithin,-1.859,-1.359,0.5
Player 59,6854,Off the Dribble,Right,3,BallVeloRelease,4.683,5.62,0.937,TorsoVeloPostHitch,0.231,0.382,0.151,ankleTotalROMAvg,-26.546,-31.855,-5.309,maxKneeFlexionDominantPreHitch,-40.676,-52.676,-12.0,BallVeloRelease__zwithin,-2.081,-1.581,0.5
Player 59,6855,Off the Dribble,Right,3,BallVeloRelease,4.78,5.705,0.924,TorsoVeloPostHitch,0.091,0.382,0.292,ankleTotalROMAvg,-27.587,-33.105,-5.517,maxKneeFlexionDominantPreHitch,-35.625,-47.625,-12.0,BallVeloRelease__zwithin,-1.91,-1.41,0.5
Player 59,6857,Off the Dribble,Right,3,ankleTotalROMAvg,-12.964,-15.556,-2.593,TorsoVeloPostHitch,0.012,0.382,0.37,BallVeloPostHitch,-0.451,0.049,0.5,BallVeloRelease,5.458,5.705,0.246,maxAnklePlantarflexionNonDominantPostHitch,13.601,10.881,-2.72
Player 59,6858,Off the Dribble,Right,4,BallVeloRelease,5.672,5.705,0.033,maxShoulderFlexionNonDominantPostHitch,111.025,119.187,8.162,maxTorsoFlexionPreHitch__zwithin,-1.666,0.746,2.411,BallVeloRelease__zwithin,-0.35,-0.293,0.057,maxShoulderFlexionAvgPostHitch,124.741,127.444,2.702
Player 59,6859,Catch and Shoot,Right,4,BallVeloRelease,5.834,6.126,0.292,BallVeloRelease__zwithin,-0.067,0.433,0.5,maxShoulderFlexionNonDominantPostHitch,112.934,114.776,1.842,maxShoulderFlexionAvgPostHitch,124.722,124.39,-0.332,maxKneeExtensionDominantHitch,-68.299,-69.083,-0.784
Player 59,6860,Off the Dribble,Right,4,BallVeloRelease,5.939,5.705,-0.234,BallVeloRelease__zwithin,0.117,-0.293,-0.41,maxShoulderFlexionNonDominantPostHitch,115.775,119.187,3.413,maxHipFlexionDominantPostHitch,38.295,30.811,-7.484,maxShoulderFlexionAvgPostHitch,126.931,127.444,0.512
Player 59,6861,Catch and Shoot,Right,4,BallVeloRelease,5.744,6.126,0.381,BallVeloRelease__zwithin,-0.223,0.277,0.5,maxShoulderFlexionNonDominantPostHitch,113.366,114.776,1.41,maxKneeExtensionNonDominantHitch,-73.439,-68.055,5.385,maxShoulderFlexionAvgPostHitch,126.241,124.39,-1.851
Player 59,6862,Off the Dribble,Right,4,maxElbowExtensionDominantPostHitch,6.885,17.816,10.931,maxShoulderFlexionNonDominantPostHitch,112.546,119.187,6.641,maxTorsoFlexionPreHitch__zwithin,-1.336,0.746,2.082,maxHipFlexionDominantPostHitch,38.084,30.811,-7.273,maxKneeExtensionNonDominantHitch,-73.124,-61.124,12.0
Player 59,6863,Off the Dribble,Right,4,BallVeloRelease,5.581,5.705,0.124,maxShoulderFlexionNonDominantPostHitch,117.465,119.187,1.723,BallVeloRelease__zwithin,-0.509,-0.293,0.216,ShoulderAlignmentRelease__zwithin,-1.359,-1.087,0.272,maxTorsoFlexionPreHitch__zwithin,-1.463,0.746,2.209
Player 59,6864,Off the Dribble,Right,4,BallVeloRelease,5.694,5.705,0.011,maxHipFlexionDominantPostHitch,40.431,30.811,-9.62,maxShoulderFlexionAvgPostHitch,122.832,127.444,4.611,ShoulderAlignmentRelease__zwithin,-1.306,-1.045,0.261,timeToMaxElbowFlexionDomDiffPostHitch__zwithin,0.522,0.006,-0.516
Player 59,6865,Off the Dribble,Right,4,BallVeloRelease,5.799,5.705,-0.094,maxShoulderFlexionNonDominantPostHitch,113.324,119.187,5.864,BallVeloRelease__zwithin,-0.128,-0.293,-0.165,maxShoulderFlexionAvgPostHitch,126.872,127.444,0.572,maxTorsoFlexionPreHitch__zwithin,-1.602,0.746,2.348
Player 59,6866,Catch and Shoot,Right,4,BallVeloRelease,5.9,6.126,0.226,maxHipFlexionDominantPostHitch,40.966,36.785,-4.181,BallVeloRelease__zwithin,0.049,0.444,0.395,maxKneeExtensionNonDominantHitch,-77.315,-68.055,9.261,maxShoulderFlexionNonDominantPostHitch,111.301,114.776,3.475
Player 59,6868,Off the Dribble,Right,4,BallVeloRelease,5.598,5.705,0.107,maxShoulderFlexionNonDominantPostHitch,111.39,119.187,7.797,maxElbowExtensionDominantPostHitch,7.664,17.816,10.152,maxKneeExtensionNonDominantHitch,-73.195,-61.195,12.0,BallVeloRelease__zwithin,-0.48,-0.293,0.187
Player 59,6869,Off the Dribble,Right,4,BallVeloRelease,5.862,5.705,-0.158,maxElbowExtensionDominantPostHitch,8.004,17.816,9.812,BallVeloRelease__zwithin,-0.017,-0.293,-0.276,maxShoulderFlexionNonDominantPostHitch,114.145,119.187,5.042,timeToMaxElbowExtensionDomDiffPostHitch,0.034,0.008,-0.026
Player 59,6870,Off the Dribble,Right,4,maxElbowExtensionDominantPostHitch,7.608,17.816,10.208,maxShoulderFlexionNonDominantPostHitch,113.249,119.187,5.938,maxShoulderFlexionAvgPostHitch,126.475,127.444,0.969,maxKneeExtensionNonDominantHitch,-72.915,-60.915,12.0,BallVeloRelease__zwithin,0.235,-0.265,-0.5
Player 59,6871,Off the Dribble,Right,4,maxShoulderFlexionNonDominantPostHitch,114.215,119.187,4.973,maxTorsoFlexionPreHitch__zwithin,-1.519,0.746,2.265,TorsoTotalROMAvg__zwithin,2.121,1.697,-0.424,maxHipExtensionAvgHitch__zwithin,-0.252,-0.723,-0.471,HipAlignmentPostHitch__zwithin,-1.512,-1.21,0.302
Player 59,6872,Off the Dribble,Right,4,BallVeloRelease,5.702,5.705,0.002,maxHipFlexionDominantPostHitch,39.817,30.811,-9.006,maxShoulderFlexionAvgPostHitch,124.452,127.444,2.992,BallVeloRelease__zwithin,-0.297,-0.293,0.004,maxKneeFlexionNonDominantPostHitch,-76.336,-64.336,12.0
Player 59,6873,Off the Dribble,Right,4,BallVeloRelease,5.789,5.705,-0.084,maxShoulderFlexionAvgPostHitch,123.981,127.444,3.463,BallVeloRelease__zwithin,-0.146,-0.293,-0.147,maxShoulderFlexionNonDominantPostHitch,111.0,119.187,8.187,maxKneeExtensionNonDominantHitch,-74.138,-62.138,12.0
Player 59,6874,Catch and Shoot,Right,4,maxShoulderFlexionNonDominantPostHitch,115.098,114.776,-0.322,maxHipFlexionDominantPostHitch,39.029,36.785,-2.243,maxTorsoFlexionPreHitch__zwithin,-1.173,-0.301,0.873,maxKneeExtensionNonDominantHitch,-73.747,-68.055,5.692,maxShoulderFlexionAvgPostHitch,129.076,124.39,-4.686
Player 59,6875,Off the Dribble,Right,4,maxShoulderFlexionNonDominantPostHitch,114.312,119.187,4.875,maxShoulderFlexionAvgPostHitch,127.989,127.444,-0.546,maxHipExtensionAvgHitch__zwithin,-1.102,-0.723,0.379,ShoulderAlignmentRelease__zwithin,-1.296,-1.037,0.259,timeToMaxKneeFlexionDomDiffHitch,0.058,0.0,-0.058
Player 59,6876,Off the Dribble,Right,4,BallVeloRelease,5.957,5.705,-0.253,maxShoulderFlexionNonDominantPostHitch,113.52,119.187,5.667,BallVeloRelease__zwithin,0.149,-0.293,-0.442,maxHipFlexionDominantPostHitch,37.099,30.811,-6.288,maxElbowExtensionDominantPostHitch,8.799,17.816,9.017
Player 59,6878,Catch and Shoot,Right,4,maxElbowExtensionDominantPostHitch,6.609,14.937,8.328,BallVeloRelease__zwithin,0.222,0.444,0.222,maxHipFlexionDominantPostHitch,39.995,36.785,-3.209,maxKneeFlexionNonDominantPostHitch,-77.082,-67.109,9.972,BallVeloRelease,5.999,6.126,0.127
Player 59,6880,Catch and Shoot,Right,4,BallVeloRelease,5.679,6.126,0.447,BallVeloRelease__zwithin,-0.338,0.162,0.5,maxShoulderFlexionAvgPostHitch,122.069,124.39,2.321,maxKneeExtensionDominantPostHitch,-29.174,-20.534,8.641,TorsoTotalROMAvg__zwithin,2.208,1.766,-0.442
Player 59,6886,Catch and Shoot,Right,4,maxElbowExtensionDominantPostHitch,7.652,14.937,7.284,BallVeloRelease__zwithin,0.093,0.444,0.351,BallVeloRelease,5.925,6.126,0.201,maxShoulderFlexionAvgPostHitch,123.776,124.39,0.614,maxKneeFlexionNonDominantPostHitch,-74.227,-67.109,7.118
Player 59,6887,Catch and Shoot,Right,4,maxElbowExtensionDominantPostHitch,2.184,14.184,12.0,BallVeloRelease__zwithin,0.179,0.444,0.265,maxKneeFlexionNonDominantPostHitch,-74.22,-67.109,7.111,maxShoulderFlexionAvgPostHitch,126.654,124.39,-2.264,maxShoulderFlexionNonDominantPostHitch,115.115,114.776,-0.339
Player 59,6888,Off the Dribble,Right,4,BallVeloRelease,5.876,5.705,-0.172,maxElbowExtensionDominantPostHitch,6.062,17.816,11.754,BallVeloRelease__zwithin,0.008,-0.293,-0.301,maxShoulderFlexionNonDominantPostHitch,111.891,119.187,7.296,maxShoulderFlexionAvgPostHitch,125.645,127.444,1.799
Player 59,6889,Off the Dribble,Right,4,BallVeloRelease,5.84,5.705,-0.135,maxElbowExtensionDominantPostHitch,2.648,14.648,12.0,BallVeloRelease__zwithin,-0.056,-0.293,-0.237,maxShoulderFlexionAvgPostHitch,125.615,127.444,1.829,maxShoulderFlexionNonDominantPostHitch,112.15,119.187,7.038
Player 59,6890,Off the Dribble,Right,4,BallVeloRelease,5.823,5.705,-0.118,maxElbowExtensionDominantPostHitch,3.671,15.672,12.0,BallVeloRelease__zwithin,-0.086,-0.293,-0.207,maxKneeFlexionNonDominantPostHitch,-76.424,-64.424,12.0,maxHipFlexionDominantPostHitch,39.276,30.811,-8.465
Player 59,6892,Catch and Shoot,Right,4,BallVeloRelease,5.859,6.126,0.267,maxElbowExtensionDominantPostHitch,7.635,14.937,7.301,BallVeloRelease__zwithin,-0.023,0.444,0.466,maxHipFlexionDominantPostHitch,40.101,36.785,-3.316,maxKneeFlexionNonDominantPostHitch,-76.416,-67.109,9.307
Player 59,6893,Off the Dribble,Right,4,maxElbowExtensionDominantPostHitch,2.901,14.901,12.0,BallVeloRelease__zwithin,0.209,-0.291,-0.5,BallVeloRelease,5.992,5.705,-0.287,maxKneeFlexionNonDominantPostHitch,-75.019,-63.019,12.0,maxShoulderFlexionAvgPostHitch,128.453,127.444,-1.01
Player 59,6897,Catch and Shoot,Right,4,BallVeloRelease__zwithin,0.245,0.444,0.199,maxElbowExtensionDominantPostHitch,9.131,14.937,5.806,maxShoulderFlexionAvgPostHitch,123.362,124.39,1.028,BallVeloRelease,6.012,6.126,0.114,maxKneeExtensionNonDominantHitch,-74.693,-68.055,6.639
Player 59,6898,Catch and Shoot,Right,4,maxElbowExtensionDominantPostHitch,7.538,14.937,7.398,BallVeloRelease__zwithin,0.315,0.444,0.129,maxKneeFlexionNonDominantPostHitch,-73.621,-67.109,6.511,maxKneeExtensionNonDominantHitch,-74.509,-68.055,6.455,maxShoulderFlexionDomDiffPostHitch__zwithin,1.436,0.188,-1.248
Player 59,6899,Catch and Shoot,Right,4,maxElbowExtensionDominantPostHitch,7.828,14.937,7.109,BallVeloRelease__zwithin,0.138,0.444,0.306,BallVeloRelease,5.951,6.126,0.175,maxShoulderFlexionAvgPostHitch,123.08,124.39,1.31,maxKneeExtensionNonDominantPostHitch,-24.516,-17.269,7.247
Player 59,6901,Off the Dribble,Right,4,maxKneeExtensionDominantHitch,-71.53,-59.53,12.0,HipAlignmentRelease__zwithin,0.934,0.747,-0.187,HipAlignmentPostHitch__zwithin,0.97,0.776,-0.194,ShoulderAlignmentPostHitch__zwithin,0.961,0.769,-0.192,BallVeloRelease,5.957,5.705,-0.253
Player 59,6903,Catch and Shoot,Right,4,HipAlignmentPostHitch__zwithin,0.936,0.748,-0.187,HipAlignmentRelease__zwithin,0.977,0.782,-0.195,maxKneeExtensionDominantHitch,-73.947,-69.083,4.864,ShoulderAlignmentPostHitch__zwithin,0.935,0.748,-0.187,BallVeloRelease__zwithin,0.221,0.444,0.223
Player 59,6905,Catch and Shoot,Right,4,HipAlignmentRelease__zwithin,0.906,0.725,-0.181,maxKneeExtensionDominantHitch,-75.015,-69.083,5.932,HipAlignmentPostHitch__zwithin,0.927,0.742,-0.185,BallVeloRelease__zwithin,0.181,0.444,0.262,ShoulderAlignmentPostHitch__zwithin,0.874,0.7,-0.175
Player 59,6906,Off the Dribble,Right,4,BallVeloRelease,5.854,5.705,-0.149,maxKneeFlexionNonDominantPostHitch,-76.464,-64.464,12.0,maxKneeExtensionDominantHitch,-79.368,-67.368,12.0,BallVeloRelease__zwithin,-0.032,-0.293,-0.261,maxKneeFlexionDominantPostHitch,-79.519,-67.519,12.0
Player 59,6907,Off the Dribble,Right,4,HipAlignmentPostHitch__zwithin,0.945,0.756,-0.189,HipAlignmentRelease__zwithin,0.906,0.725,-0.181,BallVeloRelease__zwithin,0.182,-0.293,-0.475,maxKneeFlexionNonDominantPostHitch,-75.166,-63.166,12.0,maxShoulderFlexionAvgPostHitch,123.541,127.444,3.903
Player 59,6909,Catch and Shoot,Right,4,HipAlignmentRelease__zwithin,0.949,0.759,-0.19,HipAlignmentPostHitch__zwithin,0.896,0.717,-0.179,maxShoulderFlexionAvgPostHitch,120.909,124.39,3.481,maxShoulderExtensionDomDiffHitch,-26.276,-19.819,6.458,ShoulderTotalROMDominant,108.674,102.538,-6.136
Player 59,6912,Catch and Shoot,Right,4,BallVeloRelease,5.861,6.126,0.265,maxKneeFlexionDominantPostHitch,-78.749,-68.235,10.514,HipAlignmentPostHitch__zwithin,0.954,0.763,-0.191,HipAlignmentRelease__zwithin,0.946,0.757,-0.189,maxKneeFlexionNonDominantPostHitch,-75.82,-67.109,8.71
Player 59,6914,Catch and Shoot,Right,4,maxKneeExtensionDominantHitch,-69.841,-69.083,0.758,HipAlignmentRelease__zwithin,1.473,1.178,-0.295,HipAlignmentPreHitch__zwithin,1.499,1.199,-0.3,ShoulderAlignmentPostHitch__zwithin,1.538,1.231,-0.308,HipAlignmentPostHitch__zwithin,1.46,1.168,-0.292
Player 59,6915,Off the Dribble,Right,4,HipAlignmentPostHitch__zwithin,1.468,1.174,-0.294,HipAlignmentRelease__zwithin,1.414,1.131,-0.283,HipAlignmentPreHitch__zwithin,1.478,1.183,-0.296,ShoulderAlignmentPostHitch__zwithin,1.554,1.244,-0.311,maxShoulderFlexionNonDominantPostHitch,114.031,119.187,5.156
Player 59,6916,Off the Dribble,Right,4,HipAlignmentPreHitch__zwithin,1.272,1.017,-0.254,maxElbowExtensionDominantPostHitch,7.252,17.816,10.564,HipAlignmentRelease__zwithin,1.49,1.192,-0.298,timeToMaxElbowFlexionDominantHitch__zwithin,2.85,0.58,-2.27,HipAlignmentPostHitch__zwithin,1.442,1.154,-0.288
Player 59,6917,Off the Dribble,Right,4,BallVeloPostHitch,-0.562,-0.062,0.5,maxKneeExtensionDominantHitch,-70.141,-59.383,10.758,maxElbowExtensionDominantPostHitch,0.062,12.062,12.0,BallVeloRelease,5.98,5.705,-0.275,maxTorsoFlexionPostHitch,-5.948,0.031,5.979
Player 59,6918,Off the Dribble,Right,4,maxKneeExtensionDominantHitch,-71.339,-59.383,11.956,HipAlignmentRelease__zwithin,1.456,1.165,-0.291,HipAlignmentPreHitch__zwithin,1.423,1.138,-0.285,ShoulderAlignmentPostHitch__zwithin,1.587,1.27,-0.317,HipAlignmentPostHitch__zwithin,1.463,1.17,-0.293
Player 59,6920,Off the Dribble,Right,4,maxKneeExtensionDominantHitch,-70.865,-59.383,11.482,maxElbowExtensionDominantPostHitch,6.952,17.816,10.864,ShoulderAlignmentPostHitch__zwithin,1.548,1.238,-0.31,HipAlignmentRelease__zwithin,1.462,1.169,-0.292,HipAlignmentPostHitch__zwithin,1.48,1.184,-0.296
Player 59,6921,Off the Dribble,Right,4,maxKneeExtensionDominantHitch,-72.625,-60.625,12.0,HipAlignmentRelease__zwithin,1.438,1.151,-0.288,ShoulderAlignmentPostHitch__zwithin,1.502,1.202,-0.3,HipAlignmentPreHitch__zwithin,1.485,1.188,-0.297,HipAlignmentPostHitch__zwithin,1.451,1.161,-0.29
Player 59,6923,Catch and Shoot,Right,4,HipAlignmentPostHitch__zwithin,1.313,1.05,-0.263,maxElbowExtensionDominantPostHitch,4.409,14.937,10.528,maxKneeExtensionDominantHitch,-68.451,-69.083,-0.632,ShoulderAlignmentPostHitch__zwithin,1.401,1.121,-0.28,HipAlignmentPreHitch__zwithin,1.435,1.148,-0.287
Player 59,6924,Catch and Shoot,Right,4,HipAlignmentPreHitch__zwithin,1.415,1.132,-0.283,HipAlignmentRelease__zwithin,1.478,1.182,-0.296,BallVeloRelease,5.993,6.126,0.133,HipAlignmentPostHitch__zwithin,1.493,1.195,-0.299,ShoulderAlignmentRelease__zwithin,1.648,1.318,-0.33
Player 59,6925,Off the Dribble,Right,4,BallVeloRelease,2.473,2.973,0.5,ankleTotalROMAvg,-19.941,-23.929,-3.988,maxKneeExtensionDominantHitch,-71.116,-59.383,11.733,timeToMaxShoulderFlexionDominantPostHitch,0.408,0.613,0.205,KneeTotalROMAvg,41.909,47.325,5.416
Player 59,6926,Catch and Shoot,Right,4,HipAlignmentPreHitch__zwithin,1.457,1.166,-0.291,maxElbowExtensionDominantPostHitch,3.999,14.937,10.938,HipAlignmentRelease__zwithin,1.489,1.191,-0.298,HipAlignmentPostHitch__zwithin,1.537,1.229,-0.307,ShoulderAlignmentPostHitch__zwithin,1.584,1.267,-0.317
Player 59,6927,Catch and Shoot,Right,4,HipAlignmentPreHitch__zwithin,1.498,1.198,-0.3,maxElbowExtensionDominantPostHitch,6.524,14.937,8.413,BallVeloRelease,6.0,6.126,0.126,HipAlignmentPostHitch__zwithin,1.4,1.12,-0.28,HipAlignmentRelease__zwithin,1.433,1.147,-0.287
Player 59,6928,Catch and Shoot,Right,4,BallVeloRelease,5.797,6.126,0.329,maxKneeExtensionDominantHitch,-70.404,-69.083,1.321,HipAlignmentPreHitch__zwithin,1.424,1.139,-0.285,ShoulderAlignmentPostHitch__zwithin,1.648,1.318,-0.33,HipAlignmentRelease__zwithin,1.526,1.221,-0.305
Player 59,6929,Catch and Shoot,Right,4,BallVeloRelease,5.847,6.126,0.278,maxElbowExtensionDominantPostHitch,5.418,14.937,9.519,HipAlignmentPreHitch__zwithin,1.373,1.099,-0.275,HipAlignmentRelease__zwithin,1.469,1.175,-0.294,BallVeloRelease__zwithin,-0.043,0.444,0.487
Player 59,6930,Off the Dribble,Right,4,BallVeloRelease,5.854,5.705,-0.15,HipAlignmentRelease__zwithin,1.429,1.143,-0.286,BallVeloRelease__zwithin,-0.031,-0.293,-0.262,HipAlignmentPreHitch__zwithin,1.459,1.168,-0.292,HipAlignmentPostHitch__zwithin,1.41,1.128,-0.282
Player 59,6931,Catch and Shoot,Right,4,BallVeloRelease,5.922,6.126,0.203,HipAlignmentPreHitch__zwithin,1.409,1.127,-0.282,HipAlignmentRelease__zwithin,1.472,1.178,-0.294,HipAlignmentPostHitch__zwithin,1.475,1.18,-0.295,BallVeloStart__zwithin,-1.164,-0.664,0.5
Player 59,6932,Off the Dribble,Right,4,HipAlignmentPreHitch__zwithin,1.472,1.177,-0.294,HipAlignmentRelease__zwithin,1.481,1.185,-0.296,maxElbowExtensionDominantPostHitch,4.354,16.354,12.0,BallVeloRelease,5.968,5.705,-0.263,HipAlignmentPostHitch__zwithin,1.414,1.131,-0.283
Player 59,6934,Off the Dribble,Right,4,BallVeloRelease,5.865,5.705,-0.16,HipAlignmentRelease__zwithin,1.445,1.156,-0.289,maxElbowExtensionDominantPostHitch,6.747,17.816,11.069,HipAlignmentPreHitch__zwithin,1.348,1.078,-0.27,HipAlignmentPostHitch__zwithin,1.494,1.195,-0.299
Player 59,6936,Off the Dribble,Right,4,HipAlignmentPostHitch__zwithin,1.448,1.159,-0.29,HipAlignmentPreHitch__zwithin,1.444,1.155,-0.289,maxKneeExtensionDominantHitch,-69.004,-59.383,9.621,maxElbowExtensionDominantPostHitch,4.606,16.606,12.0,HipAlignmentRelease__zwithin,1.377,1.102,-0.275
Player 59,6937,Off the Dribble,Right,4,HipAlignmentPreHitch__zwithin,1.48,1.184,-0.296,maxKneeExtensionDominantHitch,-68.946,-59.383,9.563,HipAlignmentPostHitch__zwithin,1.452,1.162,-0.29,HipAlignmentRelease__zwithin,1.423,1.138,-0.285,BallVeloRelease,6.013,5.705,-0.309
Player 59,6938,Off the Dribble,Right,4,HipAlignmentPreHitch__zwithin,1.336,1.069,-0.267,HipAlignmentPostHitch__zwithin,1.439,1.151,-0.288,HipAlignmentRelease__zwithin,1.465,1.172,-0.293,ShoulderAlignmentPostHitch__zwithin,1.639,1.311,-0.328,ShoulderAlignmentRelease__zwithin,1.638,1.311,-0.328
Player 59,6952,Off the Dribble,Right,4,maxKneeFlexionNonDominantPostHitch,-79.036,-67.036,12.0,BallVeloRelease__zwithin,0.111,-0.293,-0.404,maxKneeExtensionNonDominantHitch,-82.649,-70.649,12.0,BallVeloRelease,5.935,5.705,-0.231,Max.Ball.Released..Away.from.body.__zwithin,2.386,1.909,-0.477
Player 59,6955,Off the Dribble,Right,4,BallVeloRelease,5.84,5.705,-0.136,maxKneeFlexionNonDominantPostHitch,-83.594,-71.594,12.0,BallVeloRelease__zwithin,-0.056,-0.293,-0.237,maxKneeExtensionNonDominantHitch,-85.041,-73.041,12.0,maxShoulderFlexionAvgPostHitch,118.017,127.444,9.426
Player 59,6957,Catch and Shoot,Right,4,BallVeloRelease,5.909,6.126,0.216,maxHipExtensionNonDominantHitch__zwithin,-3.209,0.274,3.483,Max.Ball.Released..Away.from.body.,0.87,0.696,-0.174,BallVeloRelease__zwithin,0.065,0.444,0.379,Max.Ball.Released..Away.from.body.__zwithin,3.623,2.898,-0.725
Player 59,6959,Off the Dribble,Right,4,BallVeloRelease__zwithin,0.125,-0.293,-0.418,Max.Ball.Released..Away.from.body.,0.812,0.65,-0.162,BallVeloRelease,5.943,5.705,-0.239,maxShoulderFlexionAvgPostHitch,119.372,127.444,8.072,Max.Ball.Released..Away.from.body.__zwithin,2.752,2.202,-0.55
Player 59,6961,Off the Dribble,Right,4,maxKneeFlexionNonDominantPostHitch,-79.032,-67.032,12.0,maxKneeExtensionNonDominantHitch,-81.522,-69.522,12.0,Max.Ball.Released..Away.from.body.__zwithin,1.622,1.298,-0.324,maxShoulderFlexionAvgPostHitch,120.186,127.444,7.257,BallVeloRelease__zwithin,0.311,-0.189,-0.5
Player 59,6962,Off the Dribble,Right,4,maxShoulderFlexionNonDominantPostHitch,119.57,119.187,-0.382,timeToMaxShoulderExtensionDomDiffHitch__zwithin,0.077,-0.014,-0.09,maxHipFlexionDominantPostHitch,35.879,30.811,-5.068,ShoulderTotalROMDominant,101.517,105.087,3.57,maxHipExtensionNonDominantHitch,31.278,28.033,-3.245
Player 59,6964,Off the Dribble,Right,4,maxElbowExtensionDominantPostHitch,7.418,17.816,10.398,maxHipFlexionDominantPostHitch,40.507,30.811,-9.696,maxShoulderFlexionNonDominantPostHitch,113.267,119.187,5.921,maxTorsoFlexionPreHitch__zwithin,-1.572,0.746,2.318,maxShoulderFlexionAvgPostHitch,128.989,127.444,-1.546
Player 59,6965,Catch and Shoot,Right,4,maxHipFlexionDominantPostHitch,42.999,36.785,-6.213,BallVeloRelease,5.925,6.126,0.2,maxShoulderFlexionNonDominantPostHitch,115.297,114.776,-0.521,BallVeloRelease__zwithin,0.093,0.444,0.35,maxKneeFlexionNonDominantPostHitch,-74.714,-67.109,7.604
Player 59,6966,Catch and Shoot,Right,4,BallVeloRelease,5.599,6.126,0.527,maxElbowExtensionDominantPostHitch,3.42,14.937,11.517,BallVeloRelease__zwithin,-0.478,0.022,0.5,maxHipFlexionDominantPostHitch,39.142,36.785,-2.357,maxShoulderFlexionNonDominantPostHitch,114.96,114.776,-0.183
Player 59,6967,Off the Dribble,Right,4,maxShoulderFlexionNonDominantPostHitch,114.524,119.187,4.664,maxElbowExtensionDominantPostHitch,8.289,17.816,9.527,maxHipFlexionDominantPostHitch,37.665,30.811,-6.854,BallVeloStart__zwithin,-1.073,-0.573,0.5,maxShoulderFlexionAvgPostHitch,129.152,127.444,-1.708
Player 59,6968,Off the Dribble,Right,4,maxElbowExtensionDominantPostHitch,4.116,16.116,12.0,maxShoulderFlexionNonDominantPostHitch,116.564,119.187,2.623,maxTorsoFlexionPreHitch__zwithin,-1.289,0.746,2.035,BallVeloStart__zwithin,-0.998,-0.498,0.5,maxHipFlexionDominantPostHitch,36.833,30.811,-6.022
Player 59,6969,Off the Dribble,Right,4,BallVeloRelease,5.889,5.705,-0.185,BallVeloRelease__zwithin,0.03,-0.293,-0.323,maxHipFlexionDominantPostHitch,39.406,30.811,-8.595,maxShoulderFlexionNonDominantPostHitch,116.995,119.187,2.192,maxKneeFlexionNonDominantPostHitch,-73.726,-61.726,12.0
Player 59,6970,Off the Dribble,Right,4,maxElbowExtensionDominantPostHitch,3.833,15.833,12.0,maxShoulderFlexionNonDominantPostHitch,118.729,119.187,0.458,HipAlignmentPostHitch__zwithin,-1.417,-1.134,0.283,maxShoulderFlexionAvgPostHitch,129.588,127.444,-2.144,ShoulderAlignmentRelease__zwithin,-1.345,-1.076,0.269
Player 59,6971,Off the Dribble,Right,4,ShoulderAlignmentRelease__zwithin,-1.315,-1.052,0.263,maxElbowExtensionDominantPostHitch,4.538,16.538,12.0,maxShoulderFlexionNonDominantPostHitch,122.491,119.187,-3.304,maxKneeFlexionNonDominantPostHitch,-75.569,-63.569,12.0,timeToMaxElbowFlexionDomDiffPostHitch__zwithin,0.508,0.006,-0.502
Player 59,6973,Off the Dribble,Right,4,BallVeloRelease,5.865,5.705,-0.16,maxHipFlexionDominantPostHitch,39.283,30.811,-8.472,BallVeloRelease__zwithin,-0.013,-0.293,-0.28,maxShoulderFlexionNonDominantPostHitch,111.451,119.187,7.736,HipAlignmentPostHitch__zwithin,-1.549,-1.239,0.31
Player 59,6975,Off the Dribble,Right,4,BallVeloRelease,5.907,5.705,-0.203,BallVeloRelease__zwithin,0.061,-0.293,-0.354,maxShoulderFlexionNonDominantPostHitch,114.851,119.187,4.337,ShoulderTotalROMDominant,92.698,105.087,12.389,maxHipFlexionDominantPostHitch,37.832,30.811,-7.021
Player 59,6976,Off the Dribble,Right,4,maxHipFlexionDominantPostHitch,45.835,33.835,-12.0,maxKneeExtensionNonDominantHitch,-78.532,-66.532,12.0,maxShoulderFlexionNonDominantPostHitch,117.4,119.187,1.787,maxKneeFlexionNonDominantPostHitch,-77.104,-65.104,12.0,maxTorsoFlexionPreHitch__zwithin,-1.259,0.746,2.005
Player 59,6977,Off the Dribble,Right,4,maxHipFlexionDominantPostHitch,41.115,30.811,-10.304,maxShoulderFlexionAvgPostHitch,123.824,127.444,3.62,maxKneeExtensionNonDominantHitch,-75.018,-63.018,12.0,timeToMaxAnkleDorsiflexionDominantHitch,0.116,0.139,0.023,maxKneeFlexionNonDominantPostHitch,-73.822,-61.822,12.0
Player 59,6978,Off the Dribble,Right,4,BallVeloRelease,5.771,5.705,-0.067,maxElbowExtensionDominantPostHitch,3.647,15.647,12.0,maxHipFlexionDominantPostHitch,40.92,30.811,-10.109,BallVeloRelease__zwithin,-0.177,-0.293,-0.116,ShoulderAlignmentRelease__zwithin,-1.343,-1.074,0.269
Player 59,6979,Off the Dribble,Right,4,maxElbowExtensionDominantPostHitch,4.619,16.619,12.0,maxShoulderFlexionNonDominantPostHitch,114.58,119.187,4.608,maxKneeFlexionNonDominantPostHitch,-73.208,-61.208,12.0,maxShoulderFlexionAvgPostHitch,128.824,127.444,-1.38,maxHipFlexionDominantPostHitch,38.79,30.811,-7.979
Player 59,6982,Off the Dribble,Right,4,maxElbowExtensionDominantPostHitch,5.543,17.543,12.0,maxHipFlexionDominantPostHitch,41.489,30.811,-10.678,maxShoulderFlexionNonDominantPostHitch,114.666,119.187,4.521,BallVeloStart__zwithin,-0.961,-0.461,0.5,maxKneeExtensionNonDominantHitch,-75.021,-63.021,12.0
Player 59,6986,Catch and Shoot,Right,4,maxElbowExtensionDominantPostHitch,6.498,14.937,8.439,BallVeloRelease,5.915,6.126,0.211,BallVeloRelease__zwithin,0.074,0.444,0.369,maxKneeFlexionNonDominantPostHitch,-73.752,-67.109,6.643,maxShoulderFlexionDomDiffPostHitch__zwithin,1.313,0.188,-1.125
Player 59,6992,Catch and Shoot,Right,4,BallVeloRelease,5.734,6.126,0.392,maxElbowExtensionDominantPostHitch,8.036,14.937,6.901,maxHipFlexionDominantPostHitch,42.045,36.785,-5.26,BallVeloRelease__zwithin,-0.242,0.258,0.5,maxKneeExtensionDominantPostHitch,-27.025,-20.534,6.492
Player 59,7000,Off the Dribble,Right,4,BallVeloRelease,5.697,5.705,0.007,Max.Ball.Released..Away.from.body.,0.842,0.673,-0.168,BallVeloRelease__zwithin,-0.306,-0.293,0.013,maxKneeExtensionNonDominantHitch,-79.776,-67.776,12.0,maxHipFlexionDominantPostHitch,39.991,30.811,-9.18
Player 59,7001,Off the Dribble,Right,4,BallVeloRelease,5.723,5.705,-0.018,maxKneeFlexionNonDominantPostHitch,-79.496,-67.496,12.0,maxHipFlexionDominantPostHitch,41.706,30.811,-10.895,BallVeloRelease__zwithin,-0.261,-0.293,-0.032,maxKneeExtensionNonDominantHitch,-81.815,-69.815,12.0
Player 59,7003,Off the Dribble,Right,4,BallVeloRelease,5.739,5.705,-0.034,maxKneeFlexionNonDominantPostHitch,-79.298,-67.298,12.0,BallVeloRelease__zwithin,-0.233,-0.293,-0.06,maxHipFlexionDominantPostHitch,41.109,30.811,-10.298,maxKneeExtensionNonDominantHitch,-80.522,-68.522,12.0
Player 59,7004,Off the Dribble,Right,4,BallVeloRelease,5.859,5.705,-0.155,maxHipFlexionDominantPostHitch,40.583,30.811,-9.772,BallVeloRelease__zwithin,-0.023,-0.293,-0.27,maxAnklePlantarflexionDomDiffPostHitch,-4.876,-3.901,0.975,maxShoulderFlexionAvgPostHitch,125.216,127.444,2.228
Player 59,7006,Off the Dribble,Right,3,BallVeloRelease,4.747,5.696,0.949,ankleTotalROMAvg,-19.981,-23.978,-3.996,TorsoVeloPostHitch,0.204,0.382,0.178,BallVeloRelease__zwithin,-1.969,-1.469,0.5,maxElbowExtensionDominantPostHitch,8.306,17.816,9.51
Player 59,7007,Off the Dribble,Right,3,BallVeloRelease,4.822,5.705,0.883,ankleTotalROMAvg,-18.36,-22.032,-3.672,TorsoVeloPostHitch,0.133,0.382,0.25,BallVeloRelease__zwithin,-1.838,-1.338,0.5,KneeTotalROMAvg,28.498,34.198,5.7
Player 59,7008,Off the Dribble,Right,4,BallVeloRelease,4.725,5.67,0.945,ankleTotalROMAvg,-22.736,-27.283,-4.547,TorsoVeloPostHitch,0.131,0.382,0.251,BallVeloRelease__zwithin,-2.008,-1.508,0.5,maxKneeFlexionDominantPreHitch,-47.532,-55.299,-7.767
Player 59,7009,Off the Dribble,Right,3,BallVeloRelease,4.405,5.286,0.881,ankleTotalROMAvg,-19.561,-23.473,-3.912,TorsoVeloPostHitch,0.193,0.382,0.19,BallVeloRelease__zwithin,-2.567,-2.054,0.513,KneeTotalROMAvg,30.206,36.247,6.041
Player 59,7010,Off the Dribble,Right,3,BallVeloRelease,4.862,5.705,0.842,ankleTotalROMAvg,-17.786,-21.343,-3.557,TorsoVeloPostHitch,0.075,0.382,0.307,BallVeloRelease__zwithin,-1.767,-1.267,0.5,maxKneeFlexionDominantPreHitch,-45.516,-55.299,-9.783
Player 59,7011,Off the Dribble,Right,3,BallVeloRelease,5.012,5.705,0.692,ankleTotalROMAvg,-18.678,-22.413,-3.736,TorsoVeloPostHitch,0.131,0.382,0.251,BallVeloRelease__zwithin,-1.504,-1.004,0.5,maxElbowExtensionDominantPostHitch,7.528,17.816,10.288
Player 59,7012,Off the Dribble,Right,3,BallVeloRelease,4.826,5.705,0.878,ankleTotalROMAvg,-20.311,-24.373,-4.062,TorsoVeloPostHitch,0.147,0.382,0.236,maxElbowExtensionDominantPostHitch,8.04,17.816,9.776,BallVeloRelease__zwithin,-1.83,-1.33,0.5
Player 59,7013,Off the Dribble,Right,3,BallVeloRelease,4.478,5.373,0.896,ankleTotalROMAvg,-19.804,-23.764,-3.961,TorsoVeloPostHitch,0.096,0.382,0.286,BallVeloRelease__zwithin,-2.44,-1.94,0.5,KneeTotalROMAvg,29.268,35.122,5.854
Player 59,7014,Off the Dribble,Right,3,BallVeloRelease,5.272,5.705,0.433,ankleTotalROMAvg,-19.919,-23.903,-3.984,TorsoVeloPostHitch,0.167,0.382,0.215,KneeTotalROMAvg,27.447,32.936,5.489,BallVeloRelease__zwithin,-1.05,-0.55,0.5
Player 59,7015,Off the Dribble,Right,4,BallVeloRelease,5.656,5.705,0.049,maxShoulderFlexionNonDominantPostHitch,111.028,119.187,8.159,maxShoulderFlexionAvgPostHitch,121.055,127.444,6.388,BallVeloRelease__zwithin,-0.378,-0.293,0.085,maxShoulderExtensionDomDiffHitch,-26.561,-20.167,6.394
Player 59,7016,Off the Dribble,Right,4,maxShoulderFlexionAvgPostHitch,124.308,127.444,3.136,maxShoulderFlexionNonDominantPostHitch,111.439,119.187,7.748,maxHipFlexionDominantPostHitch,39.091,30.811,-8.28,maxKneeExtensionNonDominantHitch,-73.128,-61.128,12.0,maxKneeExtensionDominantHitch,-73.514,-61.514,12.0
Player 59,7017,Off the Dribble,Right,4,BallVeloRelease,5.721,5.705,-0.016,maxElbowExtensionDominantPostHitch,4.88,16.88,12.0,maxShoulderFlexionNonDominantPostHitch,114.608,119.187,4.579,BallVeloRelease__zwithin,-0.265,-0.293,-0.028,maxHipFlexionDominantPostHitch,36.421,30.811,-5.61
Player 59,7018,Catch and Shoot,Right,4,maxShoulderFlexionAvgPostHitch,123.561,124.39,0.829,maxShoulderFlexionNonDominantPostHitch,108.898,114.776,5.878,maxKneeExtensionNonDominantHitch,-72.907,-68.055,4.852,maxHipFlexionDominantPostHitch,38.154,36.785,-1.369,HipAlignmentPostHitch__zwithin,-1.471,-1.177,0.294
Player 59,7020,Off the Dribble,Right,4,BallVeloRelease,5.726,5.705,-0.021,maxHipFlexionDominantPostHitch,40.681,30.811,-9.87,maxElbowExtensionDominantPostHitch,4.883,16.883,12.0,maxKneeExtensionNonDominantHitch,-79.189,-67.189,12.0,BallVeloRelease__zwithin,-0.256,-0.293,-0.037
Player 59,7021,Off the Dribble,Right,4,BallVeloRelease,5.867,5.705,-0.163,timeToMaxElbowFlexionDominantHitch__zwithin,2.935,0.58,-2.354,BallVeloRelease__zwithin,-0.008,-0.293,-0.285,maxHipFlexionDominantPostHitch,39.504,30.811,-8.693,maxElbowExtensionDominantPostHitch,8.2,17.816,9.616
Player 59,7024,Off the Dribble,Right,4,maxElbowExtensionDominantPostHitch,0.435,12.435,12.0,maxKneeFlexionNonDominantPostHitch,-77.866,-65.866,12.0,BallVeloRelease__zwithin,0.264,-0.236,-0.5,maxShoulderExtensionDomDiffHitch,-22.395,-20.167,2.228,maxShoulderFlexionNonDominantPostHitch,113.939,119.187,5.248
Player 59,7027,Catch and Shoot,Right,4,BallVeloRelease,5.762,6.126,0.364,maxElbowExtensionDominantPostHitch,5.87,14.937,9.067,BallVeloRelease__zwithin,-0.193,0.307,0.5,maxKneeFlexionNonDominantPostHitch,-75.974,-67.109,8.864,BallVeloStart__zwithin,-1.104,-0.604,0.5
Player 59,7028,Off the Dribble,Right,4,maxElbowExtensionDominantPostHitch,6.586,17.816,11.23,BallVeloRelease__zwithin,0.218,-0.282,-0.5,maxKneeExtensionNonDominantHitch,-79.388,-67.388,12.0,maxHipFlexionDominantPostHitch,39.928,30.811,-9.117,maxKneeFlexionNonDominantPostHitch,-77.118,-65.118,12.0
Player 59,7029,Catch and Shoot,Right,4,maxElbowExtensionDominantPostHitch,3.202,14.937,11.735,maxHipFlexionDominantPostHitch,40.744,36.785,-3.959,BallVeloRelease__zwithin,0.13,0.444,0.313,maxKneeExtensionNonDominantHitch,-78.742,-68.055,10.687,BallVeloRelease,5.947,6.126,0.179
Player 59,7030,Catch and Shoot,Right,4,maxElbowExtensionDominantPostHitch,2.761,14.761,12.0,maxAnklePlantarflexionNonDominantPostHitch,-18.392,-22.07,-3.678,maxShoulderFlexionAvgPostHitch,123.9,124.39,0.49,maxAnklePlantarflexionDomDiffPostHitch,-4.137,-3.309,0.827,maxKneeExtensionNonDominantHitch,-72.163,-68.055,4.108
Player 59,7031,Catch and Shoot,Right,4,maxElbowExtensionDominantPostHitch,7.309,14.937,7.628,maxShoulderFlexionAvgPostHitch,119.413,124.39,4.977,timeToMaxElbowExtensionDomDiffPostHitch,0.034,0.008,-0.026,maxAnklePlantarflexionNonDominantPostHitch,-20.669,-22.542,-1.874,ElbowTotalROMNonDominant__zwithin,2.402,1.921,-0.48
Player 59,7032,Catch and Shoot,Right,4,BallVeloRelease,5.912,6.126,0.214,maxElbowExtensionDominantPostHitch,4.457,14.937,10.48,BallVeloRelease__zwithin,0.07,0.444,0.374,maxShoulderFlexionAvgPostHitch,121.146,124.39,3.244,maxKneeFlexionNonDominantPostHitch,-75.2,-67.109,8.09
Player 59,7033,Catch and Shoot,Right,4,BallVeloRelease,5.851,6.126,0.275,BallVeloRelease__zwithin,-0.038,0.444,0.481,maxShoulderFlexionAvgPostHitch,119.135,124.39,5.255,maxKneeFlexionNonDominantPostHitch,-75.635,-67.109,8.526,maxKneeExtensionNonDominantHitch,-76.681,-68.055,8.626
Player 59,7034,Catch and Shoot,Right,4,BallVeloRelease,5.845,6.126,0.281,maxElbowExtensionDominantPostHitch,4.156,14.937,10.78,BallVeloRelease__zwithin,-0.048,0.444,0.492,maxShoulderFlexionAvgPostHitch,123.753,124.39,0.637,maxAnklePlantarflexionNonDominantPostHitch,-20.952,-22.542,-1.59
Player 59,7035,Catch and Shoot,Right,4,BallVeloRelease,5.936,6.126,0.19,maxElbowExtensionDominantPostHitch,2.696,14.696,12.0,BallVeloRelease__zwithin,0.112,0.444,0.332,maxShoulderFlexionAvgPostHitch,120.094,124.39,4.296,maxKneeFlexionAvgPostHitch,-76.813,-67.737,9.076
Player 59,7036,Catch and Shoot,Right,4,BallVeloRelease,5.84,6.126,0.286,maxElbowExtensionDominantPostHitch,6.55,14.937,8.387,BallVeloRelease__zwithin,-0.056,0.444,0.5,maxShoulderFlexionAvgPostHitch,122.26,124.39,2.13,maxKneeFlexionNonDominantPostHitch,-73.565,-67.109,6.456
Player 59,7037,Catch and Shoot,Right,4,BallVeloRelease__zwithin,0.087,0.444,0.356,BallVeloRelease,5.922,6.126,0.204,maxShoulderFlexionAvgPostHitch,121.376,124.39,3.014,maxAnklePlantarflexionNonDominantPostHitch,-20.726,-22.542,-1.817,maxKneeFlexionNonDominantPostHitch,-74.152,-67.109,7.043
Player 59,7038,Catch and Shoot,Right,4,BallVeloRelease,5.84,6.126,0.286,BallVeloRelease__zwithin,-0.056,0.444,0.5,maxShoulderFlexionAvgPostHitch,119.998,124.39,4.393,maxAnklePlantarflexionNonDominantPostHitch,-20.427,-22.542,-2.115,maxKneeFlexionNonDominantPostHitch,-73.537,-67.109,6.428
Player 59,7039,Catch and Shoot,Right,4,BallVeloRelease__zwithin,0.256,0.444,0.188,maxKneeFlexionDominantPostHitch,-78.772,-68.235,10.537,maxKneeFlexionAvgPostHitch,-77.144,-67.737,9.408,maxKneeFlexionNonDominantPostHitch,-75.517,-67.109,8.408,maxShoulderFlexionAvgPostHitch,123.74,124.39,0.65
Player 59,7041,Catch and Shoot,Right,4,maxElbowExtensionDominantPostHitch,7.74,14.937,7.196,BallVeloRelease__zwithin,0.167,0.444,0.276,maxShoulderFlexionAvgPostHitch,121.266,124.39,3.124,maxKneeFlexionAvgPostHitch,-76.298,-67.737,8.561,BallVeloRelease,5.968,6.126,0.158
Player 59,7042,Catch and Shoot,Right,4,maxShoulderFlexionAvgPostHitch,121.664,124.39,2.726,maxAnklePlantarflexionNonDominantPostHitch,-20.226,-22.542,-2.316,maxKneeExtensionNonDominantHitch,-73.382,-68.055,5.327,maxKneeExtensionAvgPostHitch,-22.217,-18.945,3.272,maxAnklePlantarflexionDomDiffPostHitch,-1.981,-1.585,0.396
Player 59,7043,Catch and Shoot,Right,4,BallVeloRelease__zwithin,0.176,0.444,0.267,maxShoulderFlexionAvgPostHitch,120.019,124.39,4.371,maxKneeFlexionAvgPostHitch,-76.374,-67.737,8.637,maxAnklePlantarflexionNonDominantPostHitch,-18.671,-22.405,-3.734,maxAnklePlantarflexionDomDiffPostHitch,-4.704,-3.763,0.941
Player 59,7044,Catch and Shoot,Right,4,BallVeloRelease,5.879,6.126,0.247,maxElbowExtensionDominantPostHitch,5.176,14.937,9.761,BallVeloRelease__zwithin,0.012,0.444,0.432,maxShoulderFlexionAvgPostHitch,119.278,124.39,5.112,maxKneeFlexionNonDominantPostHitch,-76.01,-67.109,8.901
Player 59,7045,Catch and Shoot,Right,4,maxElbowExtensionDominantPostHitch,6.824,14.937,8.112,BallVeloRelease__zwithin,0.176,0.444,0.268,maxShoulderFlexionAvgPostHitch,119.843,124.39,4.547,maxKneeFlexionAvgPostHitch,-76.265,-67.737,8.528,maxKneeFlexionNonDominantPostHitch,-74.83,-67.109,7.721
Player 59,7046,Catch and Shoot,Right,4,maxShoulderFlexionAvgPostHitch,119.796,124.39,4.594,BallVeloRelease__zwithin,0.314,0.444,0.13,maxAnklePlantarflexionNonDominantPostHitch,-20.13,-22.542,-2.412,maxKneeFlexionNonDominantPostHitch,-73.999,-67.109,6.889,maxAnklePlantarflexionDomDiffPostHitch,-3.091,-2.473,0.618
Player 59,7052,Off the Dribble,Right,4,HipAlignmentPreHitch__zwithin,1.031,0.825,-0.206,maxKneeFlexionNonDominantPostHitch,-77.451,-65.451,12.0,maxKneeExtensionNonDominantHitch,-78.496,-66.496,12.0,HipAlignmentRelease__zwithin,0.991,0.793,-0.198,HipAlignmentPostHitch__zwithin,0.956,0.765,-0.191
Player 59,7054,Off the Dribble,Right,4,HipAlignmentPreHitch__zwithin,1.032,0.826,-0.206,maxKneeFlexionNonDominantPostHitch,-78.626,-66.626,12.0,maxKneeExtensionNonDominantHitch,-79.433,-67.433,12.0,HipAlignmentRelease__zwithin,0.932,0.745,-0.186,maxHipFlexionDominantPostHitch,40.559,30.811,-9.747
Player 59,7057,Off the Dribble,Right,4,BallVeloRelease,5.893,5.705,-0.188,HipAlignmentRelease__zwithin,1.375,1.1,-0.275,maxAnklePlantarflexionDomDiffPostHitch,-5.383,-4.306,1.077,HipAlignmentPostHitch__zwithin,1.433,1.147,-0.287,BallVeloRelease__zwithin,0.037,-0.293,-0.33
Player 59,7061,Off the Dribble,Right,4,HipAlignmentPostHitch__zwithin,1.458,1.167,-0.292,HipAlignmentPreHitch__zwithin,1.408,1.127,-0.282,HipAlignmentRelease__zwithin,1.38,1.104,-0.276,maxKneeExtensionAvgPostHitch,-21.615,-18.131,3.484,maxAnklePlantarflexionDomDiffPostHitch,-3.589,-2.871,0.718
Player 59,7062,Off the Dribble,Right,4,BallVeloRelease,5.923,5.705,-0.218,HipAlignmentRelease__zwithin,1.408,1.127,-0.282,HipAlignmentPreHitch__zwithin,1.443,1.154,-0.289,BallVeloStart__zwithin,-1.468,-0.968,0.5,BallVeloRelease__zwithin,0.089,-0.293,-0.382
Player 59,7063,Off the Dribble,Right,4,HipAlignmentRelease__zwithin,1.435,1.148,-0.287,HipAlignmentPostHitch__zwithin,1.445,1.156,-0.289,HipAlignmentPreHitch__zwithin,1.472,1.177,-0.294,BallVeloStart__zwithin,-1.213,-0.713,0.5,maxShoulderFlexionAvgPostHitch,125.639,127.444,1.804
Player 59,7064,Off the Dribble,Right,4,HipAlignmentRelease__zwithin,1.423,1.138,-0.285,HipAlignmentPostHitch__zwithin,1.443,1.154,-0.289,HipAlignmentPreHitch__zwithin,1.437,1.15,-0.287,maxAnklePlantarflexionDomDiffPostHitch,-5.367,-4.294,1.073,maxAnklePlantarflexionNonDominantPostHitch,-19.456,-18.034,1.422
Player 59,7065,Off the Dribble,Right,4,BallVeloRelease,6.013,5.705,-0.308,HipAlignmentRelease__zwithin,1.336,1.069,-0.267,HipAlignmentPreHitch__zwithin,1.46,1.168,-0.292,HipAlignmentPostHitch__zwithin,1.47,1.176,-0.294,maxAnklePlantarflexionDomDiffPostHitch,-2.733,-2.186,0.547
Player 59,7066,Off the Dribble,Right,4,HipAlignmentPreHitch__zwithin,1.411,1.129,-0.282,HipAlignmentPostHitch__zwithin,1.409,1.127,-0.282,HipAlignmentRelease__zwithin,1.416,1.133,-0.283,ShoulderAlignmentPostHitch__zwithin,1.509,1.207,-0.302,ShoulderTotalROMDominant,94.088,105.087,10.999
Player 59,7068,Off the Dribble,Right,3,BallVeloRelease,4.87,5.705,0.834,ankleTotalROMAvg,-18.671,-22.406,-3.734,TorsoVeloPostHitch,0.132,0.382,0.25,BallVeloRelease__zwithin,-1.753,-1.253,0.5,KneeTotalROMAvg,25.747,30.896,5.149
Player 59,7069,Off the Dribble,Right,3,BallVeloRelease,4.948,5.705,0.756,ankleTotalROMAvg,-17.116,-20.539,-3.423,TorsoVeloPostHitch,0.178,0.382,0.204,BallVeloRelease__zwithin,-1.617,-1.117,0.5,maxKneeFlexionDominantPreHitch,-41.677,-53.677,-12.0
Player 59,7070,Off the Dribble,Right,4,ankleTotalROMAvg,-20.188,-24.226,-4.038,BallVeloRelease,5.447,5.705,0.258,KneeTotalROMAvg,25.93,31.117,5.186,maxAnklePlantarflexionNonDominantPostHitch,5.566,4.453,-1.113,maxElbowExtensionDominantPostHitch,9.389,17.816,8.427
Player 59,7071,Off the Dribble,Right,3,BallVeloRelease,4.988,5.705,0.716,ankleTotalROMAvg,-14.509,-17.41,-2.902,TorsoVeloPostHitch,0.127,0.382,0.255,BallVeloRelease__zwithin,-1.547,-1.047,0.5,KneeTotalROMAvg,23.063,27.675,4.613
Player 59,7072,Off the Dribble,Right,4,BallVeloRelease,5.001,5.705,0.703,ankleTotalROMAvg,-16.685,-20.022,-3.337,TorsoVeloPostHitch,0.169,0.382,0.213,BallVeloRelease__zwithin,-1.524,-1.024,0.5,KneeTotalROMAvg,21.777,26.132,4.355
Player 59,7073,Off the Dribble,Right,3,BallVeloRelease,4.966,5.705,0.738,ankleTotalROMAvg,-16.316,-19.579,-3.263,TorsoVeloPostHitch,0.145,0.382,0.238,maxElbowExtensionDominantPostHitch,6.96,17.816,10.856,BallVeloRelease__zwithin,-1.585,-1.085,0.5
Player 59,7074,Off the Dribble,Right,3,BallVeloRelease,4.891,5.705,0.814,ankleTotalROMAvg,-15.13,-18.156,-3.026,TorsoVeloPostHitch,0.142,0.382,0.24,BallVeloRelease__zwithin,-1.717,-1.217,0.5,maxKneeFlexionDominantPreHitch,-38.835,-50.835,-12.0
Player 59,7076,Catch and Shoot,Right,4,HipAlignmentPreHitch__zwithin,1.083,0.866,-0.217,ShoulderAlignmentPostHitch__zwithin,1.053,0.842,-0.211,maxKneeExtensionDominantHitch,-71.424,-69.083,2.341,HipAlignmentPostHitch__zwithin,1.044,0.835,-0.209,HipAlignmentRelease__zwithin,1.111,0.889,-0.222
Player 59,7077,Off the Dribble,Right,4,ShoulderAlignmentPostHitch__zwithin,1.624,1.299,-0.325,maxKneeExtensionDominantHitch,-68.633,-59.383,9.25,HipAlignmentRelease__zwithin,1.434,1.148,-0.287,HipAlignmentPostHitch__zwithin,1.457,1.166,-0.291,HipAlignmentPreHitch__zwithin,1.439,1.152,-0.288
Player 59,7078,Catch and Shoot,Right,4,ShoulderAlignmentPostHitch__zwithin,1.605,1.284,-0.321,maxKneeExtensionDominantHitch,-69.543,-69.083,0.46,HipAlignmentPreHitch__zwithin,1.484,1.187,-0.297,HipAlignmentRelease__zwithin,1.468,1.174,-0.294,HipAlignmentPostHitch__zwithin,1.47,1.176,-0.294
Player 59,7079,Catch and Shoot,Right,4,HipAlignmentPreHitch__zwithin,1.466,1.173,-0.293,HipAlignmentPostHitch__zwithin,1.474,1.18,-0.295,HipAlignmentRelease__zwithin,1.459,1.167,-0.292,ShoulderAlignmentPostHitch__zwithin,1.623,1.299,-0.325,maxElbowExtensionDominantPostHitch,8.401,14.937,6.535
Player 59,7080,Catch and Shoot,Right,4,HipAlignmentPreHitch__zwithin,1.458,1.166,-0.292,HipAlignmentRelease__zwithin,1.452,1.161,-0.29,HipAlignmentPostHitch__zwithin,1.492,1.194,-0.298,maxElbowExtensionDominantPostHitch,4.311,14.937,10.625,maxTorsoFlexionPostHitch,-5.979,-0.949,5.03
Player 59,7081,Catch and Shoot,Right,4,BallVeloRelease,5.833,6.126,0.293,BallVeloPostHitch,-0.079,0.421,0.5,maxElbowExtensionDominantPostHitch,4.724,14.937,10.213,maxTorsoExtensionPreHitch,-10.432,-5.804,4.628,BallVeloRelease__zwithin,-0.068,0.432,0.5
Player 59,7082,Catch and Shoot,Right,4,maxKneeExtensionDominantHitch,-69.141,-69.083,0.058,BallVeloRelease,5.989,6.126,0.137,maxElbowExtensionDominantPostHitch,3.872,14.937,11.065,ShoulderAlignmentPostHitch__zwithin,1.715,1.372,-0.343,HipAlignmentRelease__zwithin,1.486,1.189,-0.297
Player 59,7083,Catch and Shoot,Right,4,maxElbowExtensionDominantPostHitch,5.384,14.937,9.553,BallVeloRelease,6.005,6.126,0.121,HipAlignmentPreHitch__zwithin,1.483,1.187,-0.297,HipAlignmentPostHitch__zwithin,1.486,1.189,-0.297,HipAlignmentRelease__zwithin,1.491,1.192,-0.298
Player 59,7084,Catch and Shoot,Right,4,ShoulderAlignmentPostHitch__zwithin,1.58,1.264,-0.316,maxKneeExtensionDominantHitch,-75.809,-69.083,6.726,maxElbowExtensionDominantPostHitch,4.792,14.937,10.145,HipAlignmentPreHitch__zwithin,1.49,1.192,-0.298,HipAlignmentPostHitch__zwithin,1.442,1.154,-0.288
Player 59,7085,Off the Dribble,Right,4,maxElbowExtensionDominantPostHitch,7.503,17.816,10.313,HipAlignmentPostHitch__zwithin,1.512,1.209,-0.302,HipAlignmentPreHitch__zwithin,1.514,1.211,-0.303,timeToMaxShoulderExtensionDomDiffHitch__zwithin,0.067,-0.014,-0.081,maxAnklePlantarflexionDomDiffPostHitch,-6.073,-4.858,1.215
Player 59,7086,Catch and Shoot,Right,4,ShoulderAlignmentPostHitch__zwithin,1.743,1.395,-0.349,HipAlignmentPostHitch__zwithin,1.461,1.169,-0.292,HipAlignmentPreHitch__zwithin,1.516,1.213,-0.303,MaxStanceGapPostHitch,0.365,0.438,0.073,maxTorsoFlexionPreHitch,-12.035,-8.736,3.299
Player 59,7087,Off the Dribble,Right,4,HipAlignmentRelease__zwithin,1.466,1.173,-0.293,HipAlignmentPostHitch__zwithin,1.495,1.196,-0.299,HipAlignmentPreHitch__zwithin,1.521,1.217,-0.304,maxElbowExtensionDominantPostHitch,7.525,17.816,10.291,maxTorsoExtensionPreHitch,-11.084,-2.565,8.519
Player 59,7088,Catch and Shoot,Right,4,ShoulderAlignmentPostHitch__zwithin,1.634,1.307,-0.327,maxKneeExtensionDominantHitch,-68.863,-69.083,-0.22,HipAlignmentPreHitch__zwithin,1.501,1.201,-0.3,HipAlignmentRelease__zwithin,1.489,1.192,-0.298,HipAlignmentPostHitch__zwithin,1.474,1.179,-0.295
Player 59,7089,Catch and Shoot,Right,4,HipAlignmentPreHitch__zwithin,1.514,1.212,-0.303,HipAlignmentPostHitch__zwithin,1.474,1.18,-0.295,maxElbowExtensionDominantPostHitch,6.096,14.937,8.84,ShoulderAlignmentPostHitch__zwithin,1.653,1.322,-0.331,HipAlignmentRelease__zwithin,1.452,1.161,-0.29
Player 59,7090,Catch and Shoot,Right,4,BallVeloRelease,6.004,6.126,0.122,maxKneeExtensionDominantHitch,-69.613,-69.083,0.529,maxElbowExtensionDominantPostHitch,4.464,14.937,10.472,ShoulderAlignmentPostHitch__zwithin,1.615,1.292,-0.323,HipAlignmentPreHitch__zwithin,1.461,1.169,-0.292
Player 59,7091,Catch and Shoot,Right,4,BallVeloPostHitch,0.179,0.679,0.5,HipAlignmentPostHitch__zwithin,1.499,1.2,-0.3,ShoulderAlignmentPostHitch__zwithin,1.727,1.382,-0.345,maxAnklePlantarflexionDomDiffPostHitch,-4.938,-3.95,0.988,maxTorsoExtensionPreHitch,-11.297,-5.804,5.493
Player 59,7092,Catch and Shoot,Right,4,HipAlignmentPreHitch__zwithin,1.156,0.925,-0.231,maxElbowExtensionDomDiffPostHitch,-48.51,-36.51,12.0,ShoulderAlignmentPostHitch__zwithin,1.208,0.967,-0.242,HipAlignmentPostHitch__zwithin,1.233,0.987,-0.247,maxKneeExtensionDominantHitch,-73.384,-69.083,4.301
Player 59,7094,Off the Dribble,Right,4,maxElbowExtensionDominantPostHitch,2.384,14.384,12.0,maxHipFlexionDominantPostHitch,40.905,30.811,-10.094,BallVeloRelease,5.966,5.705,-0.262,maxShoulderFlexionNonDominantPostHitch,116.268,119.187,2.919,BallVeloRelease__zwithin,0.165,-0.293,-0.458
Player 59,7095,Off the Dribble,Right,4,maxElbowExtensionDominantPostHitch,7.422,17.816,10.394,maxShoulderFlexionNonDominantPostHitch,117.324,119.187,1.864,maxHipFlexionDominantPostHitch,37.15,30.811,-6.339,timeToMaxShoulderExtensionDomDiffHitch__zwithin,0.078,-0.014,-0.092,MaxStanceGapHitch,0.397,0.476,0.079
Player 59,7096,Off the Dribble,Right,4,maxShoulderFlexionNonDominantPostHitch,114.423,119.187,4.764,maxShoulderFlexionAvgPostHitch,128.621,127.444,-1.178,maxHipFlexionDominantPostHitch,34.255,30.811,-3.444,HipAlignmentPostHitch__zwithin,-1.467,-1.173,0.293,maxAnklePlantarflexionAvgPreHitch,21.957,20.223,-1.735
Player 59,7103,Off the Dribble,Right,4,BallVeloRelease,5.659,5.705,0.045,maxShoulderFlexionNonDominantPostHitch,118.582,119.187,0.606,BallVeloRelease__zwithin,-0.372,-0.293,0.079,MaxStanceGapHitch,0.352,0.423,0.07,maxElbowExtensionAvgPreHitch,79.095,89.909,10.815
Player 59,7104,Catch and Shoot,Right,4,maxElbowExtensionDominantPostHitch,5.47,14.937,9.467,maxShoulderFlexionNonDominantPostHitch,118.249,114.776,-3.473,maxHipFlexionDominantPostHitch,35.721,36.785,1.064,MaxStanceGapPreHitch,0.343,0.412,0.069,MaxStanceGapHitch,0.339,0.406,0.068
Player 59,7105,Off the Dribble,Right,4,BallVeloRelease,5.777,5.705,-0.072,maxShoulderFlexionNonDominantPostHitch,120.387,119.187,-1.199,TorsoTotalROMAvg__zwithin,2.38,1.904,-0.476,BallVeloRelease__zwithin,-0.167,-0.293,-0.126,maxElbowExtensionDominantPostHitch,8.417,17.816,9.399
Player 59,7106,Off the Dribble,Right,4,BallVeloRelease,5.686,5.705,0.018,maxShoulderFlexionNonDominantPostHitch,118.915,119.187,0.272,TorsoTotalROMAvg__zwithin,2.227,1.782,-0.445,BallVeloRelease__zwithin,-0.325,-0.293,0.032,maxTorsoFlexionPreHitch__zwithin,-1.371,0.746,2.117
Player 59,7107,Off the Dribble,Right,4,BallVeloRelease,5.662,5.705,0.043,maxElbowExtensionDominantPostHitch,7.739,17.816,10.077,maxShoulderFlexionNonDominantPostHitch,115.237,119.187,3.95,BallVeloRelease__zwithin,-0.368,-0.293,0.075,maxHipFlexionDominantPostHitch,36.223,30.811,-5.412
Player 59,7108,Off the Dribble,Right,4,maxTorsoFlexionPreHitch__zwithin,-1.72,0.746,2.466,maxShoulderFlexionNonDominantPostHitch,117.954,119.187,1.234,TorsoTotalROMAvg__zwithin,2.252,1.802,-0.45,maxKneeExtensionAvgPostHitch,-20.995,-18.131,2.864,maxShoulderFlexionDomDiffPreHitch,-24.081,-20.279,3.802
Player 59,7109,Off the Dribble,Right,4,BallVeloRelease__zwithin,0.161,-0.293,-0.454,maxShoulderFlexionAvgPostHitch,127.083,127.444,0.36,BallVeloRelease,5.964,5.705,-0.259,maxKneeExtensionDominantPostHitch,-24.974,-19.9,5.074,maxShoulderFlexionDomDiffPostHitch__zwithin,0.586,-0.441,-1.027
Player 59,7111,Off the Dribble,Right,4,BallVeloRelease,5.854,5.705,-0.15,BallVeloRelease__zwithin,-0.031,-0.293,-0.262,maxElbowExtensionDominantPostHitch,8.182,17.816,9.634,maxKneeExtensionAvgPostHitch,-26.921,-18.131,8.79,maxShoulderFlexionNonDominantPostHitch,114.887,119.187,4.3
Player 59,7117,Off the Dribble,Right,4,BallVeloRelease__zwithin,0.176,-0.293,-0.469,maxShoulderFlexionAvgPostHitch,124.299,127.444,3.145,timeToMaxShoulderExtensionDomDiffHitch__zwithin,0.068,-0.014,-0.081,maxKneeExtensionDominantPostHitch,-25.344,-19.9,5.444,maxShoulderFlexionDomDiffPostHitch__zwithin,1.74,-0.441,-2.181
Player 59,7120,Off the Dribble,Right,4,maxHipExtensionNonDominantHitch__zwithin,-2.788,-0.64,2.148,HipAlignmentPreHitch__zwithin,1.401,1.121,-0.28,maxAnklePlantarflexionDomDiffPostHitch,-8.412,-6.73,1.682,maxHipFlexionNonDominantPostHitch__zwithin,-2.809,-0.684,2.125,HipAlignmentPostHitch__zwithin,1.538,1.23,-0.308
Player 59,7121,Catch and Shoot,Right,4,maxHipExtensionNonDominantHitch__zwithin,-3.68,0.274,3.954,HipAlignmentPreHitch__zwithin,1.45,1.16,-0.29,HipAlignmentRelease__zwithin,1.492,1.193,-0.298,HipAlignmentPostHitch__zwithin,1.508,1.207,-0.302,ShoulderAlignmentPostHitch__zwithin,1.679,1.343,-0.336
Player 59,7122,Off the Dribble,Right,4,HipAlignmentPreHitch__zwithin,1.415,1.132,-0.283,HipAlignmentPostHitch__zwithin,1.485,1.188,-0.297,HipAlignmentRelease__zwithin,1.469,1.175,-0.294,maxHipExtensionNonDominantHitch__zwithin,-3.594,-0.64,2.953,maxAnklePlantarflexionDomDiffPostHitch,-6.359,-5.087,1.272
Player 59,7124,Catch and Shoot,Right,4,ShoulderAlignmentPostHitch__zwithin,1.738,1.39,-0.348,HipAlignmentPreHitch__zwithin,1.418,1.134,-0.284,maxKneeExtensionDominantHitch,-73.467,-69.083,4.383,HipAlignmentPostHitch__zwithin,1.495,1.196,-0.299,HipAlignmentRelease__zwithin,1.486,1.189,-0.297
Player 59,7125,Off the Dribble,Right,4,BallVeloRelease,5.944,5.705,-0.239,maxShoulderFlexionNonDominantPostHitch,118.088,119.187,1.099,BallVeloRelease__zwithin,0.126,-0.293,-0.419,MaxStanceGapRelease__zwithin,-3.245,-2.596,0.649,maxHipFlexionDominantPostHitch,38.853,30.811,-8.042
Player 59,7126,Off the Dribble,Right,4,BallVeloRelease,5.428,5.705,0.277,MaxStanceGapRelease__zwithin,-4.33,-3.464,0.866,maxHipFlexionNonDominantPostHitch__zwithin,-2.737,-0.684,2.053,BallVeloRelease__zwithin,-0.777,-0.293,0.484,HipAlignmentPreHitch__zwithin,-2.411,-1.929,0.482
Player 59,7127,Off the Dribble,Right,4,maxHipExtensionNonDominantHitch__zwithin,-3.032,-0.64,2.392,maxShoulderFlexionNonDominantPostHitch,115.332,119.187,3.856,maxElbowExtensionDominantPostHitch,4.755,16.754,12.0,HipAlignmentPreHitch__zwithin,2.335,1.868,-0.467,maxKneeFlexionDominantPostHitch__zwithin,3.57,0.487,-3.083
Player 59,7128,Off the Dribble,Right,3,BallVeloRelease,4.923,5.705,0.781,ankleTotalROMAvg,-12.967,-15.561,-2.593,TorsoVeloPostHitch,0.264,0.382,0.118,BallVeloRelease__zwithin,-1.66,-1.16,0.5,maxKneeFlexionDominantPreHitch,-43.996,-55.299,-11.303
Player 59,7129,Off the Dribble,Right,3,ankleTotalROMAvg,-13.638,-16.366,-2.728,BallVeloRelease,5.409,5.705,0.296,TorsoVeloPostHitch,0.056,0.382,0.326,KneeTotalROMAvg,22.495,26.994,4.499,maxElbowExtensionDominantPostHitch,4.97,16.97,12.0
Player 59,7130,Off the Dribble,Right,4,maxElbowExtensionDominantPostHitch,-0.012,11.988,12.0,maxHipFlexionDominantPostHitch,41.247,30.811,-10.436,maxShoulderFlexionNonDominantPostHitch,120.272,119.187,-1.084,ShoulderTotalROMDominant,94.275,105.087,10.811,timeToMaxShoulderFlexionNonDominantPostHitch,0.442,0.592,0.15
Player 59,7131,Off the Dribble,Right,4,maxElbowExtensionDominantPostHitch,0.03,12.03,12.0,maxHipFlexionDominantPostHitch,40.787,30.811,-9.976,maxShoulderFlexionNonDominantPostHitch,122.506,119.187,-3.318,timeToMaxShoulderFlexionDomDiffPreHitch,0.017,0.0,-0.017,timeToMaxShoulderFlexionNonDominantPostHitch,0.467,0.592,0.125
Player 59,7132,Off the Dribble,Right,4,maxElbowExtensionDominantPostHitch,-1.472,10.528,12.0,maxHipFlexionDominantPostHitch,40.067,30.811,-9.256,maxShoulderFlexionNonDominantPostHitch,122.926,119.187,-3.738,ShoulderTotalROMDominant,99.429,105.087,5.658,maxShoulderExtensionAvgHitch,75.533,66.178,-9.355
Player 59,7133,Off the Dribble,Right,4,BallVeloRelease,5.944,5.705,-0.239,maxElbowExtensionDominantPostHitch,-0.012,11.988,12.0,maxHipFlexionDominantPostHitch,40.583,30.811,-9.771,BallVeloRelease__zwithin,0.126,-0.293,-0.419,maxShoulderFlexionNonDominantPostHitch,123.028,119.187,-3.841
Player 59,7134,Off the Dribble,Right,4,BallVeloRelease,5.707,5.705,-0.002,TorsoVeloPostHitch,0.245,0.382,0.137,maxElbowExtensionDominantPostHitch,2.272,14.272,12.0,maxHipFlexionDominantPostHitch,44.439,32.439,-12.0,BallVeloRelease__zwithin,-0.289,-0.293,-0.004
Player 59,7136,Off the Dribble,Right,4,BallVeloRelease,5.94,5.705,-0.236,maxElbowExtensionDominantPostHitch,1.924,13.924,12.0,BallVeloRelease__zwithin,0.119,-0.293,-0.412,maxHipFlexionDominantPostHitch,42.957,30.957,-12.0,ShoulderTotalROMDominant,83.603,100.324,16.721
Player 59,7140,Catch and Shoot,Right,4,maxHipFlexionDominantPostHitch,40.883,36.785,-4.097,maxElbowExtensionDominantPostHitch,8.136,14.937,6.801,maxAnklePlantarflexionNonDominantPostHitch,-20.827,-22.542,-1.715,ShoulderTotalROMDominant,94.278,102.538,8.259,maxKneeExtensionNonDominantPostHitch,-21.243,-17.269,3.973
Player 59,7142,Catch and Shoot,Right,4,maxElbowExtensionDominantPostHitch,6.845,14.937,8.091,maxHipFlexionDominantPostHitch,43.565,36.785,-6.779,maxAnklePlantarflexionNonDominantPostHitch,-19.486,-22.542,-3.056,timeToMaxShoulderFlexionDomDiffPreHitch,-0.034,0.0,0.034,ShoulderTotalROMDominant,97.307,102.538,5.231
Player 59,7151,Catch and Shoot,Right,4,HipAlignmentPreHitch__zwithin,1.113,0.891,-0.223,HipAlignmentRelease__zwithin,1.113,0.89,-0.223,HipAlignmentPostHitch__zwithin,1.101,0.881,-0.22,maxElbowExtensionDominantPostHitch,7.257,14.937,7.68,ShoulderAlignmentPostHitch__zwithin,0.921,0.736,-0.184
Player 59,7152,Catch and Shoot,Right,4,HipAlignmentPreHitch__zwithin,1.068,0.854,-0.214,HipAlignmentRelease__zwithin,1.09,0.872,-0.218,maxHipFlexionDominantPostHitch,39.991,36.785,-3.205,HipAlignmentPostHitch__zwithin,1.101,0.881,-0.22,ShoulderAlignmentPostHitch__zwithin,0.935,0.748,-0.187
Player 59,7153,Catch and Shoot,Right,4,HipAlignmentRelease__zwithin,1.521,1.217,-0.304,maxElbowExtensionDominantPostHitch,-0.998,11.002,12.0,HipAlignmentPostHitch__zwithin,1.51,1.208,-0.302,HipAlignmentPreHitch__zwithin,1.59,1.272,-0.318,ShoulderAlignmentPostHitch__zwithin,1.517,1.213,-0.303
Player 59,7154,Catch and Shoot,Right,4,HipAlignmentPostHitch__zwithin,1.56,1.248,-0.312,maxElbowExtensionDominantPostHitch,3.062,14.937,11.875,HipAlignmentRelease__zwithin,1.533,1.226,-0.307,ShoulderAlignmentPostHitch__zwithin,1.467,1.174,-0.293,maxTorsoFlexionPostHitch,-6.868,-0.949,5.919
Player 59,7155,Catch and Shoot,Right,4,HipAlignmentRelease__zwithin,1.516,1.213,-0.303,maxElbowExtensionDominantPostHitch,5.926,14.937,9.01,HipAlignmentPostHitch__zwithin,1.526,1.221,-0.305,HipAlignmentPreHitch__zwithin,1.532,1.226,-0.306,ShoulderAlignmentPostHitch__zwithin,1.429,1.143,-0.286
Player 59,7156,Catch and Shoot,Right,4,maxElbowExtensionDominantPostHitch,3.91,14.937,11.026,HipAlignmentRelease__zwithin,1.559,1.248,-0.312,HipAlignmentPostHitch__zwithin,1.582,1.266,-0.316,HipAlignmentPreHitch__zwithin,1.551,1.241,-0.31,maxAnklePlantarflexionNonDominantPostHitch,-9.72,-11.664,-1.944
Player 59,7157,Off the Dribble,Right,3,BallVeloRelease,4.269,5.122,0.854,ankleTotalROMAvg,-17.456,-20.947,-3.491,TorsoVeloPostHitch,0.19,0.382,0.193,BallVeloRelease__zwithin,-2.806,-2.245,0.561,maxKneeFlexionDominantPreHitch,-37.328,-49.328,-12.0
Player 59,7158,Off the Dribble,Right,3,BallVeloRelease,4.975,5.705,0.729,ankleTotalROMAvg,-12.463,-14.956,-2.493,TorsoVeloPostHitch,0.184,0.382,0.199,BallVeloRelease__zwithin,-1.569,-1.069,0.5,TorsoVeloRelease__zwithin,-1.292,-0.792,0.5
Player 59,7159,Off the Dribble,Right,4,maxHipFlexionDominantPostHitch,44.632,32.632,-12.0,maxElbowExtensionDominantPostHitch,0.002,12.002,12.0,BallVeloRelease,6.007,5.705,-0.302,BallVeloRelease__zwithin,0.236,-0.264,-0.5,maxShoulderFlexionNonDominantPostHitch,118.618,119.187,0.57
Player 59,7160,Off the Dribble,Right,4,BallVeloRelease,5.851,5.705,-0.146,maxElbowExtensionDominantPostHitch,-0.057,11.944,12.0,maxHipFlexionDominantPostHitch,42.005,30.811,-11.194,BallVeloRelease__zwithin,-0.037,-0.293,-0.256,maxShoulderFlexionNonDominantPostHitch,115.463,119.187,3.724
Player 59,7161,Off the Dribble,Right,4,maxHipFlexionDominantPostHitch,44.197,32.197,-12.0,maxElbowExtensionDominantPostHitch,-0.525,11.475,12.0,maxShoulderFlexionNonDominantPostHitch,118.895,119.187,0.292,BallVeloRelease__zwithin,0.222,-0.278,-0.5,BallVeloRelease,5.999,5.705,-0.294
Player 59,7167,Catch and Shoot,Right,4,maxHipFlexionDominantPostHitch,45.269,36.785,-8.483,maxAnklePlantarflexionNonDominantPostHitch,-13.555,-16.266,-2.711,ShoulderTotalROMDominant,83.381,100.058,16.676,timeToMaxElbowExtensionDominantPostHitch,0.459,0.5,0.041,BallVeloRelease__zwithin,0.309,0.444,0.135
Player 59,7169,Catch and Shoot,Right,4,maxElbowExtensionDominantPostHitch,5.104,14.937,9.833,HipAlignmentRelease,-161.321,-129.057,32.264,TorsoTotalROMAvg__zwithin,0.515,0.412,-0.103,maxHipFlexionDominantPostHitch,39.016,36.785,-2.231,maxAnklePlantarflexionNonDominantPostHitch,-15.814,-18.976,-3.163
Player 59,7172,Catch and Shoot,Right,4,maxElbowExtensionDominantPostHitch,6.779,14.937,8.158,maxHipFlexionDominantPostHitch,41.798,36.785,-5.013,maxAnklePlantarflexionNonDominantPostHitch,-19.428,-22.542,-3.114,ShoulderTotalROMDominant,94.866,102.538,7.672,timeToMaxAnkleDorsiflexionNonDominantHitch,0.108,0.13,0.022
Player 59,7173,Catch and Shoot,Right,4,maxHipFlexionDominantPostHitch,40.342,36.785,-3.557,ShoulderTotalROMDominant,96.132,102.538,6.406,maxAnklePlantarflexionNonDominantPostHitch,-20.47,-22.542,-2.072,maxElbowExtensionDominantPostHitch,8.836,14.937,6.101,timeToMaxShoulderFlexionNonDominantPostHitch,0.45,0.475,0.025
Player 59,7182,Catch and Shoot,Right,4,HipAlignmentPreHitch__zwithin,1.023,0.818,-0.205,HipAlignmentPostHitch__zwithin,0.975,0.78,-0.195,maxElbowExtensionDominantPostHitch,6.0,14.937,8.937,HipAlignmentRelease__zwithin,1.031,0.825,-0.206,maxKneeExtensionNonDominantHitch,-71.996,-68.055,3.941
Player 59,7183,Catch and Shoot,Right,4,maxElbowExtensionDominantPostHitch,4.003,14.937,10.934,HipAlignmentRelease__zwithin,1.541,1.233,-0.308,maxHipFlexionDominantPostHitch,39.923,36.785,-3.138,HipAlignmentPreHitch__zwithin,1.506,1.205,-0.301,HipAlignmentPostHitch__zwithin,1.522,1.217,-0.304
Player 59,7184,Catch and Shoot,Right,4,maxElbowExtensionDominantPostHitch,5.195,14.937,9.742,HipAlignmentPreHitch__zwithin,1.539,1.232,-0.308,HipAlignmentRelease__zwithin,1.524,1.219,-0.305,HipAlignmentPostHitch__zwithin,1.575,1.26,-0.315,FeetAlignmentRelease,-140.414,-112.331,28.083
Player 59,7185,Catch and Shoot,Right,4,BallVeloRelease,5.939,6.126,0.186,maxElbowExtensionDominantPostHitch,6.052,14.937,8.885,HipAlignmentRelease__zwithin,1.479,1.183,-0.296,HipAlignmentPreHitch__zwithin,1.575,1.26,-0.315,BallVeloStart__zwithin,-0.985,-0.485,0.5
Player 59,7187,Off the Dribble,Right,3,BallVeloRelease,4.974,5.705,0.73,ankleTotalROMAvg,-16.776,-20.131,-3.355,TorsoVeloPostHitch,0.384,0.382,-0.002,BallVeloRelease__zwithin,-1.571,-1.071,0.5,TorsoVeloRelease__zwithin,-1.561,-1.061,0.5
Player 59,7188,Off the Dribble,Right,3,BallVeloRelease,4.785,5.705,0.92,ankleTotalROMAvg,-17.562,-21.075,-3.512,TorsoVeloPostHitch,0.244,0.382,0.138,BallVeloRelease__zwithin,-1.903,-1.403,0.5,maxKneeFlexionDominantPreHitch,-43.075,-55.075,-12.0
Player 59,7189,Off the Dribble,Right,3,BallVeloRelease,4.585,5.502,0.917,ankleTotalROMAvg,-15.498,-18.598,-3.1,TorsoVeloPostHitch,-0.001,0.382,0.383,BallVeloRelease__zwithin,-2.253,-1.753,0.5,TorsoVeloRelease__zwithin,-1.515,-1.015,0.5
Player 59,7190,Off the Dribble,Right,3,BallVeloRelease,4.466,5.359,0.893,ankleTotalROMAvg,-17.349,-20.819,-3.47,TorsoVeloPostHitch,0.211,0.382,0.172,BallVeloRelease__zwithin,-2.461,-1.961,0.5,KneeTotalROMAvg,25.051,30.062,5.01
Player 59,7191,Off the Dribble,Right,3,BallVeloRelease,4.502,5.402,0.9,ankleTotalROMAvg,-15.367,-18.44,-3.073,TorsoVeloPostHitch,-0.094,0.382,0.476,BallVeloRelease__zwithin,-2.398,-1.898,0.5,TorsoVeloRelease__zwithin,-1.688,-1.188,0.5
Player 59,7192,Off the Dribble,Right,3,BallVeloRelease,4.433,5.32,0.887,ankleTotalROMAvg,-16.04,-19.248,-3.208,TorsoVeloPostHitch,0.423,0.382,-0.04,BallVeloRelease__zwithin,-2.518,-2.014,0.504,TorsoVeloRelease__zwithin,-1.202,-0.702,0.5
Player 59,7213,Off the Dribble,Right,3,BallVeloRelease,5.12,5.705,0.584,ankleTotalROMAvg,-13.07,-15.684,-2.614,TorsoVeloPostHitch,0.197,0.382,0.185,BallVeloRelease__zwithin,-1.315,-0.815,0.5,TorsoVeloRelease__zwithin,-1.807,-1.307,0.5
Player 59,7214,Off the Dribble,Right,3,BallVeloRelease,4.708,5.65,0.942,ankleTotalROMAvg,-17.744,-21.293,-3.549,TorsoVeloPostHitch,0.184,0.382,0.198,BallVeloRelease__zwithin,-2.036,-1.536,0.5,TorsoVeloRelease__zwithin,-1.75,-1.25,0.5
Player 59,7215,Off the Dribble,Right,4,maxElbowExtensionDominantPostHitch,8.313,17.816,9.503,ShoulderTotalROMDominant,84.419,101.303,16.884,maxKneeExtensionNonDominantPostHitch,-23.732,-15.868,7.864,timeToMaxKneeFlexionDomDiffHitch,0.042,0.0,-0.042,TorsoVeloPostHitch,0.417,0.382,-0.034
Player 59,7228,Off the Dribble,Right,4,BallVeloRelease,5.901,5.705,-0.197,maxHipFlexionDominantPostHitch,45.355,33.355,-12.0,maxElbowExtensionDominantPostHitch,-0.015,11.985,12.0,BallVeloRelease__zwithin,0.051,-0.293,-0.344,maxShoulderFlexionNonDominantPostHitch,120.067,119.187,-0.88
Player 59,7229,Off the Dribble,Right,4,maxElbowExtensionDominantPostHitch,-0.03,11.97,12.0,maxHipFlexionDominantPostHitch,41.537,30.811,-10.726,maxShoulderFlexionNonDominantPostHitch,116.835,119.187,2.352,ShoulderTotalROMDominant,98.663,105.087,6.424,maxAnklePlantarflexionNonDominantPostHitch,-16.329,-18.034,-1.705
Player 59,7230,Off the Dribble,Right,4,maxHipFlexionDominantPostHitch,44.335,32.335,-12.0,maxElbowExtensionDominantPostHitch,-0.682,11.318,12.0,maxShoulderFlexionNonDominantPostHitch,119.156,119.187,0.031,timeToMaxElbowExtensionDominantPostHitch,0.484,0.617,0.133,ShoulderTotalROMDominant,100.828,105.087,4.258
Player 59,7231,Off the Dribble,Right,4,maxElbowExtensionDominantPostHitch,-0.041,11.959,12.0,maxHipFlexionDominantPostHitch,41.085,30.811,-10.274,timeToMaxShoulderExtensionDomDiffHitch__zwithin,-0.784,-0.014,0.77,timeToMaxElbowExtensionDomDiffPostHitch,0.017,0.008,-0.009,timeToMaxElbowExtensionDominantPostHitch,0.458,0.617,0.159
Player 59,7232,Off the Dribble,Right,4,TorsoVeloPostHitch,0.204,0.382,0.178,maxElbowExtensionDominantPostHitch,-0.43,11.57,12.0,maxHipFlexionDominantPostHitch,45.062,33.062,-12.0,maxShoulderFlexionNonDominantPostHitch,122.496,119.187,-3.308,ShoulderTotalROMDominant,95.978,105.087,9.109
Player 59,7233,Off the Dribble,Right,4,maxElbowExtensionDominantPostHitch,-0.038,11.962,12.0,maxHipFlexionDominantPostHitch,41.298,30.811,-10.487,maxShoulderFlexionNonDominantPostHitch,116.024,119.187,3.163,timeToMaxShoulderFlexionNonDominantPostHitch,0.467,0.592,0.125,maxShoulderFlexionDomDiffPostHitch__zwithin,2.113,-0.441,-2.554
Player 59,7234,Off the Dribble,Right,4,maxHipFlexionDominantPostHitch,42.331,30.811,-11.519,maxElbowExtensionDominantPostHitch,0.126,12.126,12.0,maxShoulderFlexionNonDominantPostHitch,118.108,119.187,1.08,maxShoulderExtensionAvgHitch,80.147,68.146,-12.0,ShoulderTotalROMDominant,98.885,105.087,6.202
Player 59,7235,Catch and Shoot,Right,4,maxElbowExtensionDominantPostHitch,-0.013,11.988,12.0,maxShoulderFlexionNonDominantPostHitch,118.929,114.776,-4.153,timeToMaxShoulderFlexionNonDominantPostHitch,0.475,0.475,0.0,timeToMaxElbowExtensionDominantPostHitch,0.475,0.5,0.025,maxHipFlexionDominantPostHitch,36.97,36.785,-0.185
Player 59,7236,Off the Dribble,Right,4,maxElbowExtensionDominantPostHitch,-0.015,11.985,12.0,maxHipFlexionDominantPostHitch,41.498,30.811,-10.687,maxShoulderFlexionNonDominantPostHitch,119.393,119.187,-0.205,timeToMaxShoulderFlexionNonDominantPostHitch,0.466,0.592,0.126,ShoulderTotalROMDominant,102.796,105.087,2.291
Player 59,7237,Off the Dribble,Right,4,BallVeloRelease__zwithin,0.233,-0.267,-0.5,maxElbowExtensionDominantPostHitch,0.723,12.723,12.0,maxHipFlexionDominantPostHitch,42.045,30.811,-11.234,BallVeloRelease,6.005,5.705,-0.3,ShoulderTotalROMDominant,84.956,101.947,16.991
Player 59,7250,Catch and Shoot,Right,4,maxElbowExtensionDominantPostHitch,7.782,14.937,7.154,maxAnklePlantarflexionNonDominantPostHitch,-18.72,-22.464,-3.744,ShoulderTotalROMDominant,90.504,102.538,12.034,maxKneeExtensionNonDominantPostHitch,-21.885,-17.269,4.615,maxShoulderFlexionAvgPostHitch,125.148,124.39,-0.758
Player 59,7252,Catch and Shoot,Right,4,maxAnklePlantarflexionNonDominantPostHitch,-20.634,-22.542,-1.908,maxShoulderFlexionAvgPostHitch,120.62,124.39,3.77,maxKneeExtensionNonDominantPostHitch,-21.464,-17.269,4.195,ShoulderTotalROMDominant,92.472,102.538,10.066,TorsoTotalROMAvg__zwithin,0.561,0.449,-0.112
Player 59,7261,Catch and Shoot,Right,4,BallVeloRelease,5.857,6.126,0.268,maxElbowExtensionDominantPostHitch,1.869,13.869,12.0,maxHipFlexionDominantPostHitch,43.441,36.785,-6.655,BallVeloRelease__zwithin,-0.025,0.444,0.469,maxElbowExtensionAvgPostHitch,15.867,26.933,11.066
Player 59,7278,Catch and Shoot,Right,4,HipAlignmentPreHitch__zwithin,1.075,0.86,-0.215,BallVeloRelease,5.935,6.126,0.191,maxElbowExtensionDominantPostHitch,7.235,14.937,7.701,HipAlignmentRelease__zwithin,1.147,0.918,-0.229,HipAlignmentPostHitch__zwithin,1.098,0.879,-0.22
Player 59,7280,Catch and Shoot,Right,4,HipAlignmentPreHitch__zwithin,1.076,0.861,-0.215,HipAlignmentPostHitch__zwithin,1.119,0.895,-0.224,HipAlignmentRelease__zwithin,1.137,0.909,-0.227,maxElbowExtensionDominantPostHitch,8.421,14.937,6.516,ShoulderAlignmentPostHitch__zwithin,0.926,0.741,-0.185
Player 59,7283,Catch and Shoot,Right,4,HipAlignmentPreHitch__zwithin,1.1,0.88,-0.22,HipAlignmentRelease__zwithin,1.099,0.879,-0.22,maxElbowExtensionDominantPostHitch,6.647,14.937,8.29,HipAlignmentPostHitch__zwithin,1.113,0.89,-0.223,ShoulderAlignmentPostHitch__zwithin,0.948,0.758,-0.19
Player 59,7284,Catch and Shoot,Right,4,HipAlignmentPreHitch__zwithin,1.114,0.891,-0.223,HipAlignmentRelease__zwithin,1.187,0.949,-0.237,maxElbowExtensionDominantPostHitch,7.237,14.937,7.7,HipAlignmentPostHitch__zwithin,1.121,0.897,-0.224,ShoulderAlignmentPostHitch__zwithin,0.907,0.725,-0.181
Player 59,7285,Catch and Shoot,Right,4,HipAlignmentPreHitch__zwithin,1.039,0.831,-0.208,HipAlignmentRelease__zwithin,1.143,0.915,-0.229,maxHipFlexionDominantPostHitch,41.509,36.785,-4.724,HipAlignmentPostHitch__zwithin,1.092,0.874,-0.218,ShoulderAlignmentPostHitch__zwithin,0.919,0.735,-0.184
Player 59,7287,Catch and Shoot,Right,4,maxElbowExtensionDominantPostHitch,5.534,14.937,9.402,HipAlignmentRelease__zwithin,1.502,1.202,-0.3,HipAlignmentPostHitch__zwithin,1.525,1.22,-0.305,HipAlignmentPreHitch__zwithin,1.593,1.274,-0.319,maxTorsoExtensionPreHitch,-10.893,-5.804,5.089
Player 59,7288,Catch and Shoot,Right,4,maxElbowExtensionDominantPostHitch,4.804,14.937,10.133,HipAlignmentRelease__zwithin,1.529,1.224,-0.306,HipAlignmentPostHitch__zwithin,1.536,1.229,-0.307,ShoulderAlignmentPostHitch__zwithin,1.539,1.231,-0.308,maxKneeExtensionDominantHitch,-69.003,-69.083,-0.08
Player 59,7289,Catch and Shoot,Right,4,maxAnklePlantarflexionDomDiffPostHitch,-7.274,-5.82,1.455,HipAlignmentPostHitch__zwithin,1.513,1.21,-0.303,HipAlignmentPreHitch__zwithin,1.503,1.202,-0.301,HipAlignmentRelease__zwithin,1.494,1.195,-0.299,maxElbowExtensionDominantPostHitch,5.775,14.937,9.161
Player 59,7290,Catch and Shoot,Right,4,HipAlignmentRelease__zwithin,1.564,1.251,-0.313,maxElbowExtensionDominantPostHitch,3.428,14.937,11.508,HipAlignmentPreHitch__zwithin,1.55,1.24,-0.31,HipAlignmentPostHitch__zwithin,1.633,1.307,-0.327,maxAnklePlantarflexionDomDiffPostHitch,-8.642,-6.914,1.728
Player 59,7291,Catch and Shoot,Right,4,maxElbowExtensionDominantPostHitch,4.766,14.937,10.171,HipAlignmentRelease__zwithin,1.556,1.245,-0.311,ShoulderAlignmentPostHitch__zwithin,1.579,1.263,-0.316,HipAlignmentPostHitch__zwithin,1.581,1.264,-0.316,maxKneeExtensionDominantHitch,-68.967,-69.083,-0.116
Player 59,7292,Catch and Shoot,Right,4,maxElbowExtensionDominantPostHitch,3.113,14.937,11.823,HipAlignmentRelease__zwithin,1.525,1.22,-0.305,ShoulderAlignmentPostHitch__zwithin,1.63,1.304,-0.326,HipAlignmentPostHitch__zwithin,1.581,1.265,-0.316,maxTorsoExtensionPreHitch,-10.568,-5.804,4.764
Player 59,7293,Catch and Shoot,Right,4,HipAlignmentPostHitch__zwithin,1.613,1.291,-0.323,HipAlignmentPreHitch__zwithin,1.601,1.281,-0.32,maxElbowExtensionDominantPostHitch,1.724,13.724,12.0,HipAlignmentRelease__zwithin,1.574,1.259,-0.315,ShoulderAlignmentPostHitch__zwithin,1.609,1.287,-0.322
Player 59,7294,Catch and Shoot,Right,4,HipAlignmentRelease__zwithin,1.542,1.234,-0.308,maxElbowExtensionDominantPostHitch,3.225,14.937,11.712,HipAlignmentPostHitch__zwithin,1.513,1.211,-0.303,maxKneeExtensionDominantHitch,-70.903,-69.083,1.82,ShoulderAlignmentPostHitch__zwithin,1.593,1.274,-0.319
Player 59,7295,Catch and Shoot,Right,4,HipAlignmentPreHitch__zwithin,1.56,1.248,-0.312,HipAlignmentRelease__zwithin,1.533,1.227,-0.307,HipAlignmentPostHitch__zwithin,1.629,1.303,-0.326,maxElbowExtensionDominantPostHitch,2.737,14.737,12.0,ShoulderAlignmentPostHitch__zwithin,1.6,1.28,-0.32
Player 59,7296,Catch and Shoot,Right,4,maxElbowExtensionDominantPostHitch,1.448,13.448,12.0,ShoulderAlignmentPostHitch__zwithin,1.599,1.279,-0.32,HipAlignmentRelease__zwithin,1.57,1.256,-0.314,maxKneeExtensionDominantHitch,-68.69,-69.083,-0.394,HipAlignmentPostHitch__zwithin,1.578,1.263,-0.316
Player 59,7297,Off the Dribble,Right,3,BallVeloRelease,4.939,5.705,0.765,ankleTotalROMAvg,-14.425,-17.31,-2.885,TorsoVeloPostHitch,0.213,0.382,0.17,BallVeloRelease__zwithin,-1.632,-1.132,0.5,maxKneeFlexionDominantPreHitch,-44.937,-55.299,-10.362
Player 59,7298,Off the Dribble,Right,3,BallVeloRelease,4.836,5.705,0.868,ankleTotalROMAvg,-10.031,-12.037,-2.006,TorsoVeloPostHitch,0.175,0.382,0.207,BallVeloRelease__zwithin,-1.812,-1.312,0.5,maxKneeFlexionDominantPreHitch,-39.17,-51.17,-12.0
Player 59,7299,Off the Dribble,Right,3,BallVeloRelease,4.656,5.587,0.931,ankleTotalROMAvg,-11.909,-14.29,-2.382,TorsoVeloPostHitch,0.026,0.382,0.356,BallVeloRelease__zwithin,-2.129,-1.629,0.5,TorsoVeloRelease__zwithin,-1.252,-0.752,0.5
Player 59,7300,Off the Dribble,Right,3,BallVeloRelease,4.283,5.14,0.857,ankleTotalROMAvg,-13.74,-16.488,-2.748,TorsoVeloPostHitch,0.074,0.382,0.309,BallVeloRelease__zwithin,-2.78,-2.224,0.556,TorsoVeloRelease__zwithin,-1.835,-1.335,0.5
Player 59,7301,Off the Dribble,Right,3,BallVeloRelease,5.168,5.705,0.537,ankleTotalROMAvg,-15.558,-18.67,-3.112,TorsoVeloPostHitch,0.044,0.382,0.339,BallVeloRelease__zwithin,-1.232,-0.732,0.5,KneeTotalROMAvg,23.673,28.407,4.735
Player 59,7302,Off the Dribble,Right,3,BallVeloRelease,5.035,5.705,0.67,ankleTotalROMAvg,-16.659,-19.991,-3.332,TorsoVeloPostHitch,0.309,0.382,0.073,BallVeloRelease__zwithin,-1.465,-0.965,0.5,TorsoVeloRelease__zwithin,-1.002,-0.688,0.314
Player 59,7303,Off the Dribble,Right,3,BallVeloRelease,5.144,5.705,0.56,ankleTotalROMAvg,-11.769,-14.123,-2.354,TorsoVeloPostHitch,0.163,0.382,0.219,KneeTotalROMAvg,21.913,26.296,4.383,BallVeloRelease__zwithin,-1.273,-0.773,0.5
Player 59,7304,Off the Dribble,Right,3,BallVeloRelease,5.061,5.705,0.643,ankleTotalROMAvg,-12.608,-15.129,-2.522,TorsoVeloPostHitch,0.126,0.382,0.257,BallVeloRelease__zwithin,-1.419,-0.919,0.5,TorsoVeloRelease__zwithin,-1.88,-1.38,0.5
Player 59,7305,Off the Dribble,Right,3,BallVeloRelease,4.817,5.705,0.887,ankleTotalROMAvg,-11.949,-14.339,-2.39,TorsoVeloPostHitch,0.174,0.382,0.208,BallVeloRelease__zwithin,-1.845,-1.345,0.5,TorsoVeloRelease__zwithin,-1.256,-0.756,0.5
Player 59,7306,Off the Dribble,Right,3,BallVeloRelease,5.057,5.705,0.647,ankleTotalROMAvg,-13.491,-16.189,-2.698,TorsoVeloPostHitch,0.222,0.382,0.161,BallVeloRelease__zwithin,-1.426,-0.926,0.5,TorsoVeloRelease__zwithin,-1.525,-1.025,0.5
Player 59,7307,Off the Dribble,Right,3,BallVeloRelease,4.991,5.705,0.714,ankleTotalROMAvg,-11.457,-13.748,-2.291,TorsoVeloPostHitch,0.237,0.382,0.145,BallVeloRelease__zwithin,-1.542,-1.042,0.5,TorsoVeloRelease__zwithin,-1.363,-0.863,0.5
Player 59,7308,Off the Dribble,Right,3,BallVeloRelease,4.852,5.705,0.853,ankleTotalROMAvg,-13.271,-15.925,-2.654,TorsoVeloPostHitch,0.15,0.382,0.233,BallVeloRelease__zwithin,-1.786,-1.286,0.5,KneeTotalROMAvg,21.413,25.696,4.283
Player 59,7309,Off the Dribble,Right,3,BallVeloRelease,4.839,5.705,0.865,ankleTotalROMAvg,-10.729,-12.875,-2.146,TorsoVeloPostHitch,0.241,0.382,0.141,BallVeloRelease__zwithin,-1.807,-1.307,0.5,maxElbowExtensionDominantPostHitch,7.635,17.816,10.181
Player 59,7310,Off the Dribble,Right,4,ShoulderAlignmentRelease__zwithin,-2.453,-1.962,0.491,TorsoVeloRelease__zwithin,-2.637,-2.11,0.527,BallVeloRelease,5.264,5.705,0.441,BallVeloRelease__zwithin,-1.064,-0.564,0.5,ShoulderAlignmentPostHitch__zwithin,-2.274,-1.82,0.455
Player 59,7311,Off the Dribble,Right,3,BallVeloRelease,4.403,5.284,0.881,BallVeloPostHitch,0.056,0.556,0.5,TorsoVeloPostHitch,0.28,0.382,0.103,BallVeloRelease__zwithin,-2.57,-2.056,0.514,MaxStanceGapRelease__zwithin,-3.492,-2.793,0.698
Player 59,7312,Off the Dribble,Right,3,BallVeloRelease,4.381,5.258,0.876,BallVeloPostHitch,-0.35,0.15,0.5,TorsoVeloPostHitch,0.119,0.382,0.263,BallVeloRelease__zwithin,-2.608,-2.087,0.522,BallVeloPostHitch__zwithin,-3.618,-2.894,0.724
Player 59,7313,Off the Dribble,Right,3,BallVeloRelease,4.795,5.705,0.91,TorsoVeloPostHitch,0.343,0.382,0.039,BallVeloRelease__zwithin,-1.885,-1.385,0.5,TorsoVeloRelease__zwithin,-3.1,-2.48,0.62,timeToMaxElbowFlexionDominantPostHitch__zwithin,2.842,0.642,-2.2
Player 59,7314,Off the Dribble,Right,3,BallVeloRelease,5.156,5.705,0.549,BallVeloRelease__zwithin,-1.253,-0.753,0.5,TorsoVeloRelease__zwithin,-2.006,-1.506,0.5,maxShoulderFlexionDomDiffPostHitch__zwithin,-6.024,-0.441,5.583,timeToMaxTorsoFlexionPostHitch__zwithin,2.385,0.852,-1.533
Player 59,7316,Off the Dribble,Right,3,ElbowFlexionAtT0Dominant,58.353,70.353,12.0,BallVeloRelease,5.331,5.705,0.374,BallVeloRelease__zwithin,-0.947,-0.447,0.5,TorsoVeloRelease__zwithin,-1.847,-1.347,0.5,MaxStanceGapRelease__zwithin,-3.255,-2.604,0.651
Player 59,7317,Off the Dribble,Right,3,BallVeloRelease,4.937,5.705,0.768,BallVeloRelease__zwithin,-1.637,-1.137,0.5,TorsoVeloRelease__zwithin,-1.547,-1.047,0.5,ankleTotalROMAvg,-39.311,-44.633,-5.322,MaxStanceGapRelease,0.366,0.439,0.073
Player 59,7318,Off the Dribble,Right,3,BallVeloPostHitch,-0.234,0.266,0.5,ankleTotalROMAvg,-26.092,-31.31,-5.218,BallVeloRelease,5.388,5.705,0.316,maxHipExtensionNonDominantHitch__zwithin,-3.209,-0.64,2.569,TorsoVeloPostHitch,0.319,0.382,0.063
Player 59,7319,Off the Dribble,Right,3,BallVeloRelease,5.08,5.705,0.625,BallVeloPostHitch,-0.107,0.393,0.5,TorsoVeloPostHitch,0.181,0.382,0.202,BallVeloRelease__zwithin,-1.387,-0.887,0.5,BallVeloPostHitch__zwithin,-3.211,-2.569,0.642
Player 59,7320,Off the Dribble,Right,3,BallVeloRelease,5.12,5.705,0.585,BallVeloPostHitch,-0.079,0.421,0.5,TorsoVeloPostHitch,0.213,0.382,0.17,BallVeloRelease__zwithin,-1.316,-0.816,0.5,BallVeloPostHitch__zwithin,-3.165,-2.532,0.633
Player 59,7321,Off the Dribble,Right,3,BallVeloRelease,5.263,5.705,0.441,TorsoVeloRelease__zwithin,-1.947,-1.447,0.5,BallVeloRelease__zwithin,-1.065,-0.565,0.5,maxShoulderFlexionDomDiffPostHitch__zwithin,-3.886,-0.441,3.445,maxHipExtensionNonDominantHitch,33.028,28.033,-4.995
Player 59,7322,Off the Dribble,Right,3,BallVeloRelease,5.351,5.705,0.354,TorsoVeloRelease__zwithin,-3.177,-2.542,0.635,BallVeloRelease__zwithin,-0.912,-0.412,0.5,maxShoulderFlexionDomDiffPostHitch__zwithin,-3.657,-0.441,3.216,timeToMaxTorsoFlexionPostHitch__zwithin,2.877,0.852,-2.024
Player 59,7323,Off the Dribble,Right,3,BallVeloRelease,5.106,5.705,0.599,ElbowFlexionAtT0Dominant,64.968,76.968,12.0,BallVeloPostHitch,0.135,0.635,0.5,BallVeloRelease__zwithin,-1.341,-0.841,0.5,ankleTotalROMAvg,-39.155,-44.633,-5.478
Player 59,7325,Catch and Shoot,Right,3,BallVeloRelease,4.547,5.457,0.909,BallVeloRelease__zwithin,-2.318,-1.818,0.5,TorsoVeloRelease__zwithin,-3.415,-2.732,0.683,Max.Ball.Released..Away.from.body.,0.328,0.393,0.066,TorsoVeloPostHitch,0.574,0.771,0.197
Player 59,7326,Off the Dribble,Right,4,TorsoVeloRelease__zwithin,-2.002,-1.502,0.5,ElbowFlexionAtT0Dominant,68.293,80.293,12.0,maxShoulderFlexionDomDiffPostHitch__zwithin,-2.71,-0.441,2.27,TorsoTotalROMAvg__zwithin,2.633,2.107,-0.527,BallVeloRelease__zwithin,-0.397,-0.293,0.104
Player 59,7328,Off the Dribble,Right,3,BallVeloRelease,4.604,5.524,0.921,BallVeloRelease__zwithin,-2.22,-1.72,0.5,TorsoVeloRelease__zwithin,-4.445,-3.556,0.889,ankleTotalROMAvg,-30.908,-37.089,-6.182,timeToMaxElbowFlexionDominantHitch__zwithin,3.16,0.58,-2.58
